-- --------------------------------------------------------
-- Хост:                         127.0.0.1
-- Версия сервера:               5.5.37 - MySQL Community Server (GPL)
-- ОС Сервера:                   Win64
-- HeidiSQL Версия:              8.1.0.4545
-- --------------------------------------------------------

/*!40101 SET @OLD_CHARACTER_SET_CLIENT=@@CHARACTER_SET_CLIENT */;
/*!40101 SET NAMES utf8 */;
/*!40014 SET @OLD_FOREIGN_KEY_CHECKS=@@FOREIGN_KEY_CHECKS, FOREIGN_KEY_CHECKS=0 */;
/*!40101 SET @OLD_SQL_MODE=@@SQL_MODE, SQL_MODE='NO_AUTO_VALUE_ON_ZERO' */;

-- Дамп структуры базы данных ecom
CREATE DATABASE IF NOT EXISTS `ecom` /*!40100 DEFAULT CHARACTER SET utf8 */;
USE `ecom`;


-- Дамп структуры для таблица ecom.addresses
CREATE TABLE IF NOT EXISTS `addresses` (
  `id` int(11) NOT NULL AUTO_INCREMENT,
  `address_satate_id` int(11) DEFAULT NULL,
  `address` tinytext NOT NULL,
  `apartments` tinytext,
  `hierarhy_json` text,
  PRIMARY KEY (`id`),
  KEY `FK_12r1ipl31kcatuvxqv47g1kq8` (`address_satate_id`),
  CONSTRAINT `FK_address_address_state` FOREIGN KEY (`address_satate_id`) REFERENCES `address_states` (`id`)
) ENGINE=InnoDB AUTO_INCREMENT=25 DEFAULT CHARSET=utf8;

-- Дамп данных таблицы ecom.addresses: ~24 rows (приблизительно)
DELETE FROM `addresses`;
/*!40000 ALTER TABLE `addresses` DISABLE KEYS */;
INSERT INTO `addresses` (`id`, `address_satate_id`, `address`, `apartments`, `hierarhy_json`) VALUES
	(1, 1, 'ул. Ленина дом 123 кв 456', NULL, NULL),
	(2, 925, 'Россия, Киров, Московская улица, 189к1', NULL, '{"Country":{"AddressLine":"Киров, Московская улица, 189к1","CountryNameCode":"RU","CountryName":"Россия","AdministrativeArea":{"AdministrativeAreaName":"Кировская область","SubAdministrativeArea":{"SubAdministrativeAreaName":"городской округ Киров","Locality":{"LocalityName":"Киров","Thoroughfare":{"ThoroughfareName":"Московская улица","Premise":{"PremiseNumber":"189к1"}}}}}}}'),
	(3, 925, 'Россия, Киров, улица Андрея Упита, 9', '', '{"Country":{"AddressLine":"Киров, улица Андрея Упита, 9","CountryNameCode":"RU","CountryName":"Россия","AdministrativeArea":{"AdministrativeAreaName":"Кировская область","SubAdministrativeArea":{"SubAdministrativeAreaName":"городской округ Киров","Locality":{"LocalityName":"Киров","Thoroughfare":{"ThoroughfareName":"улица Андрея Упита","Premise":{"PremiseNumber":"9"}}}}}}}'),
	(4, 925, 'Россия, Киров, Московская улица, 189к1', '8989', '{"Country":{"AddressLine":"Киров, Московская улица, 189к1","CountryNameCode":"RU","CountryName":"Россия","AdministrativeArea":{"AdministrativeAreaName":"Кировская область","SubAdministrativeArea":{"SubAdministrativeAreaName":"городской округ Киров","Locality":{"LocalityName":"Киров","Thoroughfare":{"ThoroughfareName":"Московская улица","Premise":{"PremiseNumber":"189к1"}}}}}}}'),
	(5, 925, 'Россия, Киров, микрорайон Юго-Западный, проспект Строителей, 5к1', '22', '{"Country":{"AddressLine":"Киров, микрорайон Юго-Западный, проспект Строителей, 5к1","CountryNameCode":"RU","CountryName":"Россия","AdministrativeArea":{"AdministrativeAreaName":"Кировская область","SubAdministrativeArea":{"SubAdministrativeAreaName":"городской округ Киров","Locality":{"LocalityName":"Киров","DependentLocality":{"DependentLocalityName":"микрорайон Юго-Западный","Thoroughfare":{"ThoroughfareName":"проспект Строителей","Premise":{"PremiseNumber":"5к1"}}}}}}}}'),
	(6, 925, 'Россия, Киров, Московская улица, 160а', '22', '{"Country":{"AddressLine":"Киров, Московская улица, 160а","CountryNameCode":"RU","CountryName":"Россия","AdministrativeArea":{"AdministrativeAreaName":"Кировская область","SubAdministrativeArea":{"SubAdministrativeAreaName":"городской округ Киров","Locality":{"LocalityName":"Киров","Thoroughfare":{"ThoroughfareName":"Московская улица","Premise":{"PremiseNumber":"160а"}}}}}}}'),
	(7, 925, 'Россия, Киров, Московская улица, 156', '88', '{"Country":{"AddressLine":"Киров, Московская улица, 156","CountryNameCode":"RU","CountryName":"Россия","AdministrativeArea":{"AdministrativeAreaName":"Кировская область","SubAdministrativeArea":{"SubAdministrativeAreaName":"городской округ Киров","Locality":{"LocalityName":"Киров","Thoroughfare":{"ThoroughfareName":"Московская улица","Premise":{"PremiseNumber":"156"}}}}}}}'),
	(8, 925, 'Россия, Киров, Московская улица, 140/2', '77', '{"Country":{"AddressLine":"Киров, Московская улица, 140/2","CountryNameCode":"RU","CountryName":"Россия","AdministrativeArea":{"AdministrativeAreaName":"Кировская область","SubAdministrativeArea":{"SubAdministrativeAreaName":"городской округ Киров","Locality":{"LocalityName":"Киров","Thoroughfare":{"ThoroughfareName":"Московская улица","Premise":{"PremiseNumber":"140/2"}}}}}}}'),
	(9, 925, 'Россия, Киров, Московская улица, 181', '22', '{"Country":{"AddressLine":"Киров, Московская улица, 181","CountryNameCode":"RU","CountryName":"Россия","AdministrativeArea":{"AdministrativeAreaName":"Кировская область","SubAdministrativeArea":{"SubAdministrativeAreaName":"городской округ Киров","Locality":{"LocalityName":"Киров","Thoroughfare":{"ThoroughfareName":"Московская улица","Premise":{"PremiseNumber":"181"}}}}}}}'),
	(10, 925, 'Россия, Киров, Ленинский район, улица Воровского, 147', '89', '{"Country":{"AddressLine":"Киров, Ленинский район, улица Воровского, 147","CountryNameCode":"RU","CountryName":"Россия","AdministrativeArea":{"AdministrativeAreaName":"Кировская область","SubAdministrativeArea":{"SubAdministrativeAreaName":"городской округ Киров","Locality":{"LocalityName":"Киров","DependentLocality":{"DependentLocalityName":"Ленинский район","Thoroughfare":{"ThoroughfareName":"улица Воровского","Premise":{"PremiseNumber":"147"}}}}}}}}'),
	(11, 925, 'Россия, Киров, микрорайон Юго-Западный, проспект Строителей, 38', '99', '{"Country":{"AddressLine":"Киров, микрорайон Юго-Западный, проспект Строителей, 38","CountryNameCode":"RU","CountryName":"Россия","AdministrativeArea":{"AdministrativeAreaName":"Кировская область","SubAdministrativeArea":{"SubAdministrativeAreaName":"городской округ Киров","Locality":{"LocalityName":"Киров","DependentLocality":{"DependentLocalityName":"микрорайон Юго-Западный","Thoroughfare":{"ThoroughfareName":"проспект Строителей","Premise":{"PremiseNumber":"38"}}}}}}}}'),
	(12, 925, 'Россия, Киров, Московская улица, 156', '22', '{"Country":{"AddressLine":"Киров, Московская улица, 156","CountryNameCode":"RU","CountryName":"Россия","AdministrativeArea":{"AdministrativeAreaName":"Кировская область","SubAdministrativeArea":{"SubAdministrativeAreaName":"городской округ Киров","Locality":{"LocalityName":"Киров","Thoroughfare":{"ThoroughfareName":"Московская улица","Premise":{"PremiseNumber":"156"}}}}}}}'),
	(13, 925, 'Россия, Киров, Ульяновская улица, 12', '22', '{"Country":{"AddressLine":"Киров, Ульяновская улица, 12","CountryNameCode":"RU","CountryName":"Россия","AdministrativeArea":{"AdministrativeAreaName":"Кировская область","SubAdministrativeArea":{"SubAdministrativeAreaName":"городской округ Киров","Locality":{"LocalityName":"Киров","Thoroughfare":{"ThoroughfareName":"Ульяновская улица","Premise":{"PremiseNumber":"12"}}}}}}}'),
	(14, 925, 'Россия, Киров, Ульяновская улица, 6', '77', '{"Country":{"AddressLine":"Киров, Ульяновская улица, 6","CountryNameCode":"RU","CountryName":"Россия","AdministrativeArea":{"AdministrativeAreaName":"Кировская область","SubAdministrativeArea":{"SubAdministrativeAreaName":"городской округ Киров","Locality":{"LocalityName":"Киров","Thoroughfare":{"ThoroughfareName":"Ульяновская улица","Premise":{"PremiseNumber":"6"}}}}}}}'),
	(15, 925, 'Россия, Киров, Московская улица, 189к1', '', '{"Country":{"AddressLine":"Киров, Московская улица, 189к1","CountryNameCode":"RU","CountryName":"Россия","AdministrativeArea":{"AdministrativeAreaName":"Кировская область","SubAdministrativeArea":{"SubAdministrativeAreaName":"городской округ Киров","Locality":{"LocalityName":"Киров","Thoroughfare":{"ThoroughfareName":"Московская улица","Premise":{"PremiseNumber":"189к1"}}}}}}}'),
	(16, 925, 'Россия, Киров, Ленинский район, улица Воровского, 137б', '13', '{"Country":{"AddressLine":"Киров, Ленинский район, улица Воровского, 137б","CountryNameCode":"RU","CountryName":"Россия","AdministrativeArea":{"AdministrativeAreaName":"Кировская область","SubAdministrativeArea":{"SubAdministrativeAreaName":"городской округ Киров","Locality":{"LocalityName":"Киров","DependentLocality":{"DependentLocalityName":"Ленинский район","Thoroughfare":{"ThoroughfareName":"улица Воровского","Premise":{"PremiseNumber":"137б"}}}}}}}}'),
	(17, 925, 'Россия, Киров, Московская улица, 181', '89', '{"Country":{"AddressLine":"Киров, Московская улица, 181","CountryNameCode":"RU","CountryName":"Россия","AdministrativeArea":{"AdministrativeAreaName":"Кировская область","SubAdministrativeArea":{"SubAdministrativeAreaName":"городской округ Киров","Locality":{"LocalityName":"Киров","Thoroughfare":{"ThoroughfareName":"Московская улица","Premise":{"PremiseNumber":"181"}}}}}}}'),
	(18, 925, 'Россия, Киров, Московская улица, 189к1', '22', '{"Country":{"AddressLine":"Киров, Московская улица, 189к1","CountryNameCode":"RU","CountryName":"Россия","AdministrativeArea":{"AdministrativeAreaName":"Кировская область","SubAdministrativeArea":{"SubAdministrativeAreaName":"городской округ Киров","Locality":{"LocalityName":"Киров","Thoroughfare":{"ThoroughfareName":"Московская улица","Premise":{"PremiseNumber":"189к1"}}}}}}}'),
	(19, 925, 'Россия, Киров, улица Андрея Упита, 9', '13', '{"Country":{"AddressLine":"Киров, улица Андрея Упита, 9","CountryNameCode":"RU","CountryName":"Россия","AdministrativeArea":{"AdministrativeAreaName":"Кировская область","SubAdministrativeArea":{"SubAdministrativeAreaName":"городской округ Киров","Locality":{"LocalityName":"Киров","Thoroughfare":{"ThoroughfareName":"улица Андрея Упита","Premise":{"PremiseNumber":"9"}}}}}}}'),
	(20, 925, 'Россия, Киров, микрорайон Юго-Западный, проспект Строителей, 26', '89', '{"Country":{"AddressLine":"Киров, микрорайон Юго-Западный, проспект Строителей, 26","CountryNameCode":"RU","CountryName":"Россия","AdministrativeArea":{"AdministrativeAreaName":"Кировская область","SubAdministrativeArea":{"SubAdministrativeAreaName":"городской округ Киров","Locality":{"LocalityName":"Киров","DependentLocality":{"DependentLocalityName":"микрорайон Юго-Западный","Thoroughfare":{"ThoroughfareName":"проспект Строителей","Premise":{"PremiseNumber":"26"}}}}}}}}'),
	(21, 925, 'Россия, Киров, Московская улица, 189к1', '77', '{"Country":{"AddressLine":"Киров, Московская улица, 189к1","CountryNameCode":"RU","CountryName":"Россия","AdministrativeArea":{"AdministrativeAreaName":"Кировская область","SubAdministrativeArea":{"SubAdministrativeAreaName":"городской округ Киров","Locality":{"LocalityName":"Киров","Thoroughfare":{"ThoroughfareName":"Московская улица","Premise":{"PremiseNumber":"189к1"}}}}}}}'),
	(22, 925, 'Россия, Киров, Московская улица, 156', '89', '{"Country":{"AddressLine":"Киров, Московская улица, 156","CountryNameCode":"RU","CountryName":"Россия","AdministrativeArea":{"AdministrativeAreaName":"Кировская область","SubAdministrativeArea":{"SubAdministrativeAreaName":"городской округ Киров","Locality":{"LocalityName":"Киров","Thoroughfare":{"ThoroughfareName":"Московская улица","Premise":{"PremiseNumber":"156"}}}}}}}'),
	(23, 925, 'Россия, Киров, Московская улица, 140', '13', '{"Country":{"AddressLine":"Киров, Московская улица, 140","CountryNameCode":"RU","CountryName":"Россия","AdministrativeArea":{"AdministrativeAreaName":"Кировская область","SubAdministrativeArea":{"SubAdministrativeAreaName":"городской округ Киров","Locality":{"LocalityName":"Киров","Thoroughfare":{"ThoroughfareName":"Московская улица","Premise":{"PremiseNumber":"140"}}}}}}}'),
	(24, 925, 'Россия, Киров, Ульяновская улица, 14', '', '{"Country":{"AddressLine":"Киров, Ульяновская улица, 14","CountryNameCode":"RU","CountryName":"Россия","AdministrativeArea":{"AdministrativeAreaName":"Кировская область","SubAdministrativeArea":{"SubAdministrativeAreaName":"городской округ Киров","Locality":{"LocalityName":"Киров","Thoroughfare":{"ThoroughfareName":"Ульяновская улица","Premise":{"PremiseNumber":"14"}}}}}}}');
/*!40000 ALTER TABLE `addresses` ENABLE KEYS */;


-- Дамп структуры для таблица ecom.address_countries
CREATE TABLE IF NOT EXISTS `address_countries` (
  `id` int(11) NOT NULL AUTO_INCREMENT,
  `short_name` tinytext,
  `name` tinytext NOT NULL,
  PRIMARY KEY (`id`)
) ENGINE=InnoDB AUTO_INCREMENT=107 DEFAULT CHARSET=utf8;

-- Дамп данных таблицы ecom.address_countries: ~106 rows (приблизительно)
DELETE FROM `address_countries`;
/*!40000 ALTER TABLE `address_countries` DISABLE KEYS */;
INSERT INTO `address_countries` (`id`, `short_name`, `name`) VALUES
	(1, 'RU', 'Россия'),
	(2, NULL, 'Австралия'),
	(3, NULL, 'Австрия'),
	(4, NULL, 'Азербайджан'),
	(5, NULL, 'Ангуилья'),
	(6, NULL, 'Аргентина'),
	(7, NULL, 'Армения'),
	(8, NULL, 'Арулько'),
	(9, NULL, 'Беларусь'),
	(10, NULL, 'Белиз'),
	(11, NULL, 'Бельгия'),
	(12, NULL, 'Бермуды'),
	(13, NULL, 'Болгария'),
	(14, NULL, 'Бразилия'),
	(15, NULL, 'Великобритания'),
	(16, NULL, 'Венгрия'),
	(17, NULL, 'Вьетнам'),
	(18, NULL, 'Гаити'),
	(19, NULL, 'Гваделупа'),
	(20, NULL, 'Германия'),
	(21, NULL, 'Голландия'),
	(22, NULL, 'Гондурас'),
	(23, NULL, 'Гонконг'),
	(24, NULL, 'Греция'),
	(25, NULL, 'Грузия'),
	(26, NULL, 'Дания'),
	(27, NULL, 'Доминиканская республика'),
	(28, NULL, 'Египет'),
	(29, NULL, 'Израиль'),
	(30, NULL, 'Индия'),
	(31, NULL, 'Индонезия'),
	(32, NULL, 'Иордания'),
	(33, NULL, 'Ирак'),
	(34, NULL, 'Иран'),
	(35, NULL, 'Ирландия'),
	(36, NULL, 'Испания'),
	(37, NULL, 'Италия'),
	(38, NULL, 'Казахстан'),
	(39, NULL, 'Камерун'),
	(40, NULL, 'Канада'),
	(41, NULL, 'Карибы'),
	(42, NULL, 'Кипр'),
	(43, NULL, 'Киргызстан'),
	(44, NULL, 'Китай'),
	(45, NULL, 'Корея'),
	(46, NULL, 'Коста-Рика'),
	(47, NULL, 'Куба'),
	(48, NULL, 'Кувейт'),
	(49, NULL, 'Латвия'),
	(50, NULL, 'Ливан'),
	(51, NULL, 'Ливан'),
	(52, NULL, 'Ливия'),
	(53, NULL, 'Литва'),
	(54, NULL, 'Люксембург'),
	(55, NULL, 'Македония'),
	(56, NULL, 'Малайзия'),
	(57, NULL, 'Мальта'),
	(58, NULL, 'Мексика'),
	(59, NULL, 'Мозамбик'),
	(60, NULL, 'Молдова'),
	(61, NULL, 'Монако'),
	(62, NULL, 'Монголия'),
	(63, NULL, 'Морокко'),
	(64, NULL, 'Нидерланды'),
	(65, NULL, 'Новая Зеландия'),
	(66, NULL, 'Норвегия'),
	(67, NULL, 'О.А.Э.'),
	(68, NULL, 'Остров Мэн'),
	(69, NULL, 'Пакистан'),
	(70, NULL, 'Перу'),
	(71, NULL, 'Польша'),
	(72, NULL, 'Португалия'),
	(73, NULL, 'Реюньон'),
	(74, NULL, 'Румыния'),
	(75, NULL, 'США'),
	(76, NULL, 'Сальвадор'),
	(77, NULL, 'Сингапур'),
	(78, NULL, 'Сирия'),
	(79, NULL, 'Словакия'),
	(80, NULL, 'Словения'),
	(81, NULL, 'Суринам'),
	(82, NULL, 'Таджикистан'),
	(83, NULL, 'Тайвань'),
	(84, NULL, 'Тайланд'),
	(85, NULL, 'Тунис'),
	(86, NULL, 'Туркменистан'),
	(87, NULL, 'Туркмения'),
	(88, NULL, 'Туркс и Кейкос'),
	(89, NULL, 'Турция'),
	(90, NULL, 'Уганда'),
	(91, NULL, 'Узбекистан'),
	(92, NULL, 'Украина'),
	(93, NULL, 'Финляндия'),
	(94, NULL, 'Франция'),
	(95, NULL, 'Хорватия'),
	(96, NULL, 'Чехия'),
	(97, NULL, 'Чили'),
	(98, NULL, 'Швейцария'),
	(99, NULL, 'Швеция'),
	(100, NULL, 'Эквадор'),
	(101, NULL, 'Эстония'),
	(102, NULL, 'ЮАР'),
	(103, NULL, 'Югославия'),
	(104, NULL, 'Южная Корея'),
	(105, NULL, 'Ямайка'),
	(106, NULL, 'Япония');
/*!40000 ALTER TABLE `address_countries` ENABLE KEYS */;


-- Дамп структуры для таблица ecom.address_states
CREATE TABLE IF NOT EXISTS `address_states` (
  `id` int(11) NOT NULL AUTO_INCREMENT,
  `address_country_id` int(11) NOT NULL,
  `name` tinytext NOT NULL,
  PRIMARY KEY (`id`),
  KEY `FK_1ge13gdwxf5boctxgpnjgpl62` (`address_country_id`),
  CONSTRAINT `FK_address_state_address_country` FOREIGN KEY (`address_country_id`) REFERENCES `address_countries` (`id`)
) ENGINE=InnoDB AUTO_INCREMENT=926 DEFAULT CHARSET=utf8;

-- Дамп данных таблицы ecom.address_states: ~1 092 rows (приблизительно)
DELETE FROM `address_states`;
/*!40000 ALTER TABLE `address_states` DISABLE KEYS */;
INSERT INTO `address_states` (`id`, `address_country_id`, `name`) VALUES
	(1, 1, 'Москва и Московская обл.'),
	(2, 1, 'Санкт-Петербург и область'),
	(3, 1, 'Адыгея'),
	(4, 1, 'Алтайский край'),
	(5, 1, 'Амурская обл.'),
	(6, 1, 'Архангельская обл.'),
	(7, 1, 'Астраханская обл.'),
	(8, 1, 'Башкортостан(Башкирия)'),
	(9, 1, 'Белгородская обл.'),
	(10, 1, 'Брянская обл.'),
	(11, 1, 'Бурятия'),
	(12, 1, 'Владимирская обл.'),
	(13, 1, 'Волгоградская обл.'),
	(14, 1, 'Вологодская обл.'),
	(15, 1, 'Воронежская обл.'),
	(16, 1, 'Дагестан'),
	(17, 1, 'Еврейская обл.'),
	(18, 1, 'Ивановская обл.'),
	(19, 1, 'Иркутская обл.'),
	(20, 1, 'Кабардино-Балкария'),
	(21, 1, 'Калининградская обл.'),
	(22, 1, 'Калмыкия'),
	(23, 1, 'Калужская обл.'),
	(24, 1, 'Камчатская обл.'),
	(25, 1, 'Карелия'),
	(26, 1, 'Кемеровская обл.'),
	(27, 1, 'Кировская обл.'),
	(28, 1, 'Коми'),
	(29, 1, 'Костромская обл.'),
	(30, 1, 'Краснодарский край'),
	(31, 1, 'Красноярский край'),
	(32, 1, 'Курганская обл.'),
	(33, 1, 'Курская обл.'),
	(34, 1, 'Липецкая обл.'),
	(35, 1, 'Магаданская обл.'),
	(36, 1, 'Марий Эл'),
	(37, 1, 'Мордовия'),
	(38, 1, 'Мурманская обл.'),
	(39, 1, 'Нижегородская (Горьковская)'),
	(40, 1, 'Новгородская обл.'),
	(41, 1, 'Новосибирская обл.'),
	(42, 1, 'Омская обл.'),
	(43, 1, 'Оренбургская обл.'),
	(44, 1, 'Орловская обл.'),
	(45, 1, 'Пензенская обл.'),
	(46, 1, 'Пермская обл.'),
	(47, 1, 'Приморский край'),
	(48, 1, 'Псковская обл.'),
	(49, 1, 'Ростовская обл.'),
	(50, 1, 'Рязанская обл.'),
	(51, 1, 'Самарская обл.'),
	(52, 1, 'Саратовская обл.'),
	(53, 1, 'Саха (Якутия)'),
	(54, 1, 'Сахалин'),
	(55, 1, 'Свердловская обл.'),
	(56, 1, 'Северная Осетия'),
	(57, 1, 'Смоленская обл.'),
	(58, 1, 'Ставропольский край'),
	(59, 1, 'Тамбовская обл.'),
	(60, 1, 'Татарстан'),
	(61, 1, 'Тверская обл.'),
	(62, 1, 'Томская обл.'),
	(63, 1, 'Тува (Тувинская Респ.)'),
	(64, 1, 'Тульская обл.'),
	(65, 1, 'Тюменская обл.'),
	(66, 1, 'Удмуртия'),
	(67, 1, 'Ульяновская обл.'),
	(68, 1, 'Уральская обл.'),
	(69, 1, 'Хабаровский край'),
	(70, 1, 'Хакасия'),
	(71, 1, 'Ханты-Мансийский АО'),
	(72, 1, 'Челябинская обл.'),
	(73, 1, 'Чечено-Ингушетия'),
	(74, 1, 'Читинская обл.'),
	(75, 1, 'Чувашия'),
	(76, 1, 'Чукотский АО'),
	(77, 1, 'Ямало-Ненецкий АО'),
	(78, 1, 'Ярославская обл.'),
	(79, 2, 'Виктория'),
	(80, 2, 'Западная Австралия'),
	(81, 2, 'Кинсленд'),
	(82, 2, 'Новый Южный Уэльс'),
	(83, 2, 'Северная Территория'),
	(84, 2, 'Тасмания'),
	(85, 2, 'Территория Федеральной столицы'),
	(86, 2, 'Южная Австралия'),
	(87, 3, 'Австрия'),
	(88, 3, 'Вена'),
	(89, 3, 'Верхняя Австрия'),
	(90, 3, 'Зальцбург'),
	(91, 3, 'Каринтия'),
	(92, 3, 'Нижняя Австрия'),
	(93, 3, 'Штирия'),
	(94, 4, 'Азербайджан'),
	(95, 4, 'Нагорный Карабах'),
	(96, 4, 'Нахичеванская обл.'),
	(97, 5, 'Anguilla'),
	(98, 6, 'Буэнос-Айрес'),
	(99, 6, 'Жужуй'),
	(100, 6, 'Катамарка'),
	(101, 6, 'Кордоба'),
	(102, 6, 'Корриентес'),
	(103, 6, 'Ла-Пампа'),
	(104, 6, 'Ла-Риоха'),
	(105, 6, 'Мендоса'),
	(106, 6, 'Мисьонес'),
	(107, 6, 'Неукен'),
	(108, 6, 'Сальта'),
	(109, 6, 'Сан-Луис'),
	(110, 6, 'Сан-Хуан'),
	(111, 6, 'Санта-Крус'),
	(112, 6, 'Санта-Фе'),
	(113, 6, 'Сантьяго-дель-Эстеро'),
	(114, 6, 'Тукуман'),
	(115, 6, 'Формоса'),
	(116, 6, 'Чако'),
	(117, 6, 'Чубут'),
	(118, 6, 'Энтре-Риос'),
	(119, 7, 'Армения'),
	(120, 7, 'Ереванская область'),
	(121, 8, 'Арулько'),
	(122, 9, 'Брестская обл.'),
	(123, 9, 'Витебская обл.'),
	(124, 9, 'Гомельская обл.'),
	(125, 9, 'Гродненская обл.'),
	(126, 9, 'Минская обл.'),
	(127, 9, 'Могилевская обл.'),
	(128, 10, 'Belize'),
	(129, 11, 'Антверпен'),
	(130, 11, 'Бельгия'),
	(131, 11, 'Брюссель'),
	(132, 11, 'Восточная Фландрия'),
	(133, 11, 'Западная Фландрия'),
	(134, 11, 'Лимбург'),
	(135, 11, 'Льеж'),
	(136, 11, 'Эно'),
	(137, 12, 'Hamilton'),
	(138, 13, 'Болгария'),
	(139, 13, 'Бургас'),
	(140, 13, 'Варна'),
	(141, 13, 'Великотырново'),
	(142, 13, 'Видин'),
	(143, 13, 'Габрово'),
	(144, 13, 'Пазарджик'),
	(145, 13, 'Перник'),
	(146, 13, 'Плевен'),
	(147, 13, 'Пловдив'),
	(148, 13, 'Русе'),
	(149, 13, 'Силистра'),
	(150, 13, 'Сливен'),
	(151, 13, 'София град'),
	(152, 13, 'Стара Загора'),
	(153, 13, 'Хасково'),
	(154, 13, 'Шумен'),
	(155, 13, 'Ямбол'),
	(156, 14, 'Акри'),
	(157, 14, 'Алагоас'),
	(158, 14, 'Амазонас'),
	(159, 14, 'Амапа'),
	(160, 14, 'Баия'),
	(161, 14, 'Гояс'),
	(162, 14, 'Мараньян'),
	(163, 14, 'Мату-Гросу'),
	(164, 14, 'Мату-Гросу-ду-Сул'),
	(165, 14, 'Минас-Жерайс'),
	(166, 14, 'Пара'),
	(167, 14, 'Параиба'),
	(168, 14, 'Парана'),
	(169, 14, 'Пернамбуку'),
	(170, 14, 'Пиауи'),
	(171, 14, 'Рио-де-Жанейро'),
	(172, 14, 'Риу-Гранди-ду-Норти'),
	(173, 14, 'Риу-Гранди-ду-Сул'),
	(174, 14, 'Рондония'),
	(175, 14, 'Сан-Паулу'),
	(176, 14, 'Санта-Катарина'),
	(177, 14, 'Сеара'),
	(178, 14, 'Сержипи'),
	(179, 14, 'Федеральный округ'),
	(180, 14, 'Эспириту-Санту'),
	(181, 15, 'Англия'),
	(182, 15, 'Великобритания'),
	(183, 15, 'Северная Ирландия'),
	(184, 15, 'Уэльс'),
	(185, 15, 'Шотландия'),
	(186, 16, 'Jasz-Nagykun-Szolnok'),
	(187, 16, 'Баранья'),
	(188, 16, 'Бач-Кишкун'),
	(189, 16, 'Бекеш'),
	(190, 16, 'Боршод-Абауй-Земплен'),
	(191, 16, 'Будапешт'),
	(192, 16, 'Ваш'),
	(193, 16, 'Веспрем'),
	(194, 16, 'Дьёр-Шопрон'),
	(195, 16, 'Зала'),
	(196, 16, 'Комаром'),
	(197, 16, 'Ноград'),
	(198, 16, 'Пешт'),
	(199, 16, 'Сабольч-Сатмар'),
	(200, 16, 'Фейер'),
	(201, 16, 'Хайду-Бихар'),
	(202, 16, 'Хевеш'),
	(203, 16, 'Чонград'),
	(204, 17, 'Dong Bang Song Cuu Long'),
	(205, 17, 'Dong Bang Song Hong'),
	(206, 17, 'Dong Nam'),
	(207, 17, 'Duyen Hai Mien Trung'),
	(208, 17, 'Khu Bon'),
	(209, 17, 'Mien Nui Va Trung'),
	(210, 17, 'Thai Nguyen'),
	(211, 18, 'Artibonite'),
	(212, 18, 'Grand`Anse'),
	(213, 18, 'Nord-Ouest'),
	(214, 18, 'Ouest'),
	(215, 18, 'Sud'),
	(216, 18, 'Sud-Est'),
	(217, 19, 'Grande-Terre'),
	(218, 19, 'Бас-Тер'),
	(219, 20, 'Berlin'),
	(220, 20, 'Brandenburg'),
	(221, 20, 'Mecklenburg-Vorpommern'),
	(222, 20, 'Sachsen'),
	(223, 20, 'Sachsen-Anhalt'),
	(224, 20, 'Thuringen'),
	(225, 20, 'Бавария'),
	(226, 20, 'Баден-Вюртемберг'),
	(227, 20, 'Бремен'),
	(228, 20, 'Гамбург'),
	(229, 20, 'Германия'),
	(230, 20, 'Гессен'),
	(231, 20, 'Нижняя Саксония'),
	(232, 20, 'Рейнланд-Пфальц'),
	(233, 20, 'Саарлэнд'),
	(234, 20, 'Саарская область'),
	(235, 20, 'Северный Рейн-Вестфалия'),
	(236, 20, 'Шлезвиг-Гольштейн'),
	(237, 21, 'Гелдерланд'),
	(238, 21, 'Гронинген'),
	(239, 21, 'Дренте'),
	(240, 21, 'Лимбург'),
	(241, 21, 'Оверэйсел'),
	(242, 21, 'Северная Голландия'),
	(243, 21, 'Северный Брабант'),
	(244, 21, 'Утрехт'),
	(245, 21, 'Фрисландия'),
	(246, 21, 'Южная Голландия'),
	(247, 22, 'Тегусигальпа'),
	(248, 23, 'Гонконг'),
	(249, 24, 'Ahaia'),
	(250, 24, 'Attiki'),
	(251, 24, 'Drama'),
	(252, 24, 'Evros'),
	(253, 24, 'Hania'),
	(254, 24, 'Ioannina'),
	(255, 24, 'Iraklion'),
	(256, 24, 'Kavala'),
	(257, 24, 'Magnisia'),
	(258, 24, 'Thessaloniki'),
	(259, 24, 'Корфу'),
	(260, 25, 'Абхазия'),
	(261, 25, 'Аджария'),
	(262, 25, 'Грузия'),
	(263, 25, 'Южная Осетия'),
	(264, 26, 'Baйле'),
	(265, 26, 'Ceверная Ютландия'),
	(266, 26, 'Opxyс'),
	(267, 26, 'Pocкилле'),
	(268, 26, 'Pибе'),
	(269, 26, 'Копенгаген'),
	(270, 26, 'Фюн'),
	(271, 26, 'Хельсингор'),
	(272, 27, 'Санто-доминго'),
	(273, 28, 'Аль-Кахира'),
	(274, 28, 'Асуан'),
	(275, 28, 'Асьют'),
	(276, 28, 'Бени-Суэйф'),
	(277, 28, 'Гарбия'),
	(278, 28, 'Думьят'),
	(279, 28, 'Египет'),
	(280, 28, 'Синай'),
	(281, 29, 'Иерусалим'),
	(282, 29, 'Тель-Авив'),
	(283, 29, 'Хадаром'),
	(284, 29, 'Хамеркац'),
	(285, 29, 'Хацафон'),
	(286, 29, 'Хефа'),
	(287, 30, 'Bangla'),
	(288, 30, 'Chhattisgarh'),
	(289, 30, 'Karnataka'),
	(290, 30, 'Uttaranchal'),
	(291, 30, 'Андхра-Прадеш'),
	(292, 30, 'Ассам'),
	(293, 30, 'Бихар'),
	(294, 30, 'Гуджарат'),
	(295, 30, 'Джамму и Кашмир'),
	(296, 30, 'Индия'),
	(297, 30, 'Керала'),
	(298, 30, 'Мадхья-Прадеш'),
	(299, 30, 'Манипур'),
	(300, 30, 'Махараштра'),
	(301, 30, 'Мегхалая'),
	(302, 30, 'Орисса'),
	(303, 30, 'Пенджаб'),
	(304, 30, 'Пондишери'),
	(305, 30, 'Раджастхан'),
	(306, 30, 'Тамилнад'),
	(307, 30, 'Трипура'),
	(308, 30, 'Уттар-Прадеш'),
	(309, 30, 'Харьяна'),
	(310, 30, 'Чандигарх'),
	(311, 31, 'Индонезия'),
	(312, 32, 'Иордания'),
	(313, 33, 'Багдад'),
	(314, 33, 'Басра'),
	(315, 33, 'Мосул'),
	(316, 34, 'Azarbayjan-e Khavari'),
	(317, 34, 'Esfahan'),
	(318, 34, 'Hamadan'),
	(319, 34, 'Kordestan'),
	(320, 34, 'Markazi'),
	(321, 34, 'Sistan-e Baluches'),
	(322, 34, 'Yazd'),
	(323, 34, 'Керман'),
	(324, 34, 'Керманшахан'),
	(325, 34, 'Мазендеран'),
	(326, 34, 'Тегеран'),
	(327, 34, 'Фарс'),
	(328, 34, 'Хорасан'),
	(329, 34, 'Хузистан'),
	(330, 35, 'Cork'),
	(331, 35, 'Dublin'),
	(332, 35, 'Limerick'),
	(333, 35, 'Waterford'),
	(334, 36, 'Cantabria'),
	(335, 36, 'Ceuta'),
	(336, 36, 'Gerona'),
	(337, 36, 'Granada'),
	(338, 36, 'La Rioja'),
	(339, 36, 'Salamanca'),
	(340, 36, 'Алава'),
	(341, 36, 'Аликанте'),
	(342, 36, 'Альбасете'),
	(343, 36, 'Альмерия'),
	(344, 36, 'Астурия'),
	(345, 36, 'Барселона'),
	(346, 36, 'Бискайя'),
	(347, 36, 'Бургос'),
	(348, 36, 'Валенсия'),
	(349, 36, 'Валья­долид'),
	(350, 36, 'Испания'),
	(351, 36, 'Кадис'),
	(352, 36, 'Касерес'),
	(353, 36, 'Кордова'),
	(354, 36, 'Лас-Пальмас'),
	(355, 36, 'Леон'),
	(356, 36, 'Лерида'),
	(357, 36, 'Луго'),
	(358, 36, 'Мадрид'),
	(359, 36, 'Малага'),
	(360, 36, 'Мурсия'),
	(361, 36, 'Острова Балеарские'),
	(362, 36, 'Паленсия'),
	(363, 36, 'Самора'),
	(364, 36, 'Санта-Крус-де-Тенерифе'),
	(365, 36, 'Сарагоса'),
	(366, 36, 'Севилья'),
	(367, 36, 'Сьюдад-Реаль'),
	(368, 36, 'Хаэн'),
	(369, 37, 'Абруцци'),
	(370, 37, 'Апулия'),
	(371, 37, 'Венеция'),
	(372, 37, 'Италия'),
	(373, 37, 'Калабрия'),
	(374, 37, 'Кампания'),
	(375, 37, 'Лацио'),
	(376, 37, 'Лигурия'),
	(377, 37, 'Ломбардия'),
	(378, 37, 'Марке'),
	(379, 37, 'О. Сардиния'),
	(380, 37, 'О. Сицилия'),
	(381, 37, 'Пьемонт'),
	(382, 37, 'Тоскана'),
	(383, 37, 'Трентино-Альто-Адидже'),
	(384, 37, 'Умбрия'),
	(385, 37, 'Фриули-Венеция-Джулия'),
	(386, 37, 'Эмилия-Романья'),
	(387, 37, 'о. Сан-Джорджо Маджоре'),
	(388, 38, 'Акмолинская обл.'),
	(389, 38, 'Актюбинская обл.'),
	(390, 38, 'Алма-Атинская обл.'),
	(391, 38, 'Восточно-Казахстанская обл.'),
	(392, 38, 'Гурьевская обл.'),
	(393, 38, 'Джамбулская обл.'),
	(394, 38, 'Джезказганская обл.'),
	(395, 38, 'Западно-Казахстанская обл.'),
	(396, 38, 'Казахстан'),
	(397, 38, 'Карагандинская обл.'),
	(398, 38, 'Кзыл-Ординская обл.'),
	(399, 38, 'Кокчетавская обл.'),
	(400, 38, 'Кустанайская обл.'),
	(401, 38, 'Мангышлакская обл.'),
	(402, 38, 'Павлодарская обл.'),
	(403, 38, 'Северо-Казахстанская обл.'),
	(404, 38, 'Семипалатинская обл.'),
	(405, 38, 'Талды-Курганская обл.'),
	(406, 38, 'Тургайская обл.'),
	(407, 38, 'Целиноградская обл.'),
	(408, 38, 'Чимкентская обл.'),
	(409, 39, 'Littoral'),
	(410, 39, 'Sudouest'),
	(411, 39, 'Северная'),
	(412, 39, 'Центральная'),
	(413, 40, 'Альберта'),
	(414, 40, 'Британская Колумбия'),
	(415, 40, 'Квебек'),
	(416, 40, 'Манитоба'),
	(417, 40, 'Новая Шотландия'),
	(418, 40, 'Нью-Брунсвик'),
	(419, 40, 'Ньюфаундленд'),
	(420, 40, 'Онтарио'),
	(421, 40, 'Принц Эдуард'),
	(422, 40, 'Саскачеван'),
	(423, 41, 'Багамы'),
	(424, 42, 'Government controlled area'),
	(425, 42, 'Turkish controlled area'),
	(426, 43, 'Иссык-Кульская обл.'),
	(427, 43, 'Кыргызстан'),
	(428, 43, 'Нарынская обл.'),
	(429, 43, 'Ошская обл.'),
	(430, 43, 'Таласская обл.'),
	(431, 44, 'Xinjiang'),
	(432, 44, 'Внутренняя Монголия'),
	(433, 44, 'Ганьсу'),
	(434, 44, 'Гуандон'),
	(435, 44, 'Гуанси'),
	(436, 44, 'Ляонин'),
	(437, 44, 'Пекин'),
	(438, 44, 'Сычуань'),
	(439, 44, 'Фуцзянь'),
	(440, 44, 'Хубэй'),
	(441, 44, 'Хунань'),
	(442, 44, 'Хэбэй'),
	(443, 44, 'Хэйлунцзян'),
	(444, 44, 'Хэнань'),
	(445, 44, 'Цзилинь'),
	(446, 44, 'Цзянси'),
	(447, 44, 'Цзянсу'),
	(448, 44, 'Чжэцзян'),
	(449, 44, 'Шанхай'),
	(450, 44, 'Шаньдун'),
	(451, 44, 'Шаньси'),
	(452, 45, 'Korea'),
	(453, 45, 'Южная Корея'),
	(454, 46, 'Alajuela'),
	(455, 46, 'Guanacaste'),
	(456, 46, 'Heredia'),
	(457, 46, 'Limon'),
	(458, 46, 'Puntarenas'),
	(459, 46, 'San Jose'),
	(460, 47, 'Гавана'),
	(461, 48, 'al-Jahra'),
	(462, 48, 'al-Kuwayt'),
	(463, 49, 'Латвия'),
	(464, 50, 'Бейрут'),
	(465, 51, 'Бейрут'),
	(466, 50, 'Бейрут'),
	(467, 51, 'Бейрут'),
	(468, 52, 'Tarabulus'),
	(469, 52, 'Бенгази'),
	(470, 53, 'Литва'),
	(471, 54, 'Люксембург'),
	(472, 55, 'Скопье'),
	(473, 56, 'Малайзия'),
	(474, 57, 'Мальта'),
	(475, 58, 'Агуаскальентес'),
	(476, 58, 'Веракрус'),
	(477, 58, 'Герреро'),
	(478, 58, 'Гуанахуато'),
	(479, 58, 'Дуранго'),
	(480, 58, 'Идальго'),
	(481, 58, 'Кампече'),
	(482, 58, 'Керетаро'),
	(483, 58, 'Керетаро'),
	(484, 58, 'Коауила'),
	(485, 58, 'Колима'),
	(486, 58, 'Мехико'),
	(487, 58, 'Мичоакан'),
	(488, 58, 'Морелос'),
	(489, 58, 'Наярит'),
	(490, 58, 'Нижняя Калифорния'),
	(491, 58, 'Нуэво-Леон'),
	(492, 58, 'Оахака'),
	(493, 58, 'Пуэбла'),
	(494, 58, 'Сакатекас'),
	(495, 58, 'Сан-Луис-Потоси'),
	(496, 58, 'Синалоа'),
	(497, 58, 'Сонора'),
	(498, 58, 'Табаско'),
	(499, 58, 'Тамаулипас'),
	(500, 58, 'Федеральный округ'),
	(501, 58, 'Халиско'),
	(502, 58, 'Чиуауа'),
	(503, 58, 'Чьяпас'),
	(504, 58, 'Юкатан'),
	(505, 59, 'Мозамбик'),
	(506, 60, 'Молдова'),
	(507, 61, 'Монако'),
	(508, 62, 'Улан-батор'),
	(509, 63, 'Морокко'),
	(510, 63, 'Танжер'),
	(511, 64, 'Нидерланды'),
	(512, 65, 'Auckland'),
	(513, 65, 'Bay of Plenty'),
	(514, 65, 'Canterbury'),
	(515, 65, 'Gisborne'),
	(516, 65, 'Hawke`s Bay'),
	(517, 65, 'Manawatu-Wanganui'),
	(518, 65, 'Marlborough'),
	(519, 65, 'Nelson'),
	(520, 65, 'Northland'),
	(521, 65, 'Otago'),
	(522, 65, 'Southland'),
	(523, 65, 'Taranaki'),
	(524, 65, 'Tasman'),
	(525, 65, 'Waikato'),
	(526, 65, 'Wellington'),
	(527, 65, 'West Coast'),
	(528, 66, 'Бускеруд'),
	(529, 66, 'Вестагдер'),
	(530, 66, 'Нордланд'),
	(531, 66, 'Нурлан'),
	(532, 66, 'Осло'),
	(533, 66, 'Ромсдал'),
	(534, 66, 'Ругаланн'),
	(535, 66, 'Сёр-Трённелаг'),
	(536, 66, 'Телемарк'),
	(537, 66, 'Хуралан'),
	(538, 67, 'Дубаи'),
	(539, 68, 'Остров Мэн'),
	(540, 69, 'Пакистан'),
	(541, 70, 'Перу'),
	(542, 71, 'Dolnoslaskie'),
	(543, 71, 'Kujawsko-Pomorskie'),
	(544, 71, 'Lubuskie'),
	(545, 71, 'Malopolskie'),
	(546, 71, 'Mazowieckie'),
	(547, 71, 'Podkarpackie'),
	(548, 71, 'Podlaskie'),
	(549, 71, 'Pomorskie'),
	(550, 71, 'Slaskie'),
	(551, 71, 'Swietokrzyskie'),
	(552, 71, 'Warminsko-Mazurskie'),
	(553, 71, 'Wielkopolskie'),
	(554, 71, 'Zachodnio-Pomorskie'),
	(555, 71, 'Лодзинское'),
	(556, 71, 'Люблинское'),
	(557, 71, 'Опольское'),
	(558, 71, 'Польша'),
	(559, 72, 'Centro'),
	(560, 72, 'O-ва Мадейра'),
	(561, 72, 'Лисабон'),
	(562, 72, 'Орта'),
	(563, 72, 'Фаро'),
	(564, 73, 'Saint-Denis'),
	(565, 74, 'Румыния'),
	(566, 75, 'Айдахо'),
	(567, 75, 'Айова'),
	(568, 75, 'Алабама'),
	(569, 75, 'Аляска'),
	(570, 75, 'Аризона'),
	(571, 75, 'Арканзас'),
	(572, 75, 'Вайоминг'),
	(573, 75, 'Вашингтон'),
	(574, 75, 'Вермонт'),
	(575, 75, 'Виргиния'),
	(576, 75, 'Висконсин'),
	(577, 75, 'Гаваи'),
	(578, 75, 'Делавар'),
	(579, 75, 'Джорджия'),
	(580, 75, 'Западная Виргиния'),
	(581, 75, 'Иллинойс'),
	(582, 75, 'Индиана'),
	(583, 75, 'Калифорния'),
	(584, 75, 'Канзас'),
	(585, 75, 'Кентукки'),
	(586, 75, 'Колорадо'),
	(587, 75, 'Коннектикут'),
	(588, 75, 'Луизиана'),
	(589, 75, 'Массачусетс'),
	(590, 75, 'Миннесота'),
	(591, 75, 'Миссисипи'),
	(592, 75, 'Миссури'),
	(593, 75, 'Мичиган'),
	(594, 75, 'Монтана'),
	(595, 75, 'Мэн'),
	(596, 75, 'Мэриленд'),
	(597, 75, 'Небраска'),
	(598, 75, 'Невада'),
	(599, 75, 'Нью-Гэмпшир'),
	(600, 75, 'Нью-Джерси'),
	(601, 75, 'Нью-Йорк'),
	(602, 75, 'Нью-Мексико'),
	(603, 75, 'Огайо'),
	(604, 75, 'Оклахома'),
	(605, 75, 'Орегон'),
	(606, 75, 'Пенсильвания'),
	(607, 75, 'Род-Айленд'),
	(608, 75, 'США'),
	(609, 75, 'Северная Дакота'),
	(610, 75, 'Северная Каролина'),
	(611, 75, 'Теннесси'),
	(612, 75, 'Техас'),
	(613, 75, 'Флорида'),
	(614, 75, 'Южная Дакота'),
	(615, 75, 'Южная Каролина'),
	(616, 75, 'Юта'),
	(617, 75, 'окр.Колумбия'),
	(618, 76, 'Ahuachapan'),
	(619, 76, 'Cuscatlan'),
	(620, 76, 'La Libertad'),
	(621, 76, 'La Paz'),
	(622, 76, 'La Union'),
	(623, 76, 'San Miguel'),
	(624, 76, 'San Salvador'),
	(625, 76, 'Santa Ana'),
	(626, 76, 'Sonsonate'),
	(627, 77, 'Сингапур'),
	(628, 78, 'Дамаск'),
	(629, 79, 'Trnavsky'),
	(630, 79, 'Братислава'),
	(631, 79, 'Жилина'),
	(632, 80, 'Osrednjeslovenska'),
	(633, 80, 'Podravska'),
	(634, 80, 'Словения'),
	(635, 81, 'Paramaribo'),
	(636, 82, 'Горно-Бадахшанская обл.'),
	(637, 82, 'Кулябская обл.'),
	(638, 82, 'Курган-Тюбинская обл.'),
	(639, 82, 'Согдийская обл.'),
	(640, 82, 'Таджикистан'),
	(641, 83, 'Тайвань'),
	(642, 84, 'Тайланд'),
	(643, 85, 'Tunisia'),
	(644, 86, 'Ашхабадская обл.'),
	(645, 86, 'Красноводская обл.'),
	(646, 86, 'Марыйская обл.'),
	(647, 86, 'Ташаузская обл.'),
	(648, 86, 'Чарджоуская обл.'),
	(649, 87, 'Туркмения'),
	(650, 88, 'Grand Turk'),
	(651, 89, 'Bartin'),
	(652, 89, 'Bayburt'),
	(653, 89, 'Karabuk'),
	(654, 89, 'Адана'),
	(655, 89, 'Айдын'),
	(656, 89, 'Амасья'),
	(657, 89, 'Анкара'),
	(658, 89, 'Анталья'),
	(659, 89, 'Артвин'),
	(660, 89, 'Афьон'),
	(661, 89, 'Балыкесир'),
	(662, 89, 'Биледжик'),
	(663, 89, 'Бурса'),
	(664, 89, 'Газиантеп'),
	(665, 89, 'Денизли'),
	(666, 89, 'Измир'),
	(667, 89, 'Испарта'),
	(668, 89, 'Ичель'),
	(669, 89, 'Кайсери'),
	(670, 89, 'Карс'),
	(671, 89, 'Коджаэли'),
	(672, 89, 'Конья'),
	(673, 89, 'Кыркларели'),
	(674, 89, 'Кютахья'),
	(675, 89, 'Малатья'),
	(676, 89, 'Маниса'),
	(677, 89, 'Сакарья'),
	(678, 89, 'Самсун'),
	(679, 89, 'Сивас'),
	(680, 89, 'Стамбул'),
	(681, 89, 'Трабзон'),
	(682, 89, 'Чорум'),
	(683, 89, 'Эдирне'),
	(684, 89, 'Элязыг'),
	(685, 89, 'Эрзинджан'),
	(686, 89, 'Эрзурум'),
	(687, 89, 'Эскишехир'),
	(688, 90, 'Jinja'),
	(689, 90, 'Kampala'),
	(690, 91, 'Андижанская обл.'),
	(691, 91, 'Бухарская обл.'),
	(692, 91, 'Джизакская обл.'),
	(693, 91, 'Каракалпакия'),
	(694, 91, 'Кашкадарьинская обл.'),
	(695, 91, 'Навоийская обл.'),
	(696, 91, 'Наманганская обл.'),
	(697, 91, 'Самаркандская обл.'),
	(698, 91, 'Сурхандарьинская обл.'),
	(699, 91, 'Сырдарьинская обл.'),
	(700, 91, 'Ташкентская обл.'),
	(701, 91, 'Ферганская обл.'),
	(702, 91, 'Хорезмская обл.'),
	(703, 92, 'Винницкая обл.'),
	(704, 92, 'Волынская обл.'),
	(705, 92, 'Днепропетровская обл.'),
	(706, 92, 'Донецкая обл.'),
	(707, 92, 'Житомирская обл.'),
	(708, 92, 'Закарпатская обл.'),
	(709, 92, 'Запорожская обл.'),
	(710, 92, 'Ивано-Франковская обл.'),
	(711, 92, 'Киевская обл.'),
	(712, 92, 'Кировоградская обл.'),
	(713, 92, 'Крымская обл.'),
	(714, 92, 'Луганская обл.'),
	(715, 92, 'Львовская обл.'),
	(716, 92, 'Николаевская обл.'),
	(717, 92, 'Одесская обл.'),
	(718, 92, 'Полтавская обл.'),
	(719, 92, 'Ровенская обл.'),
	(720, 92, 'Сумская обл.'),
	(721, 92, 'Тернопольская обл.'),
	(722, 92, 'Украина'),
	(723, 92, 'Харьковская обл.'),
	(724, 92, 'Херсонская обл.'),
	(725, 92, 'Хмельницкая обл.'),
	(726, 92, 'Черкасская обл.'),
	(727, 92, 'Черниговская обл.'),
	(728, 92, 'Черновицкая обл.'),
	(729, 93, 'Etela-Karjala'),
	(730, 93, 'Kouvola'),
	(731, 93, 'Paijat-Hame'),
	(732, 93, 'Pohjanmaa'),
	(733, 93, 'Pohjois-Karjala'),
	(734, 93, 'Pohjois-Pohjanmaa'),
	(735, 93, 'Pohjois-Savo'),
	(736, 93, 'Satakunta'),
	(737, 93, 'Varsinais-Suomi'),
	(738, 93, 'Кески-Суоми'),
	(739, 93, 'Усима'),
	(740, 93, 'Финляндия'),
	(741, 94, 'Cotes-d`Armor'),
	(742, 94, 'Алье'),
	(743, 94, 'Альпы Верхние'),
	(744, 94, 'Альпы Приморские'),
	(745, 94, 'Арденны'),
	(746, 94, 'Бельфор'),
	(747, 94, 'Буш-дю-Рон'),
	(748, 94, 'Валь-д` Уаз'),
	(749, 94, 'Валь-де-Марн'),
	(750, 94, 'Вар'),
	(751, 94, 'Вогезы'),
	(752, 94, 'Воклюз'),
	(753, 94, 'Вьенна'),
	(754, 94, 'Вьенна Верхняя'),
	(755, 94, 'Гар'),
	(756, 94, 'Гаронна Верхняя'),
	(757, 94, 'Дё-Севр'),
	(758, 94, 'Дром'),
	(759, 94, 'Ду'),
	(760, 94, 'Жиронда'),
	(761, 94, 'Ивелин'),
	(762, 94, 'Иль и Виден'),
	(763, 94, 'Коррез'),
	(764, 94, 'Корсика Верхняя'),
	(765, 94, 'Корсика Южная'),
	(766, 94, 'Кот-д`Ор'),
	(767, 94, 'Ланды'),
	(768, 94, 'Ло и Гаронна'),
	(769, 94, 'Лозер'),
	(770, 94, 'Луар и Шер'),
	(771, 94, 'Луара'),
	(772, 94, 'Луара Атлантическая'),
	(773, 94, 'Луара Верхняя'),
	(774, 94, 'Луаре'),
	(775, 94, 'Мёрт и Мозель'),
	(776, 94, 'Майенн'),
	(777, 94, 'Марна'),
	(778, 94, 'Мен и Луара'),
	(779, 94, 'Мозель'),
	(780, 94, 'Морбиан'),
	(781, 94, 'Нор'),
	(782, 94, 'Ньевр'),
	(783, 94, 'О-де-Сен'),
	(784, 94, 'Об'),
	(785, 94, 'Од'),
	(786, 94, 'Орн'),
	(787, 94, 'Па-де-Кале'),
	(788, 94, 'Париж'),
	(789, 94, 'Пиренеи Атлантические'),
	(790, 94, 'Пиренеи Верхние'),
	(791, 94, 'Пиренеи Восточные'),
	(792, 94, 'Рейн Верхний'),
	(793, 94, 'Рейн Нижний'),
	(794, 94, 'Рона'),
	(795, 94, 'Савойя'),
	(796, 94, 'Савойя Верхняя'),
	(797, 94, 'Сарта'),
	(798, 94, 'Сен-Сен-Дени'),
	(799, 94, 'Сена Приморская'),
	(800, 94, 'Сомма'),
	(801, 94, 'Сона и Луара'),
	(802, 94, 'Тарн'),
	(803, 94, 'Уаза'),
	(804, 94, 'Финистер'),
	(805, 94, 'Франция'),
	(806, 94, 'Шаранта'),
	(807, 94, 'Шаранта Приморская'),
	(808, 94, 'Шер'),
	(809, 94, 'Эна'),
	(810, 94, 'Эндр'),
	(811, 94, 'Эндр и Луара'),
	(812, 94, 'Эр'),
	(813, 94, 'Эро'),
	(814, 94, 'Эссонн'),
	(815, 95, 'Хорватия'),
	(816, 96, 'Jihochesky'),
	(817, 96, 'Jihomoravsky'),
	(818, 96, 'Karlovarsky'),
	(819, 96, 'Kralovehradecky'),
	(820, 96, 'Liberecky'),
	(821, 96, 'Moravskoslezsky'),
	(822, 96, 'Olomoucky'),
	(823, 96, 'Stredochesky'),
	(824, 96, 'Ustecky'),
	(825, 96, 'Чехия'),
	(826, 97, 'Сантьяго'),
	(827, 98, 'Аргау'),
	(828, 98, 'Базель-Штадт'),
	(829, 98, 'Берн'),
	(830, 98, 'Во'),
	(831, 98, 'Женева'),
	(832, 98, 'Золотурн'),
	(833, 98, 'Люцерн'),
	(834, 98, 'Невшатель'),
	(835, 98, 'Тичино'),
	(836, 98, 'Фрибур'),
	(837, 98, 'Цюрих'),
	(838, 98, 'Швейцария'),
	(839, 99, 'Skine'),
	(840, 99, 'Vastra Gotaland'),
	(841, 99, 'Вермланд'),
	(842, 99, 'Вестерботтен'),
	(843, 99, 'Вестернорланд'),
	(844, 99, 'Вестманланд'),
	(845, 99, 'Евлеборг'),
	(846, 99, 'Емтланд'),
	(847, 99, 'Йёнчёпинг'),
	(848, 99, 'Норрботтен'),
	(849, 99, 'Сёдерманланд'),
	(850, 99, 'Стокгольм'),
	(851, 99, 'Упсала'),
	(852, 99, 'Халланд'),
	(853, 99, 'Швеция'),
	(854, 99, 'Эстерйетланд'),
	(855, 100, 'Пичинча'),
	(856, 101, 'Эстония'),
	(857, 102, 'Йоханесбург'),
	(858, 103, 'Воеводина'),
	(859, 103, 'Косово'),
	(860, 103, 'Сербия'),
	(861, 103, 'Югославия'),
	(862, 104, 'Cheju'),
	(863, 104, 'Chollabuk'),
	(864, 104, 'Chollanam'),
	(865, 104, 'Chungcheongbuk'),
	(866, 104, 'Chungcheongnam'),
	(867, 104, 'Incheon'),
	(868, 104, 'Kangweon'),
	(869, 104, 'Kwangju'),
	(870, 104, 'Kyeonggi'),
	(871, 104, 'Kyeongsangbuk'),
	(872, 104, 'Kyeongsangnam'),
	(873, 104, 'Pusan'),
	(874, 104, 'Seoul'),
	(875, 104, 'Taegu'),
	(876, 104, 'Taejeon'),
	(877, 104, 'Ulsan'),
	(878, 105, 'Ямайка'),
	(879, 106, 'Айти'),
	(880, 106, 'Акита'),
	(881, 106, 'Аомори'),
	(882, 106, 'Вакаяма'),
	(883, 106, 'Гифу'),
	(884, 106, 'Гумма'),
	(885, 106, 'Ибараки'),
	(886, 106, 'Ивате'),
	(887, 106, 'Исикава'),
	(888, 106, 'Кагава'),
	(889, 106, 'Кагосима'),
	(890, 106, 'Канагава'),
	(891, 106, 'Киото'),
	(892, 106, 'Коти'),
	(893, 106, 'Кумамото'),
	(894, 106, 'Миэ'),
	(895, 106, 'Мияги'),
	(896, 106, 'Миядзаки'),
	(897, 106, 'Нагано'),
	(898, 106, 'Нагасаки'),
	(899, 106, 'Нара'),
	(900, 106, 'Ниигата'),
	(901, 106, 'Окаяма'),
	(902, 106, 'Окинава'),
	(903, 106, 'Осака'),
	(904, 106, 'Сага'),
	(905, 106, 'Сайтама'),
	(906, 106, 'Сига'),
	(907, 106, 'Сидзуока'),
	(908, 106, 'Симане'),
	(909, 106, 'Тиба'),
	(910, 106, 'Токио'),
	(911, 106, 'Токусима'),
	(912, 106, 'Тотиги'),
	(913, 106, 'Тоттори'),
	(914, 106, 'Тояма'),
	(915, 106, 'Фукуи'),
	(916, 106, 'Фукуока'),
	(917, 106, 'Фукусима'),
	(918, 106, 'Хиросима'),
	(919, 106, 'Хоккайдо'),
	(920, 106, 'Хпого'),
	(921, 106, 'Эхиме'),
	(922, 106, 'Ямагата'),
	(923, 106, 'Ямагути'),
	(924, 106, 'Яманаси'),
	(925, 1, 'Кировская область');
/*!40000 ALTER TABLE `address_states` ENABLE KEYS */;


-- Дамп структуры для таблица ecom.aux_product_count
CREATE TABLE IF NOT EXISTS `aux_product_count` (
  `id` int(11) NOT NULL AUTO_INCREMENT,
  `product_id` int(11) DEFAULT NULL,
  `sell_count` int(11) DEFAULT NULL,
  `card_count` int(11) DEFAULT NULL,
  `view_count` int(11) DEFAULT NULL,
  PRIMARY KEY (`id`)
) ENGINE=InnoDB AUTO_INCREMENT=578 DEFAULT CHARSET=utf8;

-- Дамп данных таблицы ecom.aux_product_count: ~771 rows (приблизительно)
DELETE FROM `aux_product_count`;
/*!40000 ALTER TABLE `aux_product_count` DISABLE KEYS */;
INSERT INTO `aux_product_count` (`id`, `product_id`, `sell_count`, `card_count`, `view_count`) VALUES
	(1, 993, 1, 0, 2),
	(2, 654, 1, 1, 2),
	(3, 24, 2, 1, 2),
	(4, 334, 0, 2, 1),
	(5, 818, 1, 0, 3),
	(6, 892, 1, 1, 2),
	(7, 465, 2, 2, 4),
	(8, 154, 1, 3, 3),
	(9, 351, 1, 0, 2),
	(10, 641, 1, 2, 1),
	(11, 551, 0, 0, 2),
	(12, 594, 1, 3, 1),
	(13, 687, 1, 3, 1),
	(14, 265, 2, 4, 2),
	(15, 777, 1, 0, 3),
	(16, 955, 0, 0, 2),
	(17, 798, 1, 3, 2),
	(18, 439, 0, 0, 2),
	(19, 98, 2, 1, 3),
	(20, 295, 0, 2, 2),
	(21, 837, 0, 1, 2),
	(22, 782, 2, 1, 1),
	(23, 286, 0, 1, 2),
	(24, 1000, 3, 2, 3),
	(25, 735, 2, 1, 1),
	(26, 38, 2, 2, 3),
	(27, 935, 3, 2, 2),
	(28, 141, 2, 2, 2),
	(29, 148, 1, 2, 2),
	(30, 437, 1, 1, 3),
	(31, 763, 0, 3, 3),
	(32, 260, 2, 0, 3),
	(33, 710, 1, 2, 1),
	(34, 234, 2, 2, 2),
	(35, 411, 2, 2, 3),
	(36, 608, 0, 0, 2),
	(37, 918, 0, 0, 2),
	(38, 378, 2, 1, 2),
	(39, 320, 1, 1, 2),
	(40, 514, 1, 0, 2),
	(41, 536, 1, 0, 2),
	(42, 721, 0, 0, 2),
	(43, 876, 2, 2, 1),
	(44, 69, 1, 1, 2),
	(45, 223, 1, 1, 3),
	(46, 474, 0, 1, 2),
	(47, 228, 2, 1, 2),
	(48, 797, 1, 2, 1),
	(49, 944, 1, 1, 3),
	(50, 564, 0, 1, 2),
	(51, 888, 1, 4, 3),
	(52, 612, 0, 0, 2),
	(53, 173, 0, 1, 2),
	(54, 199, 2, 0, 2),
	(55, 844, 0, 1, 2),
	(56, 166, 0, 0, 2),
	(57, 460, 2, 1, 1),
	(58, 376, 1, 1, 2),
	(59, 364, 0, 0, 3),
	(60, 33, 2, 1, 2),
	(61, 715, 3, 3, 2),
	(62, 40, 0, 0, 2),
	(63, 246, 0, 2, 1),
	(64, 705, 0, 2, 2),
	(65, 523, 1, 4, 3),
	(66, 253, 0, 2, 1),
	(67, 341, 0, 1, 2),
	(68, 93, 2, 1, 1),
	(69, 313, 1, 2, 1),
	(70, 824, 1, 1, 2),
	(71, 81, 3, 1, 6),
	(72, 61, 1, 0, 2),
	(73, 170, 2, 1, 2),
	(74, 172, 2, 5, 2),
	(75, 274, 4, 3, 2),
	(76, 360, 0, 4, 1),
	(77, 681, 1, 2, 1),
	(78, 830, 3, 1, 1),
	(79, 706, 2, 2, 2),
	(80, 811, 0, 1, 2),
	(81, 39, 2, 1, 1),
	(82, 415, 2, 1, 1),
	(83, 138, 0, 1, 3),
	(84, 733, 0, 2, 1),
	(85, 748, 2, 1, 1),
	(86, 84, 1, 1, 3),
	(87, 974, 0, 1, 2),
	(88, 477, 2, 1, 3),
	(89, 865, 3, 2, 1),
	(90, 906, 0, 0, 2),
	(91, 633, 0, 0, 3),
	(92, 189, 3, 2, 2),
	(93, 256, 2, 1, 3),
	(94, 988, 1, 0, 2),
	(95, 50, 0, 2, 2),
	(96, 802, 2, 1, 1),
	(97, 759, 0, 0, 2),
	(98, 754, 0, 0, 2),
	(99, 442, 2, 0, 3),
	(100, 484, 0, 0, 2),
	(101, 490, 0, 1, 3),
	(102, 555, 1, 2, 2),
	(103, 432, 0, 2, 1),
	(104, 326, 5, 2, 1),
	(105, 541, 0, 1, 2),
	(106, 222, 2, 1, 1),
	(107, 29, 1, 0, 2),
	(108, 425, 0, 0, 3),
	(109, 543, 1, 1, 3),
	(110, 922, 0, 0, 3),
	(111, 570, 1, 1, 2),
	(112, 107, 0, 2, 1),
	(113, 814, 1, 1, 3),
	(114, 720, 1, 1, 3),
	(115, 926, 2, 1, 1),
	(116, 132, 0, 2, 1),
	(117, 49, 2, 1, 1),
	(118, 701, 1, 1, 4),
	(119, 626, 2, 1, 1),
	(120, 365, 0, 0, 3),
	(121, 90, 1, 1, 2),
	(122, 567, 1, 1, 2),
	(123, 375, 2, 1, 1),
	(124, 511, 1, 0, 2),
	(125, 805, 2, 1, 3),
	(126, 841, 1, 0, 3),
	(127, 749, 1, 1, 2),
	(128, 254, 0, 1, 3),
	(129, 349, 0, 2, 1),
	(130, 927, 1, 3, 1),
	(131, 729, 2, 1, 1),
	(132, 446, 0, 2, 1),
	(133, 635, 0, 2, 1),
	(134, 42, 2, 2, 1),
	(135, 809, 1, 0, 2),
	(136, 168, 2, 1, 1),
	(137, 718, 1, 2, 3),
	(138, 65, 0, 2, 1),
	(139, 839, 2, 1, 2),
	(140, 221, 1, 2, 4),
	(141, 680, 1, 3, 1),
	(142, 966, 2, 2, 2),
	(143, 2, 1, 2, 3),
	(144, 407, 0, 1, 2),
	(145, 825, 1, 1, 2),
	(146, 736, 2, 3, 3),
	(147, 861, 2, 2, 2),
	(148, 1004, 0, 0, 2),
	(149, 78, 0, 0, 2),
	(150, 605, 0, 3, 2),
	(151, 610, 3, 2, 1),
	(152, 791, 0, 2, 1),
	(153, 109, 1, 0, 3),
	(154, 218, 0, 1, 2),
	(155, 237, 0, 0, 2),
	(156, 913, 1, 1, 2),
	(157, 766, 0, 0, 2),
	(158, 855, 2, 3, 3),
	(159, 611, 1, 2, 1),
	(160, 948, 1, 2, 1),
	(161, 159, 0, 0, 2),
	(162, 908, 2, 1, 1),
	(163, 525, 1, 2, 2),
	(164, 194, 1, 1, 3),
	(165, 240, 1, 2, 1),
	(166, 230, 0, 1, 2),
	(167, 860, 1, 1, 3),
	(168, 730, 1, 2, 1),
	(169, 895, 0, 1, 2),
	(170, 492, 1, 3, 3),
	(171, 963, 2, 2, 3),
	(172, 556, 2, 1, 1),
	(173, 716, 1, 2, 3),
	(174, 231, 2, 1, 3),
	(175, 917, 3, 2, 2),
	(176, 859, 1, 2, 1),
	(177, 449, 1, 0, 2),
	(178, 43, 2, 2, 1),
	(179, 258, 4, 3, 1),
	(180, 535, 1, 2, 1),
	(181, 909, 1, 0, 2),
	(182, 545, 1, 0, 2),
	(183, 461, 0, 1, 2),
	(184, 916, 1, 2, 1),
	(185, 850, 0, 2, 1),
	(186, 504, 1, 2, 1),
	(187, 385, 0, 1, 2),
	(188, 413, 2, 2, 2),
	(189, 323, 0, 3, 2),
	(190, 331, 2, 1, 1),
	(191, 905, 2, 2, 3),
	(192, 285, 0, 3, 2),
	(193, 96, 0, 0, 2),
	(194, 436, 3, 2, 1),
	(195, 879, 2, 1, 1),
	(196, 682, 1, 2, 1),
	(197, 808, 2, 0, 4),
	(198, 79, 2, 2, 2),
	(199, 919, 1, 2, 1),
	(200, 642, 0, 1, 2),
	(201, 561, 2, 3, 2),
	(202, 115, 2, 0, 2),
	(203, 526, 1, 2, 2),
	(204, 101, 3, 2, 1),
	(205, 553, 1, 1, 3),
	(206, 792, 0, 1, 2),
	(207, 690, 1, 3, 2),
	(208, 124, 2, 1, 3),
	(209, 890, 1, 2, 1),
	(210, 434, 0, 3, 3),
	(211, 387, 1, 2, 1),
	(212, 675, 1, 2, 1),
	(213, 80, 2, 1, 1),
	(214, 167, 1, 2, 1),
	(215, 656, 1, 1, 2),
	(216, 915, 1, 1, 2),
	(217, 106, 1, 2, 1),
	(218, 613, 0, 1, 2),
	(219, 164, 1, 1, 3),
	(220, 197, 2, 1, 1),
	(221, 854, 2, 0, 3),
	(222, 244, 1, 2, 3),
	(223, 467, 0, 2, 3),
	(224, 884, 0, 1, 2),
	(225, 288, 1, 3, 2),
	(226, 297, 2, 1, 1),
	(227, 779, 0, 0, 2),
	(228, 573, 1, 2, 1),
	(229, 911, 0, 0, 2),
	(230, 596, 1, 2, 3),
	(231, 498, 0, 2, 1),
	(232, 874, 1, 1, 3),
	(233, 211, 1, 1, 2),
	(234, 628, 2, 1, 1),
	(235, 184, 3, 2, 1),
	(236, 585, 0, 1, 2),
	(237, 820, 3, 3, 2),
	(238, 404, 1, 1, 2),
	(239, 510, 1, 2, 1),
	(240, 339, 2, 3, 3),
	(241, 456, 1, 0, 3),
	(242, 702, 1, 2, 1),
	(243, 158, 2, 2, 1),
	(244, 270, 1, 2, 1),
	(245, 532, 2, 2, 1),
	(246, 843, 1, 1, 2),
	(247, 370, 1, 0, 2),
	(248, 448, 1, 1, 3),
	(249, 582, 0, 0, 2),
	(250, 941, 1, 0, 2),
	(251, 847, 0, 0, 2),
	(252, 304, 3, 2, 2),
	(253, 987, 1, 0, 2),
	(254, 686, 1, 3, 3),
	(255, 591, 0, 3, 2),
	(256, 203, 0, 2, 1),
	(257, 340, 1, 2, 3),
	(258, 476, 1, 0, 2),
	(259, 1002, 2, 1, 2),
	(260, 296, 1, 2, 1),
	(261, 152, 1, 2, 3),
	(262, 646, 0, 2, 1),
	(263, 419, 0, 0, 2),
	(264, 877, 2, 1, 2),
	(265, 458, 1, 5, 4),
	(266, 737, 1, 1, 2),
	(267, 121, 1, 0, 2),
	(268, 422, 2, 1, 3),
	(269, 71, 0, 1, 2),
	(270, 836, 2, 3, 2),
	(271, 831, 2, 3, 2),
	(272, 891, 1, 2, 2),
	(273, 846, 1, 0, 4),
	(274, 928, 0, 0, 2),
	(275, 738, 1, 2, 1),
	(276, 711, 1, 0, 2),
	(277, 450, 2, 1, 1),
	(278, 248, 1, 1, 2),
	(279, 435, 0, 1, 2),
	(280, 790, 0, 2, 3),
	(281, 311, 1, 3, 2),
	(282, 190, 0, 2, 1),
	(283, 99, 0, 2, 1),
	(284, 52, 0, 1, 2),
	(285, 816, 2, 1, 1),
	(286, 589, 1, 0, 2),
	(287, 728, 1, 1, 3),
	(288, 745, 0, 0, 2),
	(289, 658, 1, 1, 2),
	(290, 31, 0, 0, 2),
	(291, 485, 0, 1, 3),
	(292, 41, 1, 1, 2),
	(293, 863, 1, 4, 2),
	(294, 315, 1, 0, 2),
	(295, 398, 1, 2, 1),
	(296, 704, 1, 1, 2),
	(297, 104, 0, 1, 3),
	(298, 16, 0, 2, 1),
	(299, 279, 1, 0, 2),
	(300, 384, 2, 2, 2),
	(301, 661, 1, 3, 1),
	(302, 770, 2, 3, 2),
	(303, 958, 3, 3, 2),
	(304, 95, 0, 1, 2),
	(305, 30, 1, 2, 1),
	(306, 431, 1, 2, 1),
	(307, 632, 2, 2, 1),
	(308, 350, 0, 2, 1),
	(309, 405, 0, 2, 1),
	(310, 750, 0, 1, 2),
	(311, 324, 1, 2, 1),
	(312, 762, 1, 0, 2),
	(313, 954, 0, 0, 2),
	(314, 300, 1, 1, 3),
	(315, 767, 2, 0, 2),
	(316, 516, 3, 2, 2),
	(317, 967, 0, 0, 2),
	(318, 936, 0, 2, 1),
	(319, 178, 2, 1, 3),
	(320, 653, 1, 1, 2),
	(321, 289, 0, 1, 2),
	(322, 374, 1, 0, 2),
	(323, 587, 1, 3, 1),
	(324, 162, 1, 2, 2),
	(325, 358, 2, 0, 3),
	(326, 83, 1, 2, 1),
	(327, 417, 1, 2, 1),
	(328, 6, 0, 2, 1),
	(329, 470, 2, 1, 1),
	(330, 639, 1, 0, 3),
	(331, 342, 2, 1, 2),
	(332, 355, 1, 2, 1),
	(333, 441, 1, 1, 2),
	(334, 12, 2, 1, 1),
	(335, 63, 1, 2, 1),
	(336, 549, 3, 2, 1),
	(337, 606, 0, 0, 2),
	(338, 362, 0, 0, 2),
	(339, 652, 1, 1, 2),
	(340, 833, 2, 1, 2),
	(341, 1001, 1, 0, 2),
	(342, 851, 1, 0, 2),
	(343, 27, 1, 0, 2),
	(344, 305, 4, 1, 2),
	(345, 520, 0, 2, 1),
	(346, 290, 0, 2, 1),
	(347, 243, 1, 2, 2),
	(348, 379, 1, 2, 3),
	(349, 619, 0, 1, 2),
	(350, 977, 2, 1, 1),
	(351, 576, 0, 2, 1),
	(352, 255, 1, 2, 1),
	(353, 1007, 0, 3, 1),
	(354, 120, 1, 0, 2),
	(355, 651, 1, 0, 2),
	(356, 673, 2, 1, 1),
	(357, 397, 0, 1, 2),
	(358, 233, 0, 2, 1),
	(359, 980, 1, 0, 2),
	(360, 491, 2, 0, 3),
	(361, 103, 1, 2, 1),
	(362, 76, 0, 2, 1),
	(363, 659, 0, 0, 2),
	(364, 206, 0, 2, 1),
	(365, 389, 1, 2, 1),
	(366, 540, 2, 1, 1),
	(367, 938, 0, 0, 2),
	(368, 344, 1, 2, 1),
	(369, 175, 1, 1, 2),
	(370, 685, 0, 1, 2),
	(371, 13, 1, 2, 2),
	(372, 949, 0, 1, 2),
	(373, 372, 2, 1, 1),
	(374, 910, 1, 1, 2),
	(375, 780, 1, 1, 2),
	(376, 668, 1, 3, 4),
	(377, 649, 0, 1, 3),
	(378, 500, 0, 0, 2),
	(379, 179, 2, 1, 2),
	(380, 574, 0, 2, 1),
	(381, 426, 0, 0, 2),
	(382, 363, 0, 1, 2),
	(383, 302, 1, 2, 3),
	(384, 277, 3, 1, 2),
	(385, 956, 1, 0, 2),
	(386, 744, 1, 0, 2),
	(387, 73, 1, 1, 2),
	(388, 1008, 0, 2, 1),
	(389, 978, 0, 2, 3),
	(390, 727, 1, 1, 2),
	(391, 382, 1, 1, 2),
	(392, 22, 0, 2, 1),
	(393, 381, 0, 1, 2),
	(394, 276, 0, 1, 2),
	(395, 946, 0, 2, 1),
	(396, 848, 0, 2, 1),
	(397, 468, 1, 1, 2),
	(398, 291, 1, 1, 2),
	(399, 282, 1, 2, 1),
	(400, 287, 0, 0, 2),
	(401, 64, 0, 1, 2),
	(402, 176, 1, 2, 1),
	(403, 557, 2, 2, 3),
	(404, 760, 0, 0, 2),
	(405, 242, 1, 3, 1),
	(406, 871, 2, 1, 1),
	(407, 156, 0, 2, 1),
	(408, 982, 1, 1, 2),
	(409, 979, 2, 1, 1),
	(410, 200, 1, 1, 3),
	(411, 249, 0, 3, 1),
	(412, 693, 1, 1, 2),
	(413, 100, 1, 2, 3),
	(414, 503, 3, 2, 2),
	(415, 677, 0, 0, 2),
	(416, 466, 1, 1, 2),
	(417, 868, 1, 1, 2),
	(418, 674, 0, 0, 3),
	(419, 113, 1, 2, 1),
	(420, 902, 1, 0, 2),
	(421, 598, 1, 2, 1),
	(422, 885, 1, 0, 2),
	(423, 992, 1, 2, 3),
	(424, 951, 1, 0, 3),
	(425, 595, 0, 2, 1),
	(426, 581, 0, 0, 2),
	(427, 712, 1, 0, 3),
	(428, 402, 2, 1, 1),
	(429, 25, 0, 0, 2),
	(430, 900, 2, 2, 3),
	(431, 46, 2, 3, 2),
	(432, 131, 1, 0, 2),
	(433, 110, 1, 2, 1),
	(434, 236, 1, 2, 3),
	(435, 604, 1, 2, 1),
	(436, 634, 1, 1, 2),
	(437, 856, 2, 2, 4),
	(438, 34, 0, 2, 2),
	(439, 163, 1, 0, 2),
	(440, 983, 1, 2, 1),
	(441, 420, 1, 1, 2),
	(442, 937, 1, 0, 2),
	(443, 671, 2, 2, 2),
	(444, 416, 0, 1, 2),
	(445, 210, 1, 1, 2),
	(446, 406, 0, 0, 2),
	(447, 66, 0, 1, 3),
	(448, 726, 2, 1, 1),
	(449, 694, 2, 1, 3),
	(450, 739, 1, 3, 2),
	(451, 862, 1, 2, 1),
	(452, 621, 1, 0, 2),
	(453, 496, 0, 1, 3),
	(454, 392, 0, 2, 1),
	(455, 519, 0, 2, 1),
	(456, 794, 1, 1, 3),
	(457, 725, 1, 1, 3),
	(458, 399, 1, 1, 2),
	(459, 174, 0, 1, 2),
	(460, 746, 2, 1, 1),
	(461, 667, 0, 0, 2),
	(462, 155, 0, 0, 2),
	(463, 205, 2, 1, 1),
	(464, 444, 1, 2, 2),
	(465, 752, 1, 0, 2),
	(466, 143, 1, 2, 1),
	(467, 440, 1, 1, 2),
	(468, 310, 1, 1, 2),
	(469, 584, 2, 1, 2),
	(470, 897, 0, 1, 2),
	(471, 473, 1, 0, 2),
	(472, 280, 0, 1, 2),
	(473, 920, 0, 2, 1),
	(474, 91, 0, 0, 2),
	(475, 771, 2, 1, 1),
	(476, 321, 1, 0, 2),
	(477, 925, 2, 2, 3),
	(478, 882, 1, 1, 2),
	(479, 947, 0, 1, 2),
	(480, 108, 2, 1, 1),
	(481, 418, 1, 2, 1),
	(482, 217, 0, 1, 2),
	(483, 114, 1, 0, 2),
	(484, 662, 1, 2, 2),
	(485, 568, 0, 0, 2),
	(486, 118, 0, 0, 2),
	(487, 842, 1, 3, 1),
	(488, 394, 0, 0, 3),
	(489, 224, 0, 1, 2),
	(490, 789, 0, 0, 2),
	(491, 257, 1, 1, 2),
	(492, 565, 0, 1, 2),
	(493, 356, 1, 2, 2),
	(494, 62, 2, 3, 2),
	(495, 111, 1, 3, 1),
	(496, 785, 1, 0, 2),
	(497, 193, 2, 1, 1),
	(498, 997, 2, 1, 1),
	(499, 669, 0, 0, 2),
	(500, 571, 0, 1, 2),
	(501, 538, 1, 2, 3),
	(502, 86, 1, 1, 2),
	(503, 645, 1, 1, 3),
	(504, 976, 0, 0, 2),
	(505, 870, 1, 2, 1),
	(506, 195, 2, 1, 1),
	(507, 580, 0, 2, 1),
	(508, 130, 1, 2, 1),
	(509, 117, 2, 1, 1),
	(510, 129, 0, 1, 2),
	(511, 734, 0, 1, 2),
	(512, 429, 1, 3, 3),
	(513, 335, 0, 2, 1),
	(514, 562, 1, 2, 1),
	(515, 453, 2, 1, 1),
	(516, 648, 1, 1, 2),
	(517, 970, 1, 1, 2),
	(518, 82, 0, 1, 2),
	(519, 463, 0, 3, 2),
	(520, 803, 2, 1, 2),
	(521, 122, 1, 1, 2),
	(522, 247, 0, 2, 1),
	(523, 542, 1, 1, 2),
	(524, 708, 1, 0, 2),
	(525, 386, 0, 0, 2),
	(526, 367, 1, 0, 2),
	(527, 638, 0, 0, 2),
	(528, 317, 2, 1, 1),
	(529, 678, 1, 1, 2),
	(530, 151, 1, 2, 1),
	(531, 757, 0, 2, 1),
	(532, 629, 1, 1, 2),
	(533, 494, 1, 2, 1),
	(534, 880, 1, 0, 2),
	(535, 469, 2, 1, 1),
	(536, 171, 0, 0, 2),
	(537, 788, 2, 1, 1),
	(538, 907, 0, 2, 1),
	(539, 597, 1, 0, 2),
	(540, 583, 1, 0, 2),
	(541, 336, 0, 0, 2),
	(542, 657, 0, 0, 2),
	(543, 3, 1, 1, 2),
	(544, 975, 0, 1, 2),
	(545, 57, 0, 2, 1),
	(546, 486, 1, 1, 2),
	(547, 105, 1, 2, 1),
	(548, 945, 0, 0, 3),
	(549, 684, 2, 1, 1),
	(550, 457, 0, 2, 1),
	(551, 593, 1, 2, 1),
	(552, 758, 1, 1, 2),
	(553, 756, 1, 2, 1),
	(554, 213, 0, 2, 1),
	(555, 250, 1, 1, 2),
	(556, 548, 2, 1, 1),
	(557, 325, 0, 1, 2),
	(558, 692, 2, 1, 1),
	(559, 333, 1, 2, 1),
	(560, 45, 0, 1, 2),
	(561, 845, 1, 0, 2),
	(562, 284, 0, 0, 2),
	(563, 914, 0, 1, 2),
	(564, 539, 1, 1, 2),
	(565, 268, 1, 2, 3),
	(566, 7, 1, 2, 1),
	(567, 348, 1, 1, 2),
	(568, 691, 0, 1, 2),
	(569, 239, 1, 2, 1),
	(570, 481, 0, 0, 2),
	(571, 901, 0, 1, 2),
	(572, 36, 0, 0, 2),
	(573, 700, 1, 1, 2),
	(574, 829, 2, 1, 1),
	(575, 558, 0, 0, 2),
	(576, 590, 0, 1, 2),
	(577, 768, 1, 0, 2);
/*!40000 ALTER TABLE `aux_product_count` ENABLE KEYS */;


-- Дамп структуры для таблица ecom.aux_product_recommended
CREATE TABLE IF NOT EXISTS `aux_product_recommended` (
  `id` int(11) NOT NULL AUTO_INCREMENT,
  `product_id` int(11) NOT NULL,
  PRIMARY KEY (`id`)
) ENGINE=InnoDB AUTO_INCREMENT=56 DEFAULT CHARSET=utf8;

-- Дамп данных таблицы ecom.aux_product_recommended: ~55 rows (приблизительно)
DELETE FROM `aux_product_recommended`;
/*!40000 ALTER TABLE `aux_product_recommended` DISABLE KEYS */;
INSERT INTO `aux_product_recommended` (`id`, `product_id`) VALUES
	(1, 864),
	(2, 910),
	(3, 664),
	(4, 678),
	(5, 457),
	(6, 404),
	(7, 692),
	(8, 857),
	(9, 893),
	(10, 940),
	(11, 417),
	(12, 385),
	(13, 81),
	(14, 380),
	(15, 324),
	(16, 648),
	(17, 165),
	(18, 515),
	(19, 107),
	(20, 870),
	(21, 992),
	(22, 1),
	(23, 18),
	(24, 541),
	(25, 52),
	(26, 340),
	(27, 114),
	(28, 144),
	(29, 691),
	(30, 581),
	(31, 207),
	(32, 215),
	(33, 275),
	(34, 346),
	(35, 197),
	(36, 661),
	(37, 928),
	(38, 264),
	(39, 773),
	(40, 708),
	(41, 558),
	(42, 428),
	(43, 59),
	(44, 831),
	(45, 826),
	(46, 659),
	(47, 97),
	(48, 732),
	(49, 793),
	(50, 154),
	(51, 251),
	(52, 120),
	(53, 431),
	(54, 808),
	(55, 443);
/*!40000 ALTER TABLE `aux_product_recommended` ENABLE KEYS */;


-- Дамп структуры для таблица ecom.aux_product_related
CREATE TABLE IF NOT EXISTS `aux_product_related` (
  `id` int(11) NOT NULL AUTO_INCREMENT,
  `product_id_1` int(11) NOT NULL,
  `product_id_2` int(11) NOT NULL,
  PRIMARY KEY (`id`),
  KEY `FK_aux_product_related_products` (`product_id_1`),
  KEY `FK_aux_product_related_products_2` (`product_id_2`),
  CONSTRAINT `FK_aux_product_related_products` FOREIGN KEY (`product_id_1`) REFERENCES `products` (`id`),
  CONSTRAINT `FK_aux_product_related_products_2` FOREIGN KEY (`product_id_2`) REFERENCES `products` (`id`)
) ENGINE=InnoDB AUTO_INCREMENT=1060 DEFAULT CHARSET=utf8;

-- Дамп данных таблицы ecom.aux_product_related: ~841 rows (приблизительно)
DELETE FROM `aux_product_related`;
/*!40000 ALTER TABLE `aux_product_related` DISABLE KEYS */;
INSERT INTO `aux_product_related` (`id`, `product_id_1`, `product_id_2`) VALUES
	(1, 1, 2),
	(2, 1, 559),
	(3, 1, 22),
	(4, 1, 841),
	(5, 1, 866),
	(6, 9, 107),
	(7, 9, 742),
	(8, 9, 772),
	(9, 9, 784),
	(10, 10, 797),
	(11, 10, 238),
	(12, 12, 372),
	(13, 12, 138),
	(14, 13, 809),
	(15, 13, 988),
	(16, 13, 562),
	(17, 13, 197),
	(18, 15, 984),
	(19, 15, 453),
	(20, 15, 634),
	(21, 21, 914),
	(22, 21, 966),
	(23, 22, 155),
	(24, 29, 830),
	(25, 29, 91),
	(26, 29, 390),
	(27, 29, 640),
	(28, 29, 331),
	(29, 29, 461),
	(30, 32, 592),
	(31, 32, 784),
	(32, 32, 904),
	(33, 32, 429),
	(34, 35, 133),
	(35, 35, 334),
	(36, 35, 800),
	(37, 40, 664),
	(38, 40, 331),
	(39, 41, 726),
	(40, 42, 1003),
	(41, 42, 600),
	(42, 45, 54),
	(43, 45, 303),
	(44, 45, 965),
	(45, 45, 305),
	(46, 45, 242),
	(47, 49, 130),
	(48, 49, 577),
	(49, 52, 316),
	(50, 52, 598),
	(51, 52, 813),
	(52, 52, 155),
	(53, 52, 511),
	(54, 55, 534),
	(55, 57, 648),
	(56, 57, 557),
	(57, 57, 495),
	(58, 58, 640),
	(59, 58, 145),
	(60, 58, 151),
	(61, 61, 65),
	(62, 61, 800),
	(63, 61, 927),
	(64, 64, 461),
	(65, 64, 816),
	(66, 64, 289),
	(67, 69, 35),
	(68, 70, 787),
	(69, 70, 501),
	(70, 71, 877),
	(71, 71, 881),
	(72, 73, 572),
	(73, 73, 13),
	(74, 76, 509),
	(75, 76, 954),
	(76, 76, 861),
	(77, 77, 328),
	(78, 77, 313),
	(79, 80, 659),
	(80, 80, 827),
	(81, 80, 939),
	(82, 84, 483),
	(83, 85, 102),
	(84, 85, 88),
	(85, 85, 651),
	(86, 87, 169),
	(87, 87, 54),
	(88, 89, 278),
	(89, 89, 605),
	(90, 90, 64),
	(91, 90, 513),
	(92, 90, 816),
	(93, 91, 922),
	(94, 91, 548),
	(95, 91, 934),
	(96, 91, 540),
	(97, 91, 33),
	(98, 92, 866),
	(99, 92, 406),
	(100, 93, 704),
	(101, 93, 182),
	(102, 93, 757),
	(103, 93, 302),
	(104, 94, 9),
	(105, 96, 262),
	(106, 96, 779),
	(107, 96, 1008),
	(108, 99, 413),
	(109, 101, 767),
	(110, 101, 874),
	(111, 102, 284),
	(112, 102, 53),
	(113, 103, 84),
	(114, 103, 517),
	(115, 105, 839),
	(116, 105, 212),
	(117, 106, 658),
	(118, 106, 102),
	(119, 113, 312),
	(120, 113, 290),
	(121, 113, 90),
	(122, 114, 513),
	(123, 114, 578),
	(124, 114, 945),
	(125, 117, 586),
	(126, 121, 206),
	(127, 123, 366),
	(128, 123, 518),
	(129, 124, 754),
	(130, 127, 582),
	(131, 127, 986),
	(132, 127, 837),
	(133, 127, 379),
	(134, 130, 313),
	(135, 130, 219),
	(136, 132, 802),
	(137, 134, 88),
	(138, 134, 876),
	(139, 134, 740),
	(140, 134, 686),
	(141, 134, 449),
	(142, 135, 426),
	(143, 135, 404),
	(144, 139, 851),
	(145, 139, 408),
	(146, 142, 559),
	(147, 142, 787),
	(148, 144, 21),
	(149, 144, 876),
	(150, 144, 571),
	(151, 144, 953),
	(152, 147, 646),
	(153, 147, 709),
	(154, 147, 468),
	(155, 147, 266),
	(156, 148, 881),
	(157, 148, 282),
	(158, 155, 305),
	(159, 155, 319),
	(160, 155, 246),
	(161, 155, 509),
	(162, 155, 581),
	(163, 156, 482),
	(164, 156, 955),
	(165, 157, 391),
	(166, 159, 533),
	(167, 159, 745),
	(168, 159, 927),
	(169, 159, 272),
	(170, 160, 285),
	(171, 160, 786),
	(172, 160, 81),
	(173, 161, 178),
	(174, 161, 61),
	(175, 165, 266),
	(176, 165, 589),
	(177, 165, 565),
	(178, 165, 443),
	(179, 169, 253),
	(180, 169, 144),
	(181, 173, 28),
	(182, 173, 617),
	(183, 173, 94),
	(184, 173, 233),
	(185, 173, 779),
	(186, 176, 317),
	(187, 176, 606),
	(188, 180, 783),
	(189, 180, 161),
	(190, 184, 157),
	(191, 185, 488),
	(192, 186, 72),
	(193, 186, 725),
	(194, 186, 415),
	(195, 188, 705),
	(196, 188, 929),
	(197, 188, 167),
	(198, 191, 373),
	(199, 191, 535),
	(200, 193, 667),
	(201, 193, 933),
	(202, 197, 828),
	(203, 197, 427),
	(204, 197, 825),
	(205, 199, 56),
	(206, 199, 852),
	(207, 199, 583),
	(208, 199, 786),
	(209, 202, 521),
	(210, 202, 263),
	(211, 206, 805),
	(212, 208, 991),
	(213, 209, 777),
	(214, 209, 836),
	(215, 209, 597),
	(216, 211, 699),
	(217, 214, 388),
	(218, 214, 829),
	(219, 218, 300),
	(220, 218, 233),
	(221, 221, 910),
	(222, 221, 669),
	(223, 224, 222),
	(224, 227, 316),
	(225, 227, 162),
	(226, 236, 513),
	(227, 237, 892),
	(228, 237, 690),
	(229, 239, 165),
	(230, 240, 323),
	(231, 240, 529),
	(232, 244, 600),
	(233, 244, 298),
	(234, 244, 157),
	(235, 244, 674),
	(236, 244, 230),
	(237, 247, 16),
	(238, 247, 181),
	(239, 247, 817),
	(240, 247, 864),
	(241, 248, 158),
	(242, 248, 392),
	(243, 248, 162),
	(244, 250, 27),
	(245, 250, 625),
	(246, 250, 100),
	(247, 257, 481),
	(248, 257, 439),
	(249, 258, 685),
	(250, 258, 454),
	(251, 258, 201),
	(252, 258, 184),
	(253, 258, 609),
	(254, 263, 507),
	(255, 264, 641),
	(256, 264, 623),
	(257, 264, 237),
	(258, 264, 563),
	(259, 265, 918),
	(260, 265, 27),
	(261, 266, 793),
	(262, 266, 974),
	(263, 268, 723),
	(264, 268, 845),
	(265, 271, 850),
	(266, 271, 538),
	(267, 271, 930),
	(268, 271, 736),
	(269, 273, 684),
	(270, 273, 419),
	(271, 274, 850),
	(272, 274, 917),
	(273, 276, 915),
	(274, 276, 50),
	(275, 277, 687),
	(276, 278, 844),
	(277, 278, 224),
	(278, 278, 955),
	(279, 278, 300),
	(280, 278, 264),
	(281, 278, 287),
	(282, 279, 373),
	(283, 279, 58),
	(284, 281, 832),
	(285, 288, 352),
	(286, 288, 378),
	(287, 288, 463),
	(288, 290, 292),
	(289, 294, 380),
	(290, 294, 621),
	(291, 295, 170),
	(292, 301, 801),
	(293, 301, 193),
	(294, 301, 104),
	(295, 305, 692),
	(296, 305, 514),
	(297, 305, 614),
	(298, 306, 492),
	(299, 308, 962),
	(300, 308, 342),
	(301, 308, 755),
	(302, 309, 365),
	(303, 309, 589),
	(304, 309, 314),
	(305, 316, 28),
	(306, 317, 210),
	(307, 317, 277),
	(308, 317, 328),
	(309, 317, 704),
	(310, 320, 790),
	(311, 320, 651),
	(312, 328, 926),
	(313, 328, 648),
	(314, 328, 338),
	(315, 329, 834),
	(316, 330, 631),
	(317, 330, 296),
	(318, 335, 182),
	(319, 335, 238),
	(320, 337, 129),
	(321, 337, 799),
	(322, 338, 246),
	(323, 338, 729),
	(324, 338, 378),
	(325, 338, 896),
	(326, 339, 992),
	(327, 339, 11),
	(328, 339, 353),
	(329, 339, 365),
	(330, 339, 980),
	(331, 341, 84),
	(332, 342, 797),
	(333, 345, 1000),
	(334, 346, 613),
	(335, 346, 745),
	(336, 346, 518),
	(337, 346, 805),
	(338, 346, 335),
	(339, 350, 662),
	(340, 350, 610),
	(341, 351, 698),
	(342, 351, 247),
	(343, 351, 976),
	(344, 353, 550),
	(345, 353, 211),
	(346, 353, 394),
	(347, 353, 934),
	(348, 354, 993),
	(349, 356, 66),
	(350, 356, 254),
	(351, 356, 721),
	(352, 358, 272),
	(353, 358, 639),
	(354, 360, 716),
	(355, 361, 944),
	(356, 361, 82),
	(357, 361, 906),
	(358, 362, 801),
	(359, 370, 735),
	(360, 370, 936),
	(361, 377, 287),
	(362, 377, 890),
	(363, 377, 303),
	(364, 377, 362),
	(365, 379, 632),
	(366, 381, 499),
	(367, 381, 74),
	(368, 382, 100),
	(369, 382, 531),
	(370, 384, 637),
	(371, 384, 250),
	(372, 384, 101),
	(373, 386, 601),
	(374, 386, 108),
	(375, 387, 2),
	(376, 387, 443),
	(377, 391, 433),
	(378, 392, 373),
	(379, 392, 683),
	(380, 393, 328),
	(381, 393, 634),
	(382, 393, 371),
	(383, 395, 146),
	(384, 401, 984),
	(385, 401, 245),
	(386, 401, 132),
	(387, 401, 646),
	(388, 406, 871),
	(389, 407, 781),
	(390, 407, 996),
	(391, 408, 143),
	(392, 408, 833),
	(393, 408, 814),
	(394, 410, 756),
	(395, 410, 580),
	(396, 414, 427),
	(397, 414, 993),
	(398, 416, 1004),
	(399, 416, 957),
	(400, 416, 309),
	(401, 418, 789),
	(402, 420, 395),
	(403, 420, 445),
	(404, 420, 631),
	(405, 420, 279),
	(406, 420, 610),
	(407, 420, 563),
	(408, 423, 153),
	(409, 423, 628),
	(410, 423, 11),
	(411, 425, 261),
	(412, 427, 421),
	(413, 427, 477),
	(414, 428, 704),
	(415, 428, 986),
	(416, 428, 193),
	(417, 428, 301),
	(418, 430, 762),
	(419, 430, 970),
	(420, 430, 259),
	(421, 430, 277),
	(422, 430, 118),
	(423, 438, 576),
	(424, 438, 340),
	(425, 439, 727),
	(426, 439, 64),
	(427, 440, 854),
	(428, 441, 383),
	(429, 441, 482),
	(430, 441, 105),
	(431, 442, 886),
	(432, 442, 366),
	(433, 442, 304),
	(434, 445, 325),
	(435, 445, 156),
	(436, 446, 111),
	(437, 446, 856),
	(438, 446, 147),
	(439, 446, 682),
	(440, 448, 248),
	(441, 448, 89),
	(442, 448, 533),
	(443, 451, 29),
	(444, 451, 757),
	(445, 453, 146),
	(446, 453, 664),
	(447, 453, 557),
	(448, 453, 715),
	(449, 453, 185),
	(450, 455, 123),
	(451, 455, 31),
	(452, 458, 5),
	(453, 459, 519),
	(454, 459, 222),
	(455, 459, 404),
	(456, 459, 844),
	(457, 460, 448),
	(458, 460, 581),
	(459, 460, 507),
	(460, 460, 46),
	(461, 460, 672),
	(462, 463, 734),
	(463, 463, 609),
	(464, 463, 634),
	(465, 464, 37),
	(466, 464, 509),
	(467, 464, 66),
	(468, 468, 939),
	(469, 468, 126),
	(470, 468, 377),
	(471, 469, 261),
	(472, 471, 436),
	(473, 471, 806),
	(474, 471, 452),
	(475, 472, 931),
	(476, 475, 423),
	(477, 475, 50),
	(478, 475, 128),
	(479, 476, 272),
	(480, 479, 130),
	(481, 479, 203),
	(482, 479, 917),
	(483, 480, 680),
	(484, 482, 160),
	(485, 482, 726),
	(486, 482, 682),
	(487, 482, 360),
	(488, 482, 552),
	(489, 483, 503),
	(490, 483, 795),
	(491, 485, 776),
	(492, 485, 7),
	(493, 487, 635),
	(494, 487, 894),
	(495, 489, 601),
	(496, 489, 1004),
	(497, 491, 579),
	(498, 491, 965),
	(499, 491, 88),
	(500, 493, 723),
	(501, 493, 248),
	(502, 493, 627),
	(503, 493, 528),
	(504, 494, 884),
	(505, 495, 113),
	(506, 495, 622),
	(507, 495, 683),
	(508, 495, 166),
	(509, 495, 819),
	(510, 497, 842),
	(511, 502, 111),
	(512, 502, 243),
	(513, 502, 551),
	(514, 504, 331),
	(515, 504, 741),
	(516, 507, 869),
	(517, 507, 285),
	(518, 509, 337),
	(519, 509, 69),
	(520, 509, 528),
	(521, 509, 938),
	(522, 509, 611),
	(523, 510, 292),
	(524, 510, 849),
	(525, 511, 702),
	(526, 511, 727),
	(527, 511, 603),
	(528, 513, 842),
	(529, 513, 250),
	(530, 513, 817),
	(531, 514, 42),
	(532, 516, 172),
	(533, 516, 297),
	(534, 517, 836),
	(535, 517, 840),
	(536, 518, 260),
	(537, 518, 199),
	(538, 520, 927),
	(539, 520, 784),
	(540, 520, 579),
	(541, 520, 176),
	(542, 521, 519),
	(543, 521, 505),
	(544, 523, 287),
	(545, 525, 627),
	(546, 525, 510),
	(547, 525, 70),
	(548, 526, 882),
	(549, 526, 223),
	(550, 526, 983),
	(551, 526, 557),
	(552, 526, 427),
	(553, 536, 987),
	(554, 536, 552),
	(555, 536, 230),
	(556, 537, 928),
	(557, 537, 370),
	(558, 537, 640),
	(559, 537, 832),
	(560, 538, 794),
	(561, 541, 206),
	(562, 541, 592),
	(563, 541, 216),
	(564, 544, 894),
	(565, 545, 665),
	(566, 545, 124),
	(567, 550, 371),
	(568, 553, 728),
	(569, 554, 653),
	(570, 554, 307),
	(571, 554, 657),
	(572, 557, 724),
	(573, 557, 463),
	(574, 557, 299),
	(575, 557, 11),
	(576, 558, 896),
	(577, 558, 217),
	(578, 559, 915),
	(579, 559, 295),
	(580, 560, 500),
	(581, 561, 37),
	(582, 561, 864),
	(583, 565, 750),
	(584, 570, 879),
	(585, 570, 26),
	(586, 570, 432),
	(587, 571, 748),
	(588, 572, 734),
	(589, 572, 836),
	(590, 573, 343),
	(591, 576, 157),
	(592, 576, 884),
	(593, 576, 622),
	(594, 576, 446),
	(595, 577, 64),
	(596, 577, 330),
	(597, 579, 471),
	(598, 579, 744),
	(599, 579, 784),
	(600, 582, 327),
	(601, 585, 37),
	(602, 585, 133),
	(603, 585, 290),
	(604, 585, 43),
	(605, 585, 116),
	(606, 585, 128),
	(607, 586, 477),
	(608, 586, 636),
	(609, 586, 289),
	(610, 586, 529),
	(611, 587, 79),
	(612, 587, 906),
	(613, 587, 953),
	(614, 589, 587),
	(615, 589, 359),
	(616, 589, 586),
	(617, 590, 95),
	(618, 590, 72),
	(619, 591, 118),
	(620, 592, 594),
	(621, 592, 177),
	(622, 594, 446),
	(623, 594, 98),
	(624, 594, 465),
	(625, 598, 162),
	(626, 598, 501),
	(627, 598, 847),
	(628, 599, 948),
	(629, 602, 387),
	(630, 602, 974),
	(631, 602, 718),
	(632, 603, 727),
	(633, 603, 927),
	(634, 603, 290),
	(635, 605, 336),
	(636, 605, 100),
	(637, 605, 809),
	(638, 608, 733),
	(639, 608, 880),
	(640, 609, 633),
	(641, 609, 182),
	(642, 609, 8),
	(643, 609, 988),
	(644, 612, 587),
	(645, 612, 1002),
	(646, 612, 57),
	(647, 614, 355),
	(648, 614, 77),
	(649, 614, 345),
	(650, 616, 733),
	(651, 616, 6),
	(652, 621, 23),
	(653, 621, 768),
	(654, 621, 427),
	(655, 621, 759),
	(656, 621, 465),
	(657, 622, 859),
	(658, 622, 892),
	(659, 622, 977),
	(660, 622, 588),
	(661, 622, 52),
	(662, 623, 259),
	(663, 623, 976),
	(664, 625, 377),
	(665, 625, 88),
	(666, 628, 544),
	(667, 628, 362),
	(668, 628, 968),
	(669, 629, 213),
	(670, 629, 730),
	(671, 629, 344),
	(672, 632, 154),
	(673, 632, 479),
	(674, 632, 157),
	(675, 632, 791),
	(676, 634, 325),
	(677, 636, 673),
	(678, 636, 741),
	(679, 636, 160),
	(680, 636, 885),
	(681, 638, 504),
	(682, 638, 690),
	(683, 640, 154),
	(684, 640, 767),
	(685, 640, 807),
	(686, 640, 783),
	(687, 641, 629),
	(688, 641, 395),
	(689, 641, 479),
	(690, 642, 427),
	(691, 642, 258),
	(692, 644, 377),
	(693, 644, 355),
	(694, 644, 675),
	(695, 644, 282),
	(696, 646, 122),
	(697, 646, 601),
	(698, 646, 928),
	(699, 648, 801),
	(700, 648, 443),
	(701, 649, 764),
	(702, 649, 987),
	(703, 649, 118),
	(704, 651, 441),
	(705, 651, 113),
	(706, 651, 799),
	(707, 651, 480),
	(708, 654, 100),
	(709, 655, 399),
	(710, 655, 256),
	(711, 657, 258),
	(712, 657, 471),
	(713, 659, 370),
	(714, 664, 349),
	(715, 665, 387),
	(716, 665, 108),
	(717, 665, 753),
	(718, 669, 705),
	(719, 669, 883),
	(720, 672, 290),
	(721, 672, 151),
	(722, 672, 577),
	(723, 672, 620),
	(724, 673, 856),
	(725, 675, 807),
	(726, 675, 621),
	(727, 677, 383),
	(728, 677, 762),
	(729, 680, 348),
	(730, 682, 598),
	(731, 682, 772),
	(732, 682, 96),
	(733, 682, 566),
	(734, 682, 73),
	(735, 684, 436),
	(736, 685, 218),
	(737, 688, 787),
	(738, 689, 621),
	(739, 692, 579),
	(740, 692, 476),
	(741, 694, 775),
	(742, 694, 953),
	(743, 694, 478),
	(744, 697, 122),
	(745, 698, 617),
	(746, 698, 933),
	(747, 707, 428),
	(748, 707, 638),
	(749, 708, 307),
	(750, 708, 923),
	(751, 708, 88),
	(752, 708, 308),
	(753, 710, 561),
	(754, 711, 125),
	(755, 715, 245),
	(756, 715, 704),
	(757, 719, 188),
	(758, 720, 109),
	(759, 720, 32),
	(760, 722, 892),
	(761, 722, 40),
	(762, 722, 256),
	(763, 722, 668),
	(764, 728, 1007),
	(765, 730, 555),
	(766, 730, 20),
	(767, 733, 904),
	(768, 733, 378),
	(769, 740, 354),
	(770, 740, 679),
	(771, 740, 287),
	(772, 744, 828),
	(773, 744, 885),
	(774, 744, 80),
	(775, 746, 214),
	(776, 748, 852),
	(777, 748, 707),
	(778, 748, 370),
	(779, 748, 697),
	(780, 749, 45),
	(781, 752, 484),
	(782, 752, 34),
	(783, 754, 178),
	(784, 754, 953),
	(785, 754, 482),
	(786, 757, 79),
	(787, 757, 554),
	(788, 757, 97),
	(789, 757, 973),
	(790, 758, 716),
	(791, 760, 855),
	(792, 760, 974),
	(793, 760, 91),
	(794, 761, 567),
	(795, 761, 599),
	(796, 763, 424),
	(797, 763, 813),
	(798, 764, 49),
	(799, 769, 861),
	(800, 769, 891),
	(801, 769, 344),
	(802, 770, 496),
	(803, 770, 473),
	(804, 770, 616),
	(805, 778, 130),
	(806, 780, 952),
	(807, 780, 219),
	(808, 780, 136),
	(809, 780, 424),
	(810, 780, 197),
	(811, 782, 766),
	(812, 782, 491),
	(813, 784, 406),
	(814, 784, 62),
	(815, 784, 75),
	(816, 785, 791),
	(817, 786, 589),
	(818, 786, 518),
	(819, 786, 392),
	(820, 786, 707),
	(821, 786, 884),
	(822, 787, 538),
	(823, 788, 886),
	(824, 788, 50),
	(825, 788, 247),
	(826, 788, 532),
	(827, 788, 995),
	(828, 788, 123),
	(829, 790, 912),
	(830, 790, 753),
	(831, 790, 920),
	(832, 790, 11),
	(833, 790, 288),
	(834, 790, 312),
	(835, 793, 730),
	(836, 793, 126),
	(837, 794, 684),
	(838, 794, 113),
	(839, 795, 181),
	(840, 795, 666),
	(841, 795, 664),
	(842, 800, 887),
	(843, 800, 213),
	(844, 800, 408),
	(845, 800, 271),
	(846, 803, 629),
	(847, 804, 890),
	(848, 804, 550),
	(849, 804, 874),
	(850, 818, 641),
	(851, 818, 87),
	(852, 818, 498),
	(853, 818, 825),
	(854, 820, 539),
	(855, 820, 345),
	(856, 820, 459),
	(857, 822, 686),
	(858, 822, 417),
	(859, 822, 675),
	(860, 822, 158),
	(861, 822, 796),
	(862, 822, 654),
	(863, 822, 9),
	(864, 826, 187),
	(865, 826, 803),
	(866, 826, 317),
	(867, 828, 23),
	(868, 830, 361),
	(869, 830, 141),
	(870, 833, 735),
	(871, 833, 839),
	(872, 833, 662),
	(873, 833, 962),
	(874, 841, 602),
	(875, 841, 691),
	(876, 841, 861),
	(877, 843, 426),
	(878, 843, 77),
	(879, 843, 10),
	(880, 844, 171),
	(881, 844, 160),
	(882, 844, 146),
	(883, 844, 220),
	(884, 844, 511),
	(885, 845, 114),
	(886, 845, 175),
	(887, 845, 794),
	(888, 850, 524),
	(889, 850, 177),
	(890, 851, 548),
	(891, 851, 1006),
	(892, 851, 426),
	(893, 851, 870),
	(894, 853, 485),
	(895, 853, 387),
	(896, 853, 978),
	(897, 854, 572),
	(898, 854, 685),
	(899, 855, 784),
	(900, 855, 352),
	(901, 856, 732),
	(902, 856, 19),
	(903, 856, 42),
	(904, 858, 263),
	(905, 859, 22),
	(906, 860, 206),
	(907, 860, 164),
	(908, 860, 909),
	(909, 867, 409),
	(910, 867, 583),
	(911, 867, 219),
	(912, 870, 885),
	(913, 870, 135),
	(914, 872, 382),
	(915, 874, 543),
	(916, 874, 900),
	(917, 874, 842),
	(918, 874, 669),
	(919, 876, 588),
	(920, 879, 539),
	(921, 879, 45),
	(922, 879, 700),
	(923, 879, 977),
	(924, 879, 410),
	(925, 880, 303),
	(926, 880, 672),
	(927, 880, 700),
	(928, 880, 430),
	(929, 882, 1003),
	(930, 883, 989),
	(931, 883, 21),
	(932, 883, 842),
	(933, 884, 88),
	(934, 885, 843),
	(935, 888, 153),
	(936, 888, 122),
	(937, 888, 818),
	(938, 890, 865),
	(939, 893, 825),
	(940, 895, 241),
	(941, 895, 853),
	(942, 895, 75),
	(943, 895, 724),
	(944, 896, 712),
	(945, 904, 267),
	(946, 906, 159),
	(947, 906, 775),
	(948, 910, 725),
	(949, 911, 867),
	(950, 911, 659),
	(951, 914, 708),
	(952, 914, 748),
	(953, 917, 759),
	(954, 917, 321),
	(955, 917, 401),
	(956, 919, 697),
	(957, 919, 413),
	(958, 920, 975),
	(959, 920, 889),
	(960, 920, 702),
	(961, 921, 902),
	(962, 921, 187),
	(963, 921, 582),
	(964, 923, 247),
	(965, 923, 379),
	(966, 925, 845),
	(967, 925, 181),
	(968, 925, 234),
	(969, 925, 340),
	(970, 927, 802),
	(971, 927, 111),
	(972, 928, 691),
	(973, 929, 562),
	(974, 929, 453),
	(975, 929, 41),
	(976, 930, 749),
	(977, 931, 529),
	(978, 931, 981),
	(979, 931, 788),
	(980, 931, 689),
	(981, 932, 405),
	(982, 932, 525),
	(983, 934, 938),
	(984, 934, 583),
	(985, 935, 301),
	(986, 935, 522),
	(987, 942, 484),
	(988, 942, 876),
	(989, 943, 380),
	(990, 943, 158),
	(991, 947, 886),
	(992, 947, 708),
	(993, 948, 226),
	(994, 949, 908),
	(995, 951, 39),
	(996, 955, 508),
	(997, 958, 403),
	(998, 958, 520),
	(999, 958, 674),
	(1000, 959, 88),
	(1001, 960, 246),
	(1002, 960, 594),
	(1003, 960, 378),
	(1004, 963, 782),
	(1005, 963, 269),
	(1006, 963, 343),
	(1007, 967, 304),
	(1008, 967, 657),
	(1009, 967, 693),
	(1010, 970, 366),
	(1011, 970, 872),
	(1012, 970, 303),
	(1013, 970, 258),
	(1014, 970, 468),
	(1015, 972, 897),
	(1016, 972, 272),
	(1017, 973, 896),
	(1018, 973, 822),
	(1019, 973, 796),
	(1020, 973, 656),
	(1021, 975, 941),
	(1022, 975, 1002),
	(1023, 975, 112),
	(1024, 976, 629),
	(1025, 978, 437),
	(1026, 978, 304),
	(1027, 978, 871),
	(1028, 979, 461),
	(1029, 979, 42),
	(1030, 979, 592),
	(1031, 979, 357),
	(1032, 979, 114),
	(1033, 981, 92),
	(1034, 981, 136),
	(1035, 982, 428),
	(1036, 982, 610),
	(1037, 983, 440),
	(1038, 983, 732),
	(1039, 983, 42),
	(1040, 983, 483),
	(1041, 989, 490),
	(1042, 989, 556),
	(1043, 991, 262),
	(1044, 991, 892),
	(1045, 994, 901),
	(1046, 997, 707),
	(1047, 998, 924),
	(1048, 998, 923),
	(1049, 998, 374),
	(1050, 999, 151),
	(1051, 999, 613),
	(1052, 999, 931),
	(1053, 999, 140),
	(1054, 999, 682),
	(1055, 1001, 815),
	(1056, 1002, 746),
	(1057, 1002, 851),
	(1058, 1002, 172),
	(1059, 1007, 2);
/*!40000 ALTER TABLE `aux_product_related` ENABLE KEYS */;


-- Дамп структуры для таблица ecom.comments
CREATE TABLE IF NOT EXISTS `comments` (
  `id` int(11) NOT NULL AUTO_INCREMENT,
  `title` varchar(256) NOT NULL,
  `content` longtext NOT NULL,
  `creation_date` timestamp NOT NULL DEFAULT CURRENT_TIMESTAMP,
  `stars` int(11) NOT NULL,
  `person_id` int(11) NOT NULL,
  `product_id` int(11) NOT NULL,
  PRIMARY KEY (`id`),
  KEY `FK_7mkhwfldsy6ure4nei4sgwvg0` (`person_id`),
  KEY `FK_9dgbf2frihdis1se0j19ujgdx` (`product_id`),
  CONSTRAINT `FK_comments_persons` FOREIGN KEY (`person_id`) REFERENCES `persons` (`id`),
  CONSTRAINT `FK_comments_products` FOREIGN KEY (`product_id`) REFERENCES `products` (`id`)
) ENGINE=InnoDB AUTO_INCREMENT=6 DEFAULT CHARSET=utf8;

-- Дамп данных таблицы ecom.comments: ~5 rows (приблизительно)
DELETE FROM `comments`;
/*!40000 ALTER TABLE `comments` DISABLE KEYS */;
INSERT INTO `comments` (`id`, `title`, `content`, `creation_date`, `stars`, `person_id`, `product_id`) VALUES
	(1, 'круто ', 'Этот фильм - продолжение истории о гитаристе Эль Марьячи. На этот раз он пытается помешать могущественному наркобарону Баррильо свергнуть президента Мексики.\r\nЭто задание он получает от продажного агента ЦРУ Сэндса, который не хочет рисковать собственной жизнью ради спасения жизни главы чужого государства. Приключения Эль Марьячи начинаются на фоне грядущей революции, всеобщей неразберихи и кровной мести.\r\nГлавный герой, ставший известным благодаря превосходной игре Антонио Бандераса, великолепно справляется как с гитарой, так и с пистолетом, и, несмотря на все трудности и раны, всегда добивается успеха.', '2014-04-13 20:03:11', 4, 1, 1),
	(2, 'да хз', 'Both your select control and your submit button had the same name attribute, so the last one used was the submit button when you clicked it. All other syntax errors aside.', '2014-04-13 20:51:23', 3, 2, 1),
	(3, 'йцуйцу', 'фвфывфывфыв', '2014-04-23 10:59:22', 0, 1, 2),
	(4, 'fgdfgdfg', 'Семейство Симпсонов известно на весь мир! Стандартная семья, состоящая из пяти членов: веселый и неунывающий папа Гомер, мудрая и рассудительная мама Мардж, их дочка отличница Лиза, несносный мальчишка Барт и маленькая Мэгги. Мультфильм - это настоящая пародия на американскую жизнь, на американский шоу бизнес и устройство. Здесь зрители повстречают множество мультяшных прототипов реально существующих персонажей, окунутся в решение насущных проблем, а т', '2014-05-13 21:51:55', 0, 3, 2),
	(5, 'нгнг', 'жение истории о гитаристе Эль Марьячи. На этот раз он пытается помешать могущественному наркобарону Баррильо свергнуть президента Мексики. Это задание он получает от продажного агента ЦРУ Сэндса, который не хочет рисковать собственной жизнью ради спасения жизни главы чужого государства. Приключения Эль Марьячи начинаются на фоне грядущей революции, всеобщей неразберихи и кровной мести. Главный герой, ставший известным благодаря превосходной игре Антонио Бандераса, великолепно справляется как с гитарой, так и с пи', '2014-05-13 22:05:39', 0, 3, 1);
/*!40000 ALTER TABLE `comments` ENABLE KEYS */;


-- Дамп структуры для таблица ecom.contact_types
CREATE TABLE IF NOT EXISTS `contact_types` (
  `id` int(11) NOT NULL AUTO_INCREMENT,
  `name` varchar(512) NOT NULL,
  `desc` tinytext,
  PRIMARY KEY (`id`)
) ENGINE=InnoDB AUTO_INCREMENT=4 DEFAULT CHARSET=utf8;

-- Дамп данных таблицы ecom.contact_types: ~3 rows (приблизительно)
DELETE FROM `contact_types`;
/*!40000 ALTER TABLE `contact_types` DISABLE KEYS */;
INSERT INTO `contact_types` (`id`, `name`, `desc`) VALUES
	(1, 'Телефон', NULL),
	(2, 'email', NULL),
	(3, 'skype', NULL);
/*!40000 ALTER TABLE `contact_types` ENABLE KEYS */;


-- Дамп структуры для таблица ecom.currencies
CREATE TABLE IF NOT EXISTS `currencies` (
  `id` int(11) NOT NULL AUTO_INCREMENT,
  `name` varchar(64) NOT NULL,
  `short_name` varchar(16) NOT NULL,
  `rate` double DEFAULT '1',
  PRIMARY KEY (`id`)
) ENGINE=InnoDB AUTO_INCREMENT=2 DEFAULT CHARSET=utf8;

-- Дамп данных таблицы ecom.currencies: ~1 rows (приблизительно)
DELETE FROM `currencies`;
/*!40000 ALTER TABLE `currencies` DISABLE KEYS */;
INSERT INTO `currencies` (`id`, `name`, `short_name`, `rate`) VALUES
	(1, 'Рубль', 'руб.', 1);
/*!40000 ALTER TABLE `currencies` ENABLE KEYS */;


-- Дамп структуры для таблица ecom.deliveries
CREATE TABLE IF NOT EXISTS `deliveries` (
  `id` int(11) NOT NULL AUTO_INCREMENT,
  `person_id` int(11) NOT NULL,
  `address_id` int(11) NOT NULL,
  `order_id` int(11) NOT NULL,
  `weight` double NOT NULL,
  `coast` double NOT NULL,
  `delivery_class` tinytext NOT NULL,
  PRIMARY KEY (`id`),
  KEY `FK_546e7d7d3qu5v7lsdtxih7nhm` (`address_id`),
  KEY `FK_k36n9p5v7dd96hpgkwybvbogt` (`order_id`),
  KEY `FK_pm25xo0fbcmg7u5wtmv1k6rud` (`person_id`),
  CONSTRAINT `FK_delivery_address` FOREIGN KEY (`address_id`) REFERENCES `addresses` (`id`),
  CONSTRAINT `FK_delivery_orders` FOREIGN KEY (`order_id`) REFERENCES `orders` (`id`),
  CONSTRAINT `FK_delivery_persons` FOREIGN KEY (`person_id`) REFERENCES `persons` (`id`)
) ENGINE=InnoDB AUTO_INCREMENT=29 DEFAULT CHARSET=utf8;

-- Дамп данных таблицы ecom.deliveries: ~28 rows (приблизительно)
DELETE FROM `deliveries`;
/*!40000 ALTER TABLE `deliveries` DISABLE KEYS */;
INSERT INTO `deliveries` (`id`, `person_id`, `address_id`, `order_id`, `weight`, `coast`, `delivery_class`) VALUES
	(1, 3, 3, 1, 15, 540, 'ru.ecom4u.web.busyness.delivery.types.EMS'),
	(2, 3, 4, 2, 15, 540, 'ru.ecom4u.web.busyness.delivery.types.EMS'),
	(3, 3, 5, 3, 15, 540, 'ru.ecom4u.web.busyness.delivery.types.EMS'),
	(4, 3, 6, 4, 15, 540, 'ru.ecom4u.web.busyness.delivery.types.EMS'),
	(5, 3, 7, 5, 15, 540, 'ru.ecom4u.web.busyness.delivery.types.EMS'),
	(6, 3, 8, 6, 15, 540, 'ru.ecom4u.web.busyness.delivery.types.EMS'),
	(7, 3, 9, 7, 15, 540, 'ru.ecom4u.web.busyness.delivery.types.EMS'),
	(8, 3, 10, 8, 15, 540, 'ru.ecom4u.web.busyness.delivery.types.EMS'),
	(9, 3, 11, 9, 63, 540, 'ru.ecom4u.web.busyness.delivery.types.EMS'),
	(10, 3, 12, 10, 15, 540, 'ru.ecom4u.web.busyness.delivery.types.EMS'),
	(11, 3, 13, 11, 15, 540, 'ru.ecom4u.web.busyness.delivery.types.EMS'),
	(12, 3, 14, 12, 15, 540, 'ru.ecom4u.web.busyness.delivery.types.EMS'),
	(13, 3, 14, 13, 15, 540, 'ru.ecom4u.web.busyness.delivery.types.EMS'),
	(14, 3, 14, 14, 15, 540, 'ru.ecom4u.web.busyness.delivery.types.EMS'),
	(15, 3, 15, 16, 15, 540, 'ru.ecom4u.web.busyness.delivery.types.EMS'),
	(16, 3, 15, 17, 15, 540, 'ru.ecom4u.web.busyness.delivery.types.EMS'),
	(17, 3, 15, 18, 15, 540, 'ru.ecom4u.web.busyness.delivery.types.EMS'),
	(18, 3, 16, 19, 15, 540, 'ru.ecom4u.web.busyness.delivery.types.EMS'),
	(19, 3, 17, 20, 15, 540, 'ru.ecom4u.web.busyness.delivery.types.EMS'),
	(20, 3, 18, 21, 15, 540, 'ru.ecom4u.web.busyness.delivery.types.EMS'),
	(21, 3, 19, 22, 75, 0, 'ru.ecom4u.web.busyness.delivery.types.Pickup'),
	(22, 3, 20, 23, 63, 540, 'ru.ecom4u.web.busyness.delivery.types.EMS'),
	(23, 3, 21, 24, 27, 540, 'ru.ecom4u.web.busyness.delivery.types.EMS'),
	(24, 3, 22, 25, 58, 540, 'ru.ecom4u.web.busyness.delivery.types.EMS'),
	(25, 3, 23, 26, 55, 540, 'ru.ecom4u.web.busyness.delivery.types.EMS'),
	(26, 3, 23, 27, 0, 540, 'ru.ecom4u.web.busyness.delivery.types.EMS'),
	(27, 3, 23, 28, 0, 540, 'ru.ecom4u.web.busyness.delivery.types.EMS'),
	(28, 3, 24, 29, 3, 540, 'ru.ecom4u.web.busyness.delivery.types.EMS');
/*!40000 ALTER TABLE `deliveries` ENABLE KEYS */;


-- Дамп структуры для таблица ecom.orders
CREATE TABLE IF NOT EXISTS `orders` (
  `id` int(11) NOT NULL AUTO_INCREMENT,
  `uuid` varchar(64) NOT NULL,
  `person_id` int(11) NOT NULL,
  `order_status` tinyint(4) NOT NULL,
  `coast` double DEFAULT NULL,
  `sum_coast` double DEFAULT NULL,
  `creation_date` timestamp NOT NULL DEFAULT CURRENT_TIMESTAMP,
  `payment_class` tinytext,
  `comment` text,
  PRIMARY KEY (`id`),
  KEY `FK_iej2da8bimqjxwvdma0eq8qus` (`person_id`),
  CONSTRAINT `FK_orders_persons` FOREIGN KEY (`person_id`) REFERENCES `persons` (`id`)
) ENGINE=InnoDB AUTO_INCREMENT=30 DEFAULT CHARSET=utf8;

-- Дамп данных таблицы ecom.orders: ~29 rows (приблизительно)
DELETE FROM `orders`;
/*!40000 ALTER TABLE `orders` DISABLE KEYS */;
INSERT INTO `orders` (`id`, `uuid`, `person_id`, `order_status`, `coast`, `sum_coast`, `creation_date`, `payment_class`, `comment`) VALUES
	(1, '0edd9a8f-22b5-4bf8-aa84-45ba025d0d54', 3, 0, 5.89, 545.89, '2014-08-14 06:25:55', '', 'лл'),
	(2, '7cb42c9e-6822-4cf3-abbd-b0d8b6772a46', 3, 0, 5.89, 545.89, '2014-08-14 06:28:35', '', ''),
	(3, '2401c3d9-d882-4537-8450-baa641b3c6e4', 3, 0, 5.89, 545.89, '2014-08-14 06:31:50', '', 'пропро'),
	(4, 'a4f7712b-56cc-478e-a6c5-6620b594b794', 3, 0, 5.89, 545.89, '2014-08-14 08:55:41', 'ru.ecom4u.web.busyness.payment.types.PayPal', '2222222222222'),
	(5, 'ccb4d365-de8c-4a22-8ee3-f44df9e3d389', 3, 0, 5.89, 545.89, '2014-08-14 08:57:20', 'ru.ecom4u.web.busyness.payment.types.PayPal', ''),
	(6, '093b1823-49dc-46b9-a170-5d0e67db2594', 3, 0, 5.89, 545.89, '2014-08-14 09:02:23', 'ru.ecom4u.web.busyness.payment.types.PayPal', '7787878787'),
	(7, '39ea170f-6b62-4461-b244-607bbf65f983', 3, 0, 5.89, 545.89, '2014-08-14 09:04:58', 'ru.ecom4u.web.busyness.payment.types.PayPal', 'ddd'),
	(8, '78b3394c-4524-4927-836e-7b68ccbe56b9', 3, 0, 5.89, 545.89, '2014-08-14 09:17:22', 'ru.ecom4u.web.busyness.payment.types.PayPal', 'jkjkjkjkjk'),
	(9, '3b2d82e6-cf4d-437f-8de4-0910e6e3bbfc', 3, 0, 15.25, 555.25, '2014-08-14 09:22:51', 'ru.ecom4u.web.busyness.payment.types.PayPal', ''),
	(10, '22450f20-3f59-4ca2-8256-be4035d47821', 3, 0, 5.89, 545.89, '2014-08-14 09:27:54', 'ru.ecom4u.web.busyness.payment.types.PayPal', ''),
	(11, '6e6b1cf7-452e-4126-a6be-8e02623c6fc0', 3, 0, 5.89, 545.89, '2014-08-14 09:29:46', 'ru.ecom4u.web.busyness.payment.types.PayPal', ''),
	(12, '9cefe00c-a477-41e7-8ecf-ca9935190097', 3, 0, 5.89, 545.89, '2014-08-14 09:43:36', 'ru.ecom4u.web.busyness.payment.types.PayPal', ''),
	(13, 'fdc59a50-bdc3-4daa-bb12-4d337995fea6', 3, 0, 5.89, 545.89, '2014-08-14 09:55:42', 'ru.ecom4u.web.busyness.payment.types.PayPal', ''),
	(14, '5970768d-7d0e-44ee-81af-1c2162fa560e', 3, 0, 5.89, 545.89, '2014-08-14 09:55:51', 'ru.ecom4u.web.busyness.payment.types.PayPal', ''),
	(15, '2b51cbea-4c20-487e-8120-25c7945dba53', 3, 0, NULL, NULL, '2014-08-14 09:57:04', NULL, NULL),
	(16, '47b99df5-c863-4a67-bd7a-8dfb39cc932a', 3, 0, 5.89, 545.89, '2014-08-14 10:01:01', 'ru.ecom4u.web.busyness.payment.types.PayPal', ''),
	(17, '84eaa85c-5060-4c4b-9f26-0ffb479faf87', 3, 0, 5.89, 545.89, '2014-08-14 10:02:39', 'ru.ecom4u.web.busyness.payment.types.Webmoney', ''),
	(18, '9fa6f78f-da04-43bf-b36f-fbf87f5d00e0', 3, 0, 5.89, 545.89, '2014-08-14 10:03:40', 'ru.ecom4u.web.busyness.payment.types.Webmoney', ''),
	(19, '21ef489d-11e3-4704-9a8f-01c7c3366ea7', 3, 0, 1016.89, 1556.8899999999999, '2014-08-14 10:04:39', 'ru.ecom4u.web.busyness.payment.types.OnDelivery', ''),
	(20, 'abaa6a2f-7da2-4f78-bec8-dc9286294032', 3, 0, 1016.89, 1556.8899999999999, '2014-08-14 10:34:44', 'ru.ecom4u.web.busyness.payment.types.PayPal', ''),
	(21, '1a2d4381-b90c-4d00-9892-a764a920ed7e', 3, 0, 5.89, 545.89, '2014-08-18 09:16:28', 'ru.ecom4u.web.busyness.payment.types.PayPal', ''),
	(22, '742f0d7a-9872-4cec-a911-c89f39c0c948', 3, 0, 17.59, 17.59, '2014-08-18 10:32:57', 'ru.ecom4u.web.busyness.payment.types.PayPal', ''),
	(23, 'f01a4a44-97b2-467b-9f61-46bde25fec0f', 3, 0, 15.25, 555.25, '2014-08-18 11:54:01', 'ru.ecom4u.web.busyness.payment.types.PayPal', ''),
	(24, '7b77bcd0-f341-4aab-b46f-51f225551640', 3, 0, 8.23, 548.23, '2014-08-23 17:21:31', 'ru.ecom4u.web.busyness.payment.types.PayPal', ''),
	(25, '59a826bb-e2d6-468e-852e-ae10cce752ad', 3, 0, 7.55, 547.55, '2014-08-23 17:54:25', 'ru.ecom4u.web.busyness.payment.types.PayPal', ''),
	(26, '038cbef8-9d54-4fd0-b4fd-fe0634ce420b', 3, 0, 9, 549, '2014-08-23 17:55:36', 'ru.ecom4u.web.busyness.payment.types.PayPal', ''),
	(27, 'e75b7733-1710-4660-acf3-b3cd9fa3b20c', 3, 0, 0, 540, '2014-08-23 17:56:43', 'ru.ecom4u.web.busyness.payment.types.PayPal', ''),
	(28, '9cd1fbfb-b945-4068-8d4e-bfe3b3b831e9', 3, 0, 0, 540, '2014-08-23 17:57:02', 'ru.ecom4u.web.busyness.payment.types.PayPal', ''),
	(29, 'f34961ec-b70e-4a1d-b541-c9248d12d200', 3, 0, 3.55, 543.55, '2014-08-23 17:58:56', 'ru.ecom4u.web.busyness.payment.types.PayPal', '');
/*!40000 ALTER TABLE `orders` ENABLE KEYS */;


-- Дамп структуры для таблица ecom.order_products
CREATE TABLE IF NOT EXISTS `order_products` (
  `id` int(11) NOT NULL AUTO_INCREMENT,
  `order_id` int(11) NOT NULL,
  `product_id` int(11) NOT NULL,
  `count` int(11) NOT NULL,
  `addedDate` datetime NOT NULL,
  PRIMARY KEY (`id`)
) ENGINE=InnoDB AUTO_INCREMENT=48 DEFAULT CHARSET=utf8;

-- Дамп данных таблицы ecom.order_products: ~47 rows (приблизительно)
DELETE FROM `order_products`;
/*!40000 ALTER TABLE `order_products` DISABLE KEYS */;
INSERT INTO `order_products` (`id`, `order_id`, `product_id`, `count`, `addedDate`) VALUES
	(1, 6, 2, 1, '0000-00-00 00:00:00'),
	(2, 6, 3, 1, '0000-00-00 00:00:00'),
	(3, 7, 2, 1, '0000-00-00 00:00:00'),
	(4, 7, 3, 1, '0000-00-00 00:00:00'),
	(5, 8, 2, 1, '0000-00-00 00:00:00'),
	(6, 8, 3, 1, '0000-00-00 00:00:00'),
	(7, 9, 2, 5, '0000-00-00 00:00:00'),
	(8, 9, 3, 1, '0000-00-00 00:00:00'),
	(9, 10, 2, 1, '0000-00-00 00:00:00'),
	(10, 10, 3, 1, '0000-00-00 00:00:00'),
	(11, 11, 2, 1, '0000-00-00 00:00:00'),
	(12, 11, 3, 1, '0000-00-00 00:00:00'),
	(13, 12, 2, 1, '0000-00-00 00:00:00'),
	(14, 12, 3, 1, '0000-00-00 00:00:00'),
	(15, 13, 2, 1, '0000-00-00 00:00:00'),
	(16, 13, 3, 1, '0000-00-00 00:00:00'),
	(17, 14, 2, 1, '0000-00-00 00:00:00'),
	(18, 14, 3, 1, '0000-00-00 00:00:00'),
	(19, 15, 2, 1, '0000-00-00 00:00:00'),
	(20, 15, 3, 1, '0000-00-00 00:00:00'),
	(21, 16, 2, 1, '0000-00-00 00:00:00'),
	(22, 16, 3, 1, '0000-00-00 00:00:00'),
	(23, 17, 2, 1, '0000-00-00 00:00:00'),
	(24, 17, 3, 1, '0000-00-00 00:00:00'),
	(25, 18, 2, 1, '0000-00-00 00:00:00'),
	(26, 18, 3, 1, '0000-00-00 00:00:00'),
	(27, 19, 2, 1, '0000-00-00 00:00:00'),
	(28, 19, 3, 1, '0000-00-00 00:00:00'),
	(29, 19, 11, 1, '0000-00-00 00:00:00'),
	(30, 19, 1000, 1, '0000-00-00 00:00:00'),
	(31, 20, 2, 1, '0000-00-00 00:00:00'),
	(32, 20, 3, 1, '0000-00-00 00:00:00'),
	(33, 20, 11, 1, '0000-00-00 00:00:00'),
	(34, 20, 1000, 1, '0000-00-00 00:00:00'),
	(35, 21, 2, 1, '0000-00-00 00:00:00'),
	(36, 21, 3, 1, '0000-00-00 00:00:00'),
	(37, 22, 2, 6, '0000-00-00 00:00:00'),
	(38, 22, 3, 1, '0000-00-00 00:00:00'),
	(39, 23, 2, 5, '0000-00-00 00:00:00'),
	(40, 23, 3, 1, '0000-00-00 00:00:00'),
	(41, 24, 2, 2, '0000-00-00 00:00:00'),
	(42, 24, 3, 1, '0000-00-00 00:00:00'),
	(43, 25, 3, 1, '0000-00-00 00:00:00'),
	(44, 25, 4, 1, '0000-00-00 00:00:00'),
	(45, 26, 4, 1, '0000-00-00 00:00:00'),
	(46, 26, 5, 1, '0000-00-00 00:00:00'),
	(47, 29, 3, 1, '0000-00-00 00:00:00');
/*!40000 ALTER TABLE `order_products` ENABLE KEYS */;


-- Дамп структуры для таблица ecom.persons
CREATE TABLE IF NOT EXISTS `persons` (
  `id` int(11) NOT NULL AUTO_INCREMENT,
  `fname` tinytext NOT NULL,
  `lname` tinytext NOT NULL,
  `mname` tinytext,
  `gender` bit(1) NOT NULL,
  `birth_date` timestamp NOT NULL DEFAULT CURRENT_TIMESTAMP ON UPDATE CURRENT_TIMESTAMP,
  `address_id` int(11) DEFAULT NULL,
  `picture_id` int(11) DEFAULT NULL,
  `user_id` int(11) NOT NULL,
  PRIMARY KEY (`id`),
  KEY `FK_persons_users` (`user_id`),
  KEY `FK_ck2ybawdmh3xbhdq4lq3lu1pa` (`picture_id`),
  KEY `FK_persons_addresses` (`address_id`),
  CONSTRAINT `FK_persons_addresses` FOREIGN KEY (`address_id`) REFERENCES `addresses` (`id`),
  CONSTRAINT `FK_persons_pictures` FOREIGN KEY (`picture_id`) REFERENCES `pictures` (`id`),
  CONSTRAINT `FK_persons_users` FOREIGN KEY (`user_id`) REFERENCES `users` (`id`)
) ENGINE=InnoDB AUTO_INCREMENT=4 DEFAULT CHARSET=utf8;

-- Дамп данных таблицы ecom.persons: ~3 rows (приблизительно)
DELETE FROM `persons`;
/*!40000 ALTER TABLE `persons` DISABLE KEYS */;
INSERT INTO `persons` (`id`, `fname`, `lname`, `mname`, `gender`, `birth_date`, `address_id`, `picture_id`, `user_id`) VALUES
	(1, 'Иван', 'Иванов', NULL, b'1', '2000-04-13 00:00:00', NULL, NULL, 14),
	(2, 'Катерина', 'Топорова', NULL, b'0', '1987-04-13 00:00:00', NULL, NULL, 15),
	(3, 'Evgeny', 'Knpl', NULL, b'1', '1987-05-15 11:24:31', 1, 39, 5);
/*!40000 ALTER TABLE `persons` ENABLE KEYS */;


-- Дамп структуры для таблица ecom.person_contacts
CREATE TABLE IF NOT EXISTS `person_contacts` (
  `id` int(11) NOT NULL AUTO_INCREMENT,
  `value` longtext NOT NULL,
  `contact_type_id` int(11) NOT NULL,
  `person_id` int(11) NOT NULL,
  PRIMARY KEY (`id`),
  KEY `FK_tc0xfflx5d9fethkufw84kdwv` (`contact_type_id`),
  KEY `FK_31iwjuobjdf1si4a458vjp5rf` (`person_id`),
  CONSTRAINT `FK_person_contacts_contact_types` FOREIGN KEY (`contact_type_id`) REFERENCES `contact_types` (`id`),
  CONSTRAINT `FK_person_contacts_persons` FOREIGN KEY (`person_id`) REFERENCES `persons` (`id`)
) ENGINE=InnoDB AUTO_INCREMENT=4 DEFAULT CHARSET=utf8;

-- Дамп данных таблицы ecom.person_contacts: ~3 rows (приблизительно)
DELETE FROM `person_contacts`;
/*!40000 ALTER TABLE `person_contacts` DISABLE KEYS */;
INSERT INTO `person_contacts` (`id`, `value`, `contact_type_id`, `person_id`) VALUES
	(1, '+7 987 654 32 10 ', 1, 3),
	(2, 'qwe@qwe.ru', 2, 3),
	(3, 'qwe123123', 3, 3);
/*!40000 ALTER TABLE `person_contacts` ENABLE KEYS */;


-- Дамп структуры для таблица ecom.pictures
CREATE TABLE IF NOT EXISTS `pictures` (
  `id` int(11) NOT NULL AUTO_INCREMENT,
  `url_name` varchar(128) NOT NULL,
  `extention` varchar(128) NOT NULL,
  `title` tinytext,
  PRIMARY KEY (`id`),
  UNIQUE KEY `url_name_key` (`url_name`)
) ENGINE=InnoDB AUTO_INCREMENT=40 DEFAULT CHARSET=utf8;

-- Дамп данных таблицы ecom.pictures: ~18 rows (приблизительно)
DELETE FROM `pictures`;
/*!40000 ALTER TABLE `pictures` DISABLE KEYS */;
INSERT INTO `pictures` (`id`, `url_name`, `extention`, `title`) VALUES
	(22, 'NOMVCYHUYYOHLBSRDNUOGLSQUTMTTCTU', 'jpg', '6jelly1280.jpg'),
	(23, 'PNLDCUQQUUPYJQMIHCSUYLJTOQMECLRM', 'jpg', 'accelerator1280.jpg'),
	(24, 'HCKNPDGDIXDGSSYIKHSPFMPWMGIQBXRT', 'jpg', 'accretion1280.jpg'),
	(25, 'TXXIYTFQFQOHSPEIQMATRFTWHUJLQKNB', 'jpg', 'afterglow2k911280.jpg'),
	(26, 'GACQWRSOMAMTDAVYHJNMBQIETVJXJVLQ', 'jpg', 'alpine1280.jpg'),
	(27, 'BJBWOWOIISJYRUHBDXLSNGOHGWRTSJRK', 'jpg', 'amazed1280.jpg'),
	(28, 'FADGMYNWLPXUWQMUGITDINQNISIDVGLH', 'jpg', 'anemone21280.jpg'),
	(29, 'FKHWCRGNBYFVUKVIPYDPNUPWRUWSUETR', 'jpg', 'anen1280.jpg'),
	(30, 'DPJELVPOCIAYKUPUDVNCVRNFOSMFHNAL', 'jpg', 'aquilaeye11280.jpg'),
	(31, 'RCPMSPXCPOBOQKTMKNBVEXCVORSDDVFR', 'jpg', 'arcana21280.jpg'),
	(32, 'AGLFPLSOFTOTRRFIYELIQWCDEEIUYCYU', 'jpg', 'arcana31280.jpg'),
	(33, 'GMTEVGKRTSRWEMHFMOKNRQVNPNENUIKS', 'jpg', 'archaea11280.jpg'),
	(34, 'CKIQEMGIHJVTBMJDSCDJFGSRSMCQYDSP', 'jpg', '1.jpg'),
	(35, 'CBIKXEVHLHYGOOXOUAILNFFPMXOIYCVE', 'jpg', '2.jpg'),
	(36, 'DKNGJIDYIWAMPAIMNRRIIQEWQXUYCKSW', 'jpg', '3.jpg'),
	(37, 'TCVQORMTNJKPRMQRWGVJGIGWSBUTVTLI', 'jpg', '4.jpg'),
	(38, 'AJNGCUNXTAINGWHBCIOINRSGGWMLTNPA', 'jpg', '5.jpg'),
	(39, 'KOPEFVJNRWGPWWVTIUYSRPDSBLLPSWBW', 'jpg', '6.jpg');
/*!40000 ALTER TABLE `pictures` ENABLE KEYS */;


-- Дамп структуры для таблица ecom.products
CREATE TABLE IF NOT EXISTS `products` (
  `id` int(11) NOT NULL AUTO_INCREMENT,
  `amt` int(11) NOT NULL,
  `contains_variants` bit(1) NOT NULL,
  `description` longtext,
  `name` longtext NOT NULL,
  `uuid` varchar(255) NOT NULL,
  `date_of_receipt` timestamp NULL DEFAULT CURRENT_TIMESTAMP,
  `main_pict_id` int(11) DEFAULT NULL,
  `price` double NOT NULL,
  `weight` double NOT NULL,
  `product_category_id` int(11) NOT NULL,
  PRIMARY KEY (`id`),
  KEY `FK_products_pictures` (`main_pict_id`),
  KEY `FK_products_product_categories` (`product_category_id`),
  CONSTRAINT `FK_products_pictures` FOREIGN KEY (`main_pict_id`) REFERENCES `pictures` (`id`),
  CONSTRAINT `FK_products_product_categories` FOREIGN KEY (`product_category_id`) REFERENCES `product_categories` (`id`)
) ENGINE=InnoDB AUTO_INCREMENT=1009 DEFAULT CHARSET=utf8;

-- Дамп данных таблицы ecom.products: ~1 048 rows (приблизительно)
DELETE FROM `products`;
/*!40000 ALTER TABLE `products` DISABLE KEYS */;
INSERT INTO `products` (`id`, `amt`, `contains_variants`, `description`, `name`, `uuid`, `date_of_receipt`, `main_pict_id`, `price`, `weight`, `product_category_id`) VALUES
	(1, 2, b'1', 'Отписание описание товара №1', 'Товар №1', 'a64e780e-463b-4d70-a23b-5f79bfdb16a6', NULL, 29, 1, 0, 1),
	(2, 3, b'0', 'Отписание описание товара №2', 'Товар №2', '845bdf56-ae83-455e-ac63-c6f7b9b6703f', NULL, 26, 2.34, 12, 1),
	(3, 4, b'0', 'Отписание описание товара №3', 'Товар №3', '75b85857-e71b-43ca-a2e6-bcac9a5dbf39', NULL, 30, 3.55, 3, 1),
	(4, 5, b'0', 'Отписание описание товара №4', 'Товар №4', '82b9e2b0-9e54-43c0-aa75-53f681369f63', NULL, 27, 4, 55, 1),
	(5, 6, b'0', 'Отписание описание товара №5', 'Товар №5', '847db7cd-662a-43b8-a660-4f360eecaef8', NULL, 22, 5, 0, 1),
	(6, 7, b'0', 'Отписание описание товара №6', 'Товар №6', 'c12775f7-bc6d-4d3b-8230-f1e989cfb712', NULL, 23, 6, 0, 1),
	(7, 8, b'0', 'Отписание описание товара №7', 'Товар №7', '0fe7fd41-70ff-441d-96b4-56e44c3f239a', NULL, 23, 7, 0, 1),
	(8, 9, b'0', 'Отписание описание товара №8', 'Товар №8', 'ba7d9964-c58c-4ff1-a716-23d1d625557e', NULL, 31, 8, 0, 1),
	(9, 10, b'0', 'Отписание описание товара №9', 'Товар №9', 'a1d20a2e-b74e-4bdd-b473-254dbe84689b', NULL, 24, 9, 0, 1),
	(10, 11, b'0', 'Отписание описание товара №10', 'Товар №10', '74cf6f65-d40f-4ae3-867f-454ed13e1e57', NULL, 28, 10, 0, 1),
	(11, 12, b'0', 'Отписание описание товара №11', 'Товар №11', '8c28e091-1497-4fae-af14-b4e238be8d67', NULL, 25, 11, 0, 1),
	(12, 13, b'0', 'Отписание описание товара №12', 'Товар №12', '0c703d9e-ae1a-4ad1-a94a-f76959698a91', NULL, 30, 12, 0, 1),
	(13, 14, b'0', 'Отписание описание товара №13', 'Товар №13', 'e93fbb5d-751a-40a4-ade0-020e56d22bac', NULL, 32, 13, 0, 2),
	(14, 15, b'0', 'Отписание описание товара №14', 'Товар №14', 'd0aee3ff-a302-4d5d-9a3d-9124a3925925', NULL, 33, 14, 0, 2),
	(15, 16, b'0', 'Отписание описание товара №15', 'Товар №15', 'abfb45e1-e4b7-4217-951f-91aa8f21f564', NULL, 30, 15, 0, 2),
	(16, 17, b'0', 'Отписание описание товара №16', 'Товар №16', 'b08b0c87-ad66-4ba8-b0ff-c708d2fff4a3', NULL, 28, 16, 0, 2),
	(17, 18, b'0', 'Отписание описание товара №17', 'Товар №17', '7d43cee0-2ddd-43d5-88e9-f047ef2c59f8', NULL, 31, 17, 0, 2),
	(18, 19, b'0', 'Отписание описание товара №18', 'Товар №18', '2b260a99-b516-4e38-82fc-855299a89cfe', NULL, 22, 18, 0, 2),
	(19, 20, b'0', 'Отписание описание товара №19', 'Товар №19', 'ee2d0669-ad20-4b73-8da6-fee207542952', NULL, 29, 19, 0, 2),
	(20, 21, b'0', 'Отписание описание товара №20', 'Товар №20', '1f307fb0-7349-43ec-8b08-4b2e1b40ea51', NULL, 30, 20, 0, 2),
	(21, 22, b'0', 'Отписание описание товара №21', 'Товар №21', '92f1172e-ce12-4e4c-84a5-49d5eecd47a4', NULL, 23, 21, 0, 2),
	(22, 23, b'0', 'Отписание описание товара №22', 'Товар №22', '62d190c8-5f69-4bfc-b5d8-89a530fc80e3', NULL, 33, 22, 0, 2),
	(23, 24, b'0', 'Отписание описание товара №23', 'Товар №23', '4bcbc67d-8329-4892-91a9-4ae885322e92', NULL, 29, 23, 0, 2),
	(24, 25, b'0', 'Отписание описание товара №24', 'Товар №24', 'c0dde92f-3838-41e6-b8a4-75407cdb2074', NULL, 23, 24, 0, 2),
	(25, 26, b'0', 'Отписание описание товара №25', 'Товар №25', '9df2902d-9ef3-4b63-83e7-a204f983e2a1', NULL, 26, 25, 0, 3),
	(26, 27, b'0', 'Отписание описание товара №26', 'Товар №26', 'b7e0f9ce-da25-489e-b0a9-5fa64206585a', NULL, 31, 26, 0, 3),
	(27, 28, b'0', 'Отписание описание товара №27', 'Товар №27', 'eedd29f3-fd6f-47fa-a30f-cec3ea3bdfe3', NULL, 33, 27, 0, 3),
	(28, 29, b'0', 'Отписание описание товара №28', 'Товар №28', '6f937b5a-2ebc-4a49-90bf-e3dc57f30144', NULL, 23, 28, 0, 3),
	(29, 30, b'0', 'Отписание описание товара №29', 'Товар №29', '92ab0ca8-61d7-4746-a776-454afb1b724b', NULL, 27, 29, 0, 3),
	(30, 31, b'0', 'Отписание описание товара №30', 'Товар №30', '5e4e12d5-8458-4c64-a0b0-d8affcf1b2c9', NULL, 32, 30, 0, 3),
	(31, 32, b'0', 'Отписание описание товара №31', 'Товар №31', '7f115359-a8c2-4d03-ade7-4bbadadcbe6b', NULL, 24, 31, 0, 3),
	(32, 33, b'0', 'Отписание описание товара №32', 'Товар №32', 'fd872a18-8b56-4b24-9301-335d2bfd0b50', NULL, 33, 32, 0, 3),
	(33, 34, b'0', 'Отписание описание товара №33', 'Товар №33', '223ab632-a57d-4d15-8732-fd30405d7980', NULL, 31, 33, 0, 3),
	(34, 35, b'0', 'Отписание описание товара №34', 'Товар №34', 'ececa717-ae58-4bbb-98d4-cfa49c8ded8d', NULL, 30, 34, 0, 3),
	(35, 36, b'0', 'Отписание описание товара №35', 'Товар №35', 'dcdcfcfd-049f-4c8d-aacb-bc68446b2dd0', NULL, 27, 35, 0, 3),
	(36, 37, b'0', 'Отписание описание товара №36', 'Товар №36', '593480cd-b05d-4562-816c-9d0a590efdff', NULL, 23, 36, 0, 3),
	(37, 38, b'0', 'Отписание описание товара №37', 'Товар №37', '97f156cf-219e-4460-974a-5e52e99a967e', NULL, 22, 37, 0, 4),
	(38, 39, b'0', 'Отписание описание товара №38', 'Товар №38', '804a1fc9-a2e0-4513-adb5-dab6df973539', NULL, 29, 38, 0, 4),
	(39, 40, b'0', 'Отписание описание товара №39', 'Товар №39', 'fee74595-edfa-488b-a02e-02eb93e2b48f', NULL, 28, 39, 0, 4),
	(40, 41, b'0', 'Отписание описание товара №40', 'Товар №40', '558a25f0-8bfa-419b-b073-21a9d8214053', NULL, 28, 40, 0, 4),
	(41, 42, b'0', 'Отписание описание товара №41', 'Товар №41', '7bc09afb-1286-4b6e-932d-67778826cbcf', NULL, 24, 41, 0, 4),
	(42, 43, b'0', 'Отписание описание товара №42', 'Товар №42', '1f577b46-41b2-471f-a84a-7603f73422a5', NULL, 33, 42, 0, 4),
	(43, 44, b'0', 'Отписание описание товара №43', 'Товар №43', '4a3390c6-f788-4040-acee-84549aa9efa4', NULL, 22, 43, 0, 4),
	(44, 45, b'0', 'Отписание описание товара №44', 'Товар №44', '1bff507c-1688-4f88-b6b4-fc37db2b685b', NULL, 30, 44, 0, 4),
	(45, 46, b'0', 'Отписание описание товара №45', 'Товар №45', 'c6b348ce-19fa-4bce-a52e-c095d18b8ea1', NULL, 23, 45, 0, 4),
	(46, 47, b'0', 'Отписание описание товара №46', 'Товар №46', '3123062c-3872-4143-9266-b22baa5bc4d1', NULL, 31, 46, 0, 4),
	(47, 48, b'0', 'Отписание описание товара №47', 'Товар №47', '4b097807-16b6-4a0a-870a-95831de41f23', NULL, 27, 47, 0, 4),
	(48, 49, b'0', 'Отписание описание товара №48', 'Товар №48', '09d20f6c-a8e3-4c86-9b5a-928d24563a2c', NULL, 29, 48, 0, 4),
	(49, 50, b'0', 'Отписание описание товара №49', 'Товар №49', '9c6ceb59-bd79-4efe-8082-cbfef5a99914', NULL, 33, 49, 0, 5),
	(50, 51, b'0', 'Отписание описание товара №50', 'Товар №50', 'e66afbc7-c71f-40a5-b7b9-0eae2abb259b', NULL, 29, 50, 0, 5),
	(51, 52, b'0', 'Отписание описание товара №51', 'Товар №51', '6cfd72b8-8421-4517-8576-04e52b0fb810', NULL, 33, 51, 0, 5),
	(52, 53, b'0', 'Отписание описание товара №52', 'Товар №52', '27581497-b66c-43b7-8706-a2228d1b7914', NULL, 25, 52, 0, 5),
	(53, 54, b'0', 'Отписание описание товара №53', 'Товар №53', 'c4a31845-8d4d-4451-acff-067f1788fffd', NULL, 24, 53, 0, 5),
	(54, 55, b'0', 'Отписание описание товара №54', 'Товар №54', '7f3a1239-4544-439c-be14-9eaa99a22f9b', NULL, 22, 54, 0, 5),
	(55, 56, b'0', 'Отписание описание товара №55', 'Товар №55', 'd1804d4b-6bfd-42f8-b343-a3309f8db5bd', NULL, 24, 55, 0, 5),
	(56, 57, b'0', 'Отписание описание товара №56', 'Товар №56', '40d90b41-e4ba-41f7-a1ac-e8293da661e4', NULL, 24, 56, 0, 5),
	(57, 58, b'0', 'Отписание описание товара №57', 'Товар №57', '1fd78afc-fe3b-476a-9336-3fc63875522c', NULL, 22, 57, 0, 5),
	(58, 59, b'0', 'Отписание описание товара №58', 'Товар №58', '1a8300b6-2ac1-40cd-8c1d-f562b3ba2d75', NULL, 26, 58, 0, 5),
	(59, 60, b'0', 'Отписание описание товара №59', 'Товар №59', '34e5ebce-f346-4ccc-917d-c820812bf2b5', NULL, 27, 59, 0, 5),
	(60, 61, b'0', 'Отписание описание товара №60', 'Товар №60', 'fda093cd-8f53-403e-80de-0b89543c2810', NULL, 24, 60, 0, 5),
	(61, 62, b'0', 'Отписание описание товара №61', 'Товар №61', 'c61f8950-a01e-4482-8e9f-521576b4b779', NULL, 24, 61, 0, 6),
	(62, 63, b'0', 'Отписание описание товара №62', 'Товар №62', 'ccfd8caf-3219-4261-b1de-fc97e7807103', NULL, 32, 62, 0, 6),
	(63, 64, b'0', 'Отписание описание товара №63', 'Товар №63', '78601361-0008-41f6-9374-a4d5d864a7ac', NULL, 23, 63, 0, 6),
	(64, 65, b'0', 'Отписание описание товара №64', 'Товар №64', '89ed70b1-8952-4732-98b5-8a2573e475f8', NULL, 28, 64, 0, 6),
	(65, 66, b'0', 'Отписание описание товара №65', 'Товар №65', '515335e6-ceb7-4ef6-8b01-a26baaec5c99', NULL, 31, 65, 0, 6),
	(66, 67, b'0', 'Отписание описание товара №66', 'Товар №66', 'ec76c4ab-7a56-4dc0-995e-fd52c555b872', NULL, 30, 66, 0, 6),
	(67, 68, b'0', 'Отписание описание товара №67', 'Товар №67', '30cec842-8f3b-43e3-8f52-f6d77e578f78', NULL, 33, 67, 0, 6),
	(68, 69, b'0', 'Отписание описание товара №68', 'Товар №68', 'd4a85333-a2db-4b86-aa5c-ab262d98a72d', NULL, 25, 68, 0, 6),
	(69, 70, b'0', 'Отписание описание товара №69', 'Товар №69', '7391eb6b-baa7-4c1f-a64d-ca1f1f4a77fd', NULL, 33, 69, 0, 6),
	(70, 71, b'0', 'Отписание описание товара №70', 'Товар №70', '12a5dbf4-441a-453f-ac5a-c65a5f6e1955', NULL, 29, 70, 0, 6),
	(71, 72, b'0', 'Отписание описание товара №71', 'Товар №71', 'ebfaadbf-5f2e-4a51-b569-c2ff6e77b9e0', NULL, 23, 71, 0, 6),
	(72, 73, b'0', 'Отписание описание товара №72', 'Товар №72', '316ca14c-5b5b-4760-80f8-921c117a9cf8', NULL, 25, 72, 0, 6),
	(73, 74, b'0', 'Отписание описание товара №73', 'Товар №73', '8678d339-4301-4ced-8741-1e13c8ca378e', NULL, 22, 73, 0, 7),
	(74, 75, b'0', 'Отписание описание товара №74', 'Товар №74', '591b3edb-7ce6-4753-9c9d-56ec03e3d2a5', NULL, 31, 74, 0, 7),
	(75, 76, b'0', 'Отписание описание товара №75', 'Товар №75', '329d3884-c588-45b7-bdbc-11585b3c5e58', NULL, 25, 75, 0, 7),
	(76, 77, b'0', 'Отписание описание товара №76', 'Товар №76', '07df2d65-1613-4bbf-bf0e-a848145aba9a', NULL, 25, 76, 0, 7),
	(77, 78, b'0', 'Отписание описание товара №77', 'Товар №77', '7dc9f9c4-5735-4f7e-a154-a0339fbbbfbb', NULL, 23, 77, 0, 7),
	(78, 79, b'0', 'Отписание описание товара №78', 'Товар №78', '00ed7dd7-d1b9-4ceb-b55b-b2bf19eb6ff1', NULL, 29, 78, 0, 7),
	(79, 80, b'0', 'Отписание описание товара №79', 'Товар №79', 'e5c4017f-c17e-4d6d-95e5-688f476c0fec', NULL, 30, 79, 0, 7),
	(80, 81, b'0', 'Отписание описание товара №80', 'Товар №80', 'ea5eeaa2-43ac-4ffa-b7ab-46a4f7a183a5', NULL, 24, 80, 0, 7),
	(81, 82, b'0', 'Отписание описание товара №81', 'Товар №81', '3935cbc3-3eda-4894-b5fc-8758f3b5e639', NULL, 24, 81, 0, 7),
	(82, 83, b'0', 'Отписание описание товара №82', 'Товар №82', '871a20b4-c88b-46c9-84c7-3a0b954ce2be', NULL, 30, 82, 0, 7),
	(83, 84, b'0', 'Отписание описание товара №83', 'Товар №83', '04cd7c5f-d74f-4197-8126-6ccf9315a449', NULL, 22, 83, 0, 7),
	(84, 85, b'0', 'Отписание описание товара №84', 'Товар №84', '49e27e21-7794-4e8e-8bcd-a47b55347fe2', NULL, 24, 84, 0, 7),
	(85, 86, b'0', 'Отписание описание товара №85', 'Товар №85', '8de4ea9d-714b-46bd-9146-e2d02eba1b64', NULL, 30, 85, 0, 8),
	(86, 87, b'0', 'Отписание описание товара №86', 'Товар №86', '888cf892-a28c-416d-9937-f19f419855ff', NULL, 31, 86, 0, 8),
	(87, 88, b'0', 'Отписание описание товара №87', 'Товар №87', '53ef721c-5e8f-471a-b4fc-6d66d43ed334', NULL, 32, 87, 0, 8),
	(88, 89, b'0', 'Отписание описание товара №88', 'Товар №88', '2240d338-79dd-495c-80f3-af53d734af54', NULL, 23, 88, 0, 8),
	(89, 90, b'0', 'Отписание описание товара №89', 'Товар №89', 'ddb8c8e4-ddbf-4ced-ad91-703f4e2bfb6c', NULL, 32, 89, 0, 8),
	(90, 91, b'0', 'Отписание описание товара №90', 'Товар №90', '277ceee8-28f6-48b6-a1e1-a229a9f85134', NULL, 32, 90, 0, 8),
	(91, 92, b'0', 'Отписание описание товара №91', 'Товар №91', '38ac2f72-8886-4791-a349-d803d1770b39', NULL, 25, 91, 0, 8),
	(92, 93, b'0', 'Отписание описание товара №92', 'Товар №92', '42e39cb7-6695-419c-90a2-f63ad0a5b711', NULL, 26, 92, 0, 8),
	(93, 94, b'0', 'Отписание описание товара №93', 'Товар №93', 'ebef77ba-fc3c-489d-8a89-526ac77703ea', NULL, 23, 93, 0, 8),
	(94, 95, b'0', 'Отписание описание товара №94', 'Товар №94', 'd814f13d-3e1f-4cd3-b19b-37686915a6c6', NULL, 29, 94, 0, 8),
	(95, 96, b'0', 'Отписание описание товара №95', 'Товар №95', '4adb14cc-5b94-4867-b590-abf4c844e8e5', NULL, 32, 95, 0, 8),
	(96, 97, b'0', 'Отписание описание товара №96', 'Товар №96', 'b89cec5f-b6b5-43b3-a303-bc4f39284d3b', NULL, 31, 96, 0, 8),
	(97, 98, b'0', 'Отписание описание товара №97', 'Товар №97', '556554d9-4c76-4978-a38c-a7f234851fe7', NULL, 26, 97, 0, 9),
	(98, 99, b'0', 'Отписание описание товара №98', 'Товар №98', '81374236-9104-4fc5-877a-3e9d95503ffb', NULL, 30, 98, 0, 9),
	(99, 100, b'0', 'Отписание описание товара №99', 'Товар №99', 'f3ce9a36-dfea-4e0b-8645-47092b14d65c', NULL, 29, 99, 0, 9),
	(100, 101, b'0', 'Отписание описание товара №100', 'Товар №100', 'c72f6c44-dad0-467a-9659-338d0ef6e4c0', NULL, 26, 100, 0, 9),
	(101, 102, b'0', 'Отписание описание товара №101', 'Товар №101', '2acf4764-d1b0-4a7f-b5d9-2d3d1dda71e3', NULL, 32, 101, 0, 9),
	(102, 103, b'0', 'Отписание описание товара №102', 'Товар №102', 'ee52d49a-5e9c-42b4-9a23-35e3337cc001', NULL, 28, 102, 0, 9),
	(103, 104, b'0', 'Отписание описание товара №103', 'Товар №103', 'd7f60a26-65a9-47f0-ba6a-9dc9aa54c8a9', NULL, 33, 103, 0, 9),
	(104, 105, b'0', 'Отписание описание товара №104', 'Товар №104', '305ec1e2-ba56-405c-8085-d3dd1aac4e4a', NULL, 32, 104, 0, 9),
	(105, 106, b'0', 'Отписание описание товара №105', 'Товар №105', 'c5406c25-5b73-40ad-9789-5d91c0a870e9', NULL, 25, 105, 0, 9),
	(106, 107, b'0', 'Отписание описание товара №106', 'Товар №106', '27e8d9c1-9075-4c46-9a4f-3ea57b1c7fdc', NULL, 26, 106, 0, 9),
	(107, 108, b'0', 'Отписание описание товара №107', 'Товар №107', '8daec5ff-9bdc-4050-aad9-04eb8d1d4774', NULL, 27, 107, 0, 9),
	(108, 109, b'0', 'Отписание описание товара №108', 'Товар №108', '448410e1-3381-46bf-ac91-3f6969987858', NULL, 23, 108, 0, 9),
	(109, 110, b'0', 'Отписание описание товара №109', 'Товар №109', 'c3aff123-d1ac-4c31-a35b-cc669a9f3747', NULL, 31, 109, 0, 10),
	(110, 111, b'0', 'Отписание описание товара №110', 'Товар №110', '41d649b2-a5aa-4ae7-b6a1-f7886b591b77', NULL, 31, 110, 0, 10),
	(111, 112, b'0', 'Отписание описание товара №111', 'Товар №111', '745e3671-26d6-4db3-bc70-99e72b499aea', NULL, 29, 111, 0, 10),
	(112, 113, b'0', 'Отписание описание товара №112', 'Товар №112', '488394d0-e975-44f2-9d95-bba4c824d57b', NULL, 29, 112, 0, 10),
	(113, 114, b'0', 'Отписание описание товара №113', 'Товар №113', 'c906b57f-8fc1-4115-85c8-eb006bdd35a2', NULL, 28, 113, 0, 10),
	(114, 115, b'0', 'Отписание описание товара №114', 'Товар №114', '5a86c165-37ab-41ff-86d1-c644cf359949', NULL, 26, 114, 0, 10),
	(115, 116, b'0', 'Отписание описание товара №115', 'Товар №115', 'a242d062-4370-45fc-b5d8-c9d9a9070e7a', NULL, 27, 115, 0, 10),
	(116, 117, b'0', 'Отписание описание товара №116', 'Товар №116', '7776405b-081b-4355-b3b3-8acc96746cb6', NULL, 26, 116, 0, 10),
	(117, 118, b'0', 'Отписание описание товара №117', 'Товар №117', '2b09872a-684a-48c8-8832-c05e936ed302', NULL, 22, 117, 0, 10),
	(118, 119, b'0', 'Отписание описание товара №118', 'Товар №118', '94f82700-0e59-440d-a55f-6363d58f44ed', NULL, 24, 118, 0, 10),
	(119, 120, b'0', 'Отписание описание товара №119', 'Товар №119', 'ed575207-c332-4000-a1d2-cd95584ee947', NULL, 29, 119, 0, 10),
	(120, 121, b'0', 'Отписание описание товара №120', 'Товар №120', 'd8eeaf8f-332d-412f-8d28-be52fd196b34', NULL, 33, 120, 0, 10),
	(121, 122, b'0', 'Отписание описание товара №121', 'Товар №121', '3c5b95db-26c0-432a-8210-56ffe50f68ae', NULL, 32, 121, 0, 11),
	(122, 123, b'0', 'Отписание описание товара №122', 'Товар №122', '8a7ac66c-a8f1-47ea-a254-dd72480716ae', NULL, 33, 122, 0, 11),
	(123, 124, b'0', 'Отписание описание товара №123', 'Товар №123', 'ee0f6cda-9ee4-4a80-9683-05d913122410', NULL, 32, 123, 0, 11),
	(124, 125, b'0', 'Отписание описание товара №124', 'Товар №124', '5d069ff7-8f73-4f6b-901d-474a11569c2b', NULL, 25, 124, 0, 11),
	(125, 126, b'0', 'Отписание описание товара №125', 'Товар №125', '26e721f9-5a4e-4825-ba76-dd56de030f76', NULL, 29, 125, 0, 11),
	(126, 127, b'0', 'Отписание описание товара №126', 'Товар №126', '0039edb5-fb12-4ea8-baec-a0067988eea8', NULL, 24, 126, 0, 11),
	(127, 128, b'0', 'Отписание описание товара №127', 'Товар №127', '6678b873-4ad2-4263-8bc3-57d37a4c0c40', NULL, 22, 127, 0, 11),
	(128, 129, b'0', 'Отписание описание товара №128', 'Товар №128', 'b6133708-401e-4d69-8584-abfe93910f32', NULL, 26, 128, 0, 11),
	(129, 130, b'0', 'Отписание описание товара №129', 'Товар №129', '8afa8853-37de-4557-85ee-f854b9ca30f4', NULL, 32, 129, 0, 11),
	(130, 131, b'0', 'Отписание описание товара №130', 'Товар №130', '6d536f1e-b9a3-4eb8-b3c1-d0262d4e6859', NULL, 29, 130, 0, 11),
	(131, 132, b'0', 'Отписание описание товара №131', 'Товар №131', '9f72f4de-d448-45ae-97d8-655fe5f3a5d7', NULL, 31, 131, 0, 11),
	(132, 133, b'0', 'Отписание описание товара №132', 'Товар №132', '9491dcb9-2b88-47af-8493-a37cb976003e', NULL, 28, 132, 0, 11),
	(133, 134, b'0', 'Отписание описание товара №133', 'Товар №133', 'cc43f8d6-8275-45f8-939a-fe309fcbc50f', NULL, 29, 133, 0, 12),
	(134, 135, b'0', 'Отписание описание товара №134', 'Товар №134', 'b06415a4-f63e-4048-a3d6-3334610b040d', NULL, 29, 134, 0, 12),
	(135, 136, b'0', 'Отписание описание товара №135', 'Товар №135', '0b0fc75c-eb69-47f6-949c-d00bbc7f4591', NULL, 32, 135, 0, 12),
	(136, 137, b'0', 'Отписание описание товара №136', 'Товар №136', 'ad5e1bbc-9e70-4f31-8782-bc889cd48b18', NULL, 26, 136, 0, 12),
	(137, 138, b'0', 'Отписание описание товара №137', 'Товар №137', '1f45d947-0a94-47f0-9da3-c561393e3345', NULL, 30, 137, 0, 12),
	(138, 139, b'0', 'Отписание описание товара №138', 'Товар №138', '53e446eb-c99b-4854-9a00-c6e118098b4e', NULL, 25, 138, 0, 12),
	(139, 140, b'0', 'Отписание описание товара №139', 'Товар №139', '3ac0f5c7-ed69-4800-9b18-bb79d9a9cf77', NULL, 32, 139, 0, 12),
	(140, 141, b'0', 'Отписание описание товара №140', 'Товар №140', '7ee93b5c-0e91-4d83-8dcd-85cb22fd4395', NULL, 28, 140, 0, 12),
	(141, 142, b'0', 'Отписание описание товара №141', 'Товар №141', '0e1d3992-4778-4ea9-ae82-7bcc5be4b05c', NULL, 26, 141, 0, 12),
	(142, 143, b'0', 'Отписание описание товара №142', 'Товар №142', '09940903-173f-4c27-a1c3-e03004076581', NULL, 28, 142, 0, 12),
	(143, 144, b'0', 'Отписание описание товара №143', 'Товар №143', 'b05149d9-8df1-4e3d-8a54-0fb13d39737e', NULL, 27, 143, 0, 12),
	(144, 145, b'0', 'Отписание описание товара №144', 'Товар №144', '0600e6f8-93bd-44b4-a4c6-c5acd79043e6', NULL, 27, 144, 0, 12),
	(145, 146, b'0', 'Отписание описание товара №145', 'Товар №145', '20c2431e-b7e3-475b-936a-fc5dcb523565', NULL, 25, 145, 0, 13),
	(146, 147, b'0', 'Отписание описание товара №146', 'Товар №146', '36e6e90e-4998-4f54-a0ab-34466bf5dfe6', NULL, 27, 146, 0, 13),
	(147, 148, b'0', 'Отписание описание товара №147', 'Товар №147', 'b81e5de9-b611-4654-afca-ebdce14c87de', NULL, 27, 147, 0, 13),
	(148, 149, b'0', 'Отписание описание товара №148', 'Товар №148', '151571a9-e941-4da3-a998-f5c076341069', NULL, 29, 148, 0, 13),
	(149, 150, b'0', 'Отписание описание товара №149', 'Товар №149', '10bf8183-4a22-4f56-b2f9-546fb8f0def4', NULL, 26, 149, 0, 13),
	(150, 151, b'0', 'Отписание описание товара №150', 'Товар №150', '694b7787-3526-4110-88fc-2324313a16a8', NULL, 30, 150, 0, 13),
	(151, 152, b'0', 'Отписание описание товара №151', 'Товар №151', '8bb68784-50e7-44a3-8408-8be369173ca2', NULL, 29, 151, 0, 13),
	(152, 153, b'0', 'Отписание описание товара №152', 'Товар №152', '1c6550f7-caba-4d82-88d3-a456aec22fb4', NULL, 30, 152, 0, 13),
	(153, 154, b'0', 'Отписание описание товара №153', 'Товар №153', '7d3e9dc5-2bfa-4035-ad2d-53d8f2143ea2', NULL, 33, 153, 0, 13),
	(154, 155, b'0', 'Отписание описание товара №154', 'Товар №154', 'fb945d37-be81-4166-96c1-78968b3ca280', NULL, 29, 154, 0, 13),
	(155, 156, b'0', 'Отписание описание товара №155', 'Товар №155', 'b91a317d-8e99-456e-9bf5-e1269be3b308', NULL, 32, 155, 0, 13),
	(156, 157, b'0', 'Отписание описание товара №156', 'Товар №156', '0ff34024-ef80-4894-b407-ccb845a995e9', NULL, 25, 156, 0, 13),
	(157, 158, b'0', 'Отписание описание товара №157', 'Товар №157', 'a414bef2-8691-4bf2-a951-34dee827296a', NULL, 32, 157, 0, 14),
	(158, 159, b'0', 'Отписание описание товара №158', 'Товар №158', '0109cb85-8709-4570-b561-21a79644c76d', NULL, 24, 158, 0, 14),
	(159, 160, b'0', 'Отписание описание товара №159', 'Товар №159', '34ebaa1a-0c0d-49af-aadd-7cea3670f214', NULL, 25, 159, 0, 14),
	(160, 161, b'0', 'Отписание описание товара №160', 'Товар №160', '57ca1b69-7671-4b89-9791-d0df7e527a1b', NULL, 33, 160, 0, 14),
	(161, 162, b'0', 'Отписание описание товара №161', 'Товар №161', '358fa0a6-430d-42b9-9c27-cc67460024bc', NULL, 28, 161, 0, 14),
	(162, 163, b'0', 'Отписание описание товара №162', 'Товар №162', '2f4cdabe-5459-4023-9d6d-0e45eb1de679', NULL, 25, 162, 0, 14),
	(163, 164, b'0', 'Отписание описание товара №163', 'Товар №163', 'c3879fe1-1c7b-415f-a614-7b5811dc50b6', NULL, 31, 163, 0, 14),
	(164, 165, b'0', 'Отписание описание товара №164', 'Товар №164', 'd926964e-81e0-4598-8a91-83e2f1c73068', NULL, 33, 164, 0, 14),
	(165, 166, b'0', 'Отписание описание товара №165', 'Товар №165', '57868a60-663a-447e-bfbf-207958f314f2', NULL, 29, 165, 0, 14),
	(166, 167, b'0', 'Отписание описание товара №166', 'Товар №166', '7b825856-f19b-4fc7-9f8e-732a22af12c5', NULL, 32, 166, 0, 14),
	(167, 168, b'0', 'Отписание описание товара №167', 'Товар №167', '0294d3ff-2a39-4692-b05f-25eb26719230', NULL, 27, 167, 0, 14),
	(168, 169, b'0', 'Отписание описание товара №168', 'Товар №168', 'bcb26fdc-0ecc-4a59-875a-e0f9d7b29da5', NULL, 26, 168, 0, 14),
	(169, 170, b'0', 'Отписание описание товара №169', 'Товар №169', '7cdf7391-3359-41c2-a284-f3fe49a56d46', NULL, 24, 169, 0, 15),
	(170, 171, b'0', 'Отписание описание товара №170', 'Товар №170', '02316a64-4911-49f3-a45b-ba07c91a3212', NULL, 30, 170, 0, 15),
	(171, 172, b'0', 'Отписание описание товара №171', 'Товар №171', 'ff146d58-a964-4c86-94ba-39f260262e07', NULL, 24, 171, 0, 15),
	(172, 173, b'0', 'Отписание описание товара №172', 'Товар №172', '709ca037-ad79-4129-85f9-b8bbd2b4cb54', NULL, 28, 172, 0, 15),
	(173, 174, b'0', 'Отписание описание товара №173', 'Товар №173', '13641482-2942-4886-b0fe-1166d8f2aa5e', NULL, 30, 173, 0, 15),
	(174, 175, b'0', 'Отписание описание товара №174', 'Товар №174', 'c3bac13f-2714-4124-b37b-deb7daf9e7d1', NULL, 32, 174, 0, 15),
	(175, 176, b'0', 'Отписание описание товара №175', 'Товар №175', '04f2720e-867e-4611-bf58-78d6d662da99', NULL, 32, 175, 0, 15),
	(176, 177, b'0', 'Отписание описание товара №176', 'Товар №176', '7e5d1c8c-f4ad-4d3f-b5d8-06dc63d6ad02', NULL, 30, 176, 0, 15),
	(177, 178, b'0', 'Отписание описание товара №177', 'Товар №177', '68be3044-2c4f-44bf-bb4a-4568785d17aa', NULL, 33, 177, 0, 15),
	(178, 179, b'0', 'Отписание описание товара №178', 'Товар №178', 'da944f3e-f674-4bf9-adfd-91edc5fd3a0e', NULL, 30, 178, 0, 15),
	(179, 180, b'0', 'Отписание описание товара №179', 'Товар №179', '96f5c8eb-d721-4cad-a354-2404293c2028', NULL, 31, 179, 0, 15),
	(180, 181, b'0', 'Отписание описание товара №180', 'Товар №180', '6f4d2803-3590-4ee4-8c0f-9d5b0cf2a752', NULL, 32, 180, 0, 15),
	(181, 182, b'0', 'Отписание описание товара №181', 'Товар №181', 'eb61c52c-7711-4e4a-9580-913549570c85', NULL, 28, 181, 0, 16),
	(182, 183, b'0', 'Отписание описание товара №182', 'Товар №182', '20fc5755-97e7-4f54-ba87-c8fbe6ae2c8d', NULL, 32, 182, 0, 16),
	(183, 184, b'0', 'Отписание описание товара №183', 'Товар №183', '72c837ef-c692-4029-9ee1-670a1e98ce0a', NULL, 30, 183, 0, 16),
	(184, 185, b'0', 'Отписание описание товара №184', 'Товар №184', '9800d353-0717-40f6-ac14-b9ae17664043', NULL, 25, 184, 0, 16),
	(185, 186, b'0', 'Отписание описание товара №185', 'Товар №185', '40c3797c-28bd-46bd-b299-94a519fb6f79', NULL, 27, 185, 0, 16),
	(186, 187, b'0', 'Отписание описание товара №186', 'Товар №186', 'a39cf5f8-d6ec-48e5-9c43-9905d70ce8f7', NULL, 23, 186, 0, 16),
	(187, 188, b'0', 'Отписание описание товара №187', 'Товар №187', '4c70b875-f6ec-4399-8ff8-1d76b595f4da', NULL, 24, 187, 0, 16),
	(188, 189, b'0', 'Отписание описание товара №188', 'Товар №188', 'c6063949-798c-4ea8-ad7c-2c5b327a3a7e', NULL, 22, 188, 0, 16),
	(189, 190, b'0', 'Отписание описание товара №189', 'Товар №189', '6abda6cd-4450-431a-a790-2e701daa1d8d', NULL, 25, 189, 0, 16),
	(190, 191, b'0', 'Отписание описание товара №190', 'Товар №190', '75f11cc1-b1c1-4668-a6b6-f04455bae7a8', NULL, 25, 190, 0, 16),
	(191, 192, b'0', 'Отписание описание товара №191', 'Товар №191', 'ca6b3828-953a-4082-9437-9a58f6a37c27', NULL, 29, 191, 0, 16),
	(192, 193, b'0', 'Отписание описание товара №192', 'Товар №192', 'cd17a5c2-2358-4416-85d8-e3e0807ad8f9', NULL, 31, 192, 0, 16),
	(193, 194, b'0', 'Отписание описание товара №193', 'Товар №193', 'e34988e2-a344-411b-bd58-557c3ce88e08', NULL, 30, 193, 0, 17),
	(194, 195, b'0', 'Отписание описание товара №194', 'Товар №194', 'd6648869-d5d7-4e92-b951-f98335b31b95', NULL, 24, 194, 0, 17),
	(195, 196, b'0', 'Отписание описание товара №195', 'Товар №195', 'b50a4240-7507-4957-a891-e207beb6b570', NULL, 32, 195, 0, 17),
	(196, 197, b'0', 'Отписание описание товара №196', 'Товар №196', '6f8265e1-bab4-4553-89c5-8e0ab842e45f', NULL, 31, 196, 0, 17),
	(197, 198, b'0', 'Отписание описание товара №197', 'Товар №197', 'de86ce3e-75e2-41a6-be14-e72d049f70f9', NULL, 25, 197, 0, 17),
	(198, 199, b'0', 'Отписание описание товара №198', 'Товар №198', '3b6318c1-b371-4ad6-a1ff-a331693f3efb', NULL, 30, 198, 0, 17),
	(199, 200, b'0', 'Отписание описание товара №199', 'Товар №199', '1b5e371b-f1f9-44c6-aca0-c80f305cae9a', NULL, 27, 199, 0, 17),
	(200, 201, b'0', 'Отписание описание товара №200', 'Товар №200', '98fda0d9-3c3a-4cbe-9c9f-83bf6166fcb5', NULL, 22, 200, 0, 17),
	(201, 202, b'0', 'Отписание описание товара №201', 'Товар №201', 'e0c4cd75-36a1-4a3d-aac3-f95e8b2a5ad7', NULL, 32, 201, 0, 17),
	(202, 203, b'0', 'Отписание описание товара №202', 'Товар №202', '23d0cf38-b717-496d-965a-0cf93c25bf88', NULL, 24, 202, 0, 17),
	(203, 204, b'0', 'Отписание описание товара №203', 'Товар №203', '5a0aaa3c-a7f5-46e9-80ba-6819346e4617', NULL, 30, 203, 0, 17),
	(204, 205, b'0', 'Отписание описание товара №204', 'Товар №204', 'e139f6ca-9964-446e-a988-c7b99c6ab3ba', NULL, 31, 204, 0, 17),
	(205, 206, b'0', 'Отписание описание товара №205', 'Товар №205', 'd89c00d4-135f-4b03-a774-6ef487e8cae7', NULL, 22, 205, 0, 18),
	(206, 207, b'0', 'Отписание описание товара №206', 'Товар №206', '78189974-9a8a-430c-a751-03365985dbef', NULL, 23, 206, 0, 18),
	(207, 208, b'0', 'Отписание описание товара №207', 'Товар №207', '0fbd5737-7eb2-4be8-8729-f5b582e91907', NULL, 29, 207, 0, 18),
	(208, 209, b'0', 'Отписание описание товара №208', 'Товар №208', 'ac58f2b6-bab9-4d9e-97b2-7b9fac4347b4', NULL, 24, 208, 0, 18),
	(209, 210, b'0', 'Отписание описание товара №209', 'Товар №209', '9784e42e-f853-44e9-9587-adf24fff12cd', NULL, 31, 209, 0, 18),
	(210, 211, b'0', 'Отписание описание товара №210', 'Товар №210', 'bd59bfc2-2281-49fc-ba2a-18890f468def', NULL, 31, 210, 0, 18),
	(211, 212, b'0', 'Отписание описание товара №211', 'Товар №211', 'b3e7c65f-1c79-48c4-9907-7e0c945bcbe7', NULL, 23, 211, 0, 18),
	(212, 213, b'0', 'Отписание описание товара №212', 'Товар №212', 'f2004387-978a-42b9-9fea-93384b8cc67c', NULL, 28, 212, 0, 18),
	(213, 214, b'0', 'Отписание описание товара №213', 'Товар №213', '62c124da-4383-4449-b8cb-217a3684a729', NULL, 30, 213, 0, 18),
	(214, 215, b'0', 'Отписание описание товара №214', 'Товар №214', '1f1e5781-8af6-4cf3-8703-ea9c4f5bd811', NULL, 22, 214, 0, 18),
	(215, 216, b'0', 'Отписание описание товара №215', 'Товар №215', '7244468a-207b-447c-a0cf-de791f7d3f62', NULL, 23, 215, 0, 18),
	(216, 217, b'0', 'Отписание описание товара №216', 'Товар №216', '915acdb0-06f0-4059-8986-b6d6e5e12008', NULL, 23, 216, 0, 18),
	(217, 218, b'0', 'Отписание описание товара №217', 'Товар №217', 'f03c8f1b-3501-408f-a9ee-cd23540d9db1', NULL, 27, 217, 0, 19),
	(218, 219, b'0', 'Отписание описание товара №218', 'Товар №218', '3ecfd832-8ec1-441d-a933-a8aaf6e4c3b7', NULL, 33, 218, 0, 19),
	(219, 220, b'0', 'Отписание описание товара №219', 'Товар №219', '6df7359d-8eed-4ad0-9fe2-a71d6c28eea1', NULL, 26, 219, 0, 19),
	(220, 221, b'0', 'Отписание описание товара №220', 'Товар №220', '48d1bffd-1d6c-4ed4-9fc4-48ea965ef7f2', NULL, 29, 220, 0, 19),
	(221, 222, b'0', 'Отписание описание товара №221', 'Товар №221', '4016cbc7-258e-464f-8004-66230b2e5506', NULL, 29, 221, 0, 19),
	(222, 223, b'0', 'Отписание описание товара №222', 'Товар №222', 'f46ff3cb-b6a0-4516-a09d-f56b7e68c6ec', NULL, 24, 222, 0, 19),
	(223, 224, b'0', 'Отписание описание товара №223', 'Товар №223', '938a9dfb-231a-4b23-b3f4-d02e0880358a', NULL, 31, 223, 0, 19),
	(224, 225, b'0', 'Отписание описание товара №224', 'Товар №224', 'b36912d7-537e-4dbc-9e44-c9a69e5be724', NULL, 24, 224, 0, 19),
	(225, 226, b'0', 'Отписание описание товара №225', 'Товар №225', '11501719-267c-426f-aa2e-05af45df8d95', NULL, 23, 225, 0, 19),
	(226, 227, b'0', 'Отписание описание товара №226', 'Товар №226', '2927b6ab-af83-466e-a345-e13bddc3074b', NULL, 24, 226, 0, 19),
	(227, 228, b'0', 'Отписание описание товара №227', 'Товар №227', '5938a5ba-daf2-4b32-b578-5465b933558b', NULL, 23, 227, 0, 19),
	(228, 229, b'0', 'Отписание описание товара №228', 'Товар №228', '98255f84-c685-4c65-a1d3-aa712d6b900d', NULL, 28, 228, 0, 19),
	(229, 230, b'0', 'Отписание описание товара №229', 'Товар №229', 'bbb18e88-5dd2-4fd4-bb62-78f9783f731c', NULL, 23, 229, 0, 20),
	(230, 231, b'0', 'Отписание описание товара №230', 'Товар №230', '2e4deed9-93b7-429d-9827-98a37e15839d', NULL, 23, 230, 0, 20),
	(231, 232, b'0', 'Отписание описание товара №231', 'Товар №231', 'e05250e1-ba35-404c-b6c6-2380b02b8ed3', NULL, 22, 231, 0, 20),
	(232, 233, b'0', 'Отписание описание товара №232', 'Товар №232', 'ed607bd4-d6e3-43a2-a7eb-0020c60ead1b', NULL, 27, 232, 0, 20),
	(233, 234, b'0', 'Отписание описание товара №233', 'Товар №233', '3eaf3deb-9ba2-4bc8-bd17-608f88ae4a0b', NULL, 33, 233, 0, 20),
	(234, 235, b'0', 'Отписание описание товара №234', 'Товар №234', 'c2efec37-1420-4c69-9249-e6d19c42fd78', NULL, 30, 234, 0, 20),
	(235, 236, b'0', 'Отписание описание товара №235', 'Товар №235', '3d0c0f19-2971-4a86-b6ba-e92b0af1ec2b', NULL, 27, 235, 0, 20),
	(236, 237, b'0', 'Отписание описание товара №236', 'Товар №236', '86d55f96-a0c4-488c-9d36-e333ca037b77', NULL, 30, 236, 0, 20),
	(237, 238, b'0', 'Отписание описание товара №237', 'Товар №237', '5a04fd9d-7e7e-410f-8448-60f9948db4e6', NULL, 26, 237, 0, 20),
	(238, 239, b'0', 'Отписание описание товара №238', 'Товар №238', '89b30dc4-7e9f-424f-9862-d3788f6c90d9', NULL, 26, 238, 0, 20),
	(239, 240, b'0', 'Отписание описание товара №239', 'Товар №239', '78d3f5b2-4924-4134-a41a-dae576cb02a8', NULL, 29, 239, 0, 20),
	(240, 241, b'0', 'Отписание описание товара №240', 'Товар №240', '88481625-62d4-459b-927d-8dff753a6b9f', NULL, 23, 240, 0, 20),
	(241, 242, b'0', 'Отписание описание товара №241', 'Товар №241', 'e77fedf2-78b3-453e-87e7-28701cdc1aca', NULL, 29, 241, 0, 21),
	(242, 243, b'0', 'Отписание описание товара №242', 'Товар №242', 'd27d1d87-27e3-4296-b6bd-783d6568e320', NULL, 22, 242, 0, 21),
	(243, 244, b'0', 'Отписание описание товара №243', 'Товар №243', '4b0d53a5-bf68-4a23-a846-27078381acfc', NULL, 30, 243, 0, 21),
	(244, 245, b'0', 'Отписание описание товара №244', 'Товар №244', '48341fa0-e00d-47e4-bfa9-1ac824f74942', NULL, 31, 244, 0, 21),
	(245, 246, b'0', 'Отписание описание товара №245', 'Товар №245', '2322b79a-c83a-4c73-8582-6329bd859af1', NULL, 33, 245, 0, 21),
	(246, 247, b'0', 'Отписание описание товара №246', 'Товар №246', '152c5e8e-8491-46a2-aa22-55f00cd1e68a', NULL, 25, 246, 0, 21),
	(247, 248, b'0', 'Отписание описание товара №247', 'Товар №247', 'f410a626-7335-4355-88a0-41aeed1adfe4', NULL, 32, 247, 0, 21),
	(248, 249, b'0', 'Отписание описание товара №248', 'Товар №248', 'b870292b-bf35-47ea-bc3a-d998027c47ed', NULL, 32, 248, 0, 21),
	(249, 250, b'0', 'Отписание описание товара №249', 'Товар №249', 'eb626732-bd0b-40fa-8b50-38376b155f0e', NULL, 29, 249, 0, 21),
	(250, 251, b'0', 'Отписание описание товара №250', 'Товар №250', 'c4c1dd6b-648a-4b98-892e-a1846d2457ca', NULL, 25, 250, 0, 21),
	(251, 252, b'0', 'Отписание описание товара №251', 'Товар №251', '2f7a1de3-6488-4b76-8bc5-f51a066c1bb5', NULL, 28, 251, 0, 21),
	(252, 253, b'0', 'Отписание описание товара №252', 'Товар №252', '4c179428-4a39-40e4-8e48-526aefc98f06', NULL, 24, 252, 0, 21),
	(253, 254, b'0', 'Отписание описание товара №253', 'Товар №253', '27a43d33-d2fa-4970-9bfa-b235a5471092', NULL, 26, 253, 0, 22),
	(254, 255, b'0', 'Отписание описание товара №254', 'Товар №254', 'f3221c0d-3582-4414-b020-135ece174b53', NULL, 32, 254, 0, 22),
	(255, 256, b'0', 'Отписание описание товара №255', 'Товар №255', '3996a7af-b129-4e07-9c8b-891092088376', NULL, 22, 255, 0, 22),
	(256, 257, b'0', 'Отписание описание товара №256', 'Товар №256', '11501772-c301-4215-8fbd-d1c9faddc7f8', NULL, 26, 256, 0, 22),
	(257, 258, b'0', 'Отписание описание товара №257', 'Товар №257', 'a21161ab-e87a-4085-ba23-b4c8a8940e3f', NULL, 27, 257, 0, 22),
	(258, 259, b'0', 'Отписание описание товара №258', 'Товар №258', 'd24e21f7-1f26-42a0-b1cf-fd5bb423f11c', NULL, 27, 258, 0, 22),
	(259, 260, b'0', 'Отписание описание товара №259', 'Товар №259', 'a3ba57d8-686e-4663-8266-12b1e8f3d225', NULL, 32, 259, 0, 22),
	(260, 261, b'0', 'Отписание описание товара №260', 'Товар №260', '113ac067-38cc-4ef9-8547-fd43cee5b0ce', NULL, 31, 260, 0, 22),
	(261, 262, b'0', 'Отписание описание товара №261', 'Товар №261', 'ed5a4286-f705-4f2b-983e-0257521624dd', NULL, 25, 261, 0, 22),
	(262, 263, b'0', 'Отписание описание товара №262', 'Товар №262', '7829bca2-39f8-4318-9b8a-849bc78115c9', NULL, 25, 262, 0, 22),
	(263, 264, b'0', 'Отписание описание товара №263', 'Товар №263', '6afc3227-5ee2-45a8-a1dd-3d88fdc9a27b', NULL, 23, 263, 0, 22),
	(264, 265, b'0', 'Отписание описание товара №264', 'Товар №264', '625aa0e3-13b1-4bf4-87bf-3835a3ff2302', NULL, 24, 264, 0, 22),
	(265, 266, b'0', 'Отписание описание товара №265', 'Товар №265', 'fb103d7e-d610-4f2f-b90a-00a0091a4d68', NULL, 25, 265, 0, 23),
	(266, 267, b'0', 'Отписание описание товара №266', 'Товар №266', 'da2d039a-01e1-41e7-b55c-f1f8021e33e3', NULL, 29, 266, 0, 23),
	(267, 268, b'0', 'Отписание описание товара №267', 'Товар №267', '09070cc3-4a84-472c-b00d-c6237cef336e', NULL, 31, 267, 0, 23),
	(268, 269, b'0', 'Отписание описание товара №268', 'Товар №268', '83027265-97b1-4a40-bc3e-df33fb59a5c3', NULL, 31, 268, 0, 23),
	(269, 270, b'0', 'Отписание описание товара №269', 'Товар №269', 'fe6a95a1-6b96-495b-9fa6-1328a9451d6b', NULL, 22, 269, 0, 23),
	(270, 271, b'0', 'Отписание описание товара №270', 'Товар №270', '7ec0fc30-67e0-4a8c-9bf8-6a35440487b3', NULL, 29, 270, 0, 23),
	(271, 272, b'0', 'Отписание описание товара №271', 'Товар №271', 'f6671de9-ff21-4a9e-ac0f-b489fcdbc599', NULL, 28, 271, 0, 23),
	(272, 273, b'0', 'Отписание описание товара №272', 'Товар №272', 'f0079b83-a368-474d-9451-dda6242d194e', NULL, 32, 272, 0, 23),
	(273, 274, b'0', 'Отписание описание товара №273', 'Товар №273', 'a204e216-065b-48e3-993d-375dca3407ec', NULL, 31, 273, 0, 23),
	(274, 275, b'0', 'Отписание описание товара №274', 'Товар №274', '3737178d-7c31-4c90-8408-22e87d676eaf', NULL, 30, 274, 0, 23),
	(275, 276, b'0', 'Отписание описание товара №275', 'Товар №275', 'afaef0f0-d2e8-4c23-b578-17392e0bb054', NULL, 29, 275, 0, 23),
	(276, 277, b'0', 'Отписание описание товара №276', 'Товар №276', 'd1bcb464-23e0-4063-ae57-f0696d525117', NULL, 31, 276, 0, 23),
	(277, 278, b'0', 'Отписание описание товара №277', 'Товар №277', '721bef6c-d143-4e60-88bb-261d9aeefd63', NULL, 26, 277, 0, 24),
	(278, 279, b'0', 'Отписание описание товара №278', 'Товар №278', 'bcd6db95-7c27-4313-83c4-fa8a73a939ae', NULL, 33, 278, 0, 24),
	(279, 280, b'0', 'Отписание описание товара №279', 'Товар №279', 'a8b32b59-c8fa-4e06-a629-038dae9b465b', NULL, 30, 279, 0, 24),
	(280, 281, b'0', 'Отписание описание товара №280', 'Товар №280', '347838c1-fca8-4c19-a342-db4652b7cb50', NULL, 31, 280, 0, 24),
	(281, 282, b'0', 'Отписание описание товара №281', 'Товар №281', '018ec983-d4da-47fe-a2ff-b97d33093130', NULL, 28, 281, 0, 24),
	(282, 283, b'0', 'Отписание описание товара №282', 'Товар №282', 'e8d207c9-1a02-4e32-b070-4fe8426fdfdf', NULL, 29, 282, 0, 24),
	(283, 284, b'0', 'Отписание описание товара №283', 'Товар №283', '0629c49e-5318-4aa9-9983-0ac37e6cca3e', NULL, 23, 283, 0, 24),
	(284, 285, b'0', 'Отписание описание товара №284', 'Товар №284', '063f8341-b144-409f-ab29-e97d2b3155ef', NULL, 29, 284, 0, 24),
	(285, 286, b'0', 'Отписание описание товара №285', 'Товар №285', '68c1c514-8842-48e6-855f-b5cc6c77442d', NULL, 29, 285, 0, 24),
	(286, 287, b'0', 'Отписание описание товара №286', 'Товар №286', 'a13cb4d0-6468-4498-9a57-933ae370c4a6', NULL, 22, 286, 0, 24),
	(287, 288, b'0', 'Отписание описание товара №287', 'Товар №287', 'c58c237d-c4f9-4eb8-8861-22d6103e04b2', NULL, 30, 287, 0, 24),
	(288, 289, b'0', 'Отписание описание товара №288', 'Товар №288', '246f51b3-ac32-476a-a8a7-7a6ac30f5b17', NULL, 31, 288, 0, 24),
	(289, 290, b'0', 'Отписание описание товара №289', 'Товар №289', 'c45065d7-e378-4a25-a01e-29a38c8b96d1', NULL, 29, 289, 0, 25),
	(290, 291, b'0', 'Отписание описание товара №290', 'Товар №290', '3fd88819-0477-4e9e-902e-3ed1aeaf95ef', NULL, 22, 290, 0, 25),
	(291, 292, b'0', 'Отписание описание товара №291', 'Товар №291', 'db215457-e77e-4854-88bf-8df9ad2b1c79', NULL, 27, 291, 0, 25),
	(292, 293, b'0', 'Отписание описание товара №292', 'Товар №292', 'dd60397a-8164-4724-9221-7c7a035be39c', NULL, 28, 292, 0, 25),
	(293, 294, b'0', 'Отписание описание товара №293', 'Товар №293', '42a2cf77-5bba-40b3-8ef8-0115771aa0ff', NULL, 29, 293, 0, 25),
	(294, 295, b'0', 'Отписание описание товара №294', 'Товар №294', '53d674a1-b944-4d5d-bab1-e4a4e55331a1', NULL, 30, 294, 0, 25),
	(295, 296, b'0', 'Отписание описание товара №295', 'Товар №295', 'a8d4d2af-ebbe-4e15-b674-340d26abe517', NULL, 22, 295, 0, 25),
	(296, 297, b'0', 'Отписание описание товара №296', 'Товар №296', 'd7a57ff9-e206-4f39-bc82-612894fa9466', NULL, 22, 296, 0, 25),
	(297, 298, b'0', 'Отписание описание товара №297', 'Товар №297', 'cb1a0435-8b07-4d4f-929d-7122d9790c49', NULL, 28, 297, 0, 25),
	(298, 299, b'0', 'Отписание описание товара №298', 'Товар №298', 'ba203dba-b0cd-4718-b17c-7deb2041b8dc', NULL, 26, 298, 0, 25),
	(299, 300, b'0', 'Отписание описание товара №299', 'Товар №299', '7079c5c8-6a66-481d-84f3-039c67be37b9', NULL, 22, 299, 0, 25),
	(300, 301, b'0', 'Отписание описание товара №300', 'Товар №300', '37cc5a95-6727-4708-8965-ec13487c67fc', NULL, 32, 300, 0, 25),
	(301, 302, b'0', 'Отписание описание товара №301', 'Товар №301', 'af2733cd-6ed2-441e-9f90-99f4ee7ee4b3', NULL, 22, 301, 0, 26),
	(302, 303, b'0', 'Отписание описание товара №302', 'Товар №302', '16ebe05f-bd88-409f-a5ad-99e633d5b3ef', NULL, 31, 302, 0, 26),
	(303, 304, b'0', 'Отписание описание товара №303', 'Товар №303', 'ed121c3a-a447-4fed-83c5-b9ede443eb08', NULL, 30, 303, 0, 26),
	(304, 305, b'0', 'Отписание описание товара №304', 'Товар №304', 'c9d4cd09-8f19-464d-9691-bfc6ae7a2b89', NULL, 26, 304, 0, 26),
	(305, 306, b'0', 'Отписание описание товара №305', 'Товар №305', 'ebf0ec75-e05f-4a5b-ac13-0d131673e61b', NULL, 30, 305, 0, 26),
	(306, 307, b'0', 'Отписание описание товара №306', 'Товар №306', '351bcd14-e025-4925-9d7a-6e7095bcdbd6', NULL, 29, 306, 0, 26),
	(307, 308, b'0', 'Отписание описание товара №307', 'Товар №307', '004c30a8-e1d4-40d1-a2c3-ecc007728323', NULL, 25, 307, 0, 26),
	(308, 309, b'0', 'Отписание описание товара №308', 'Товар №308', '088af27e-2dc9-4579-bbc2-a377566f134e', NULL, 26, 308, 0, 26),
	(309, 310, b'0', 'Отписание описание товара №309', 'Товар №309', '9890ad38-e909-45f2-b6ed-2876c6c05d9e', NULL, 28, 309, 0, 26),
	(310, 311, b'0', 'Отписание описание товара №310', 'Товар №310', '760e6122-1b5e-4246-848f-ac00855d82fa', NULL, 25, 310, 0, 26),
	(311, 312, b'0', 'Отписание описание товара №311', 'Товар №311', '75a92693-5a19-48ad-98e7-1f77b3f2a6e1', NULL, 28, 311, 0, 26),
	(312, 313, b'0', 'Отписание описание товара №312', 'Товар №312', 'a4f93712-846f-4b57-b510-78ce0caca2c9', NULL, 29, 312, 0, 26),
	(313, 314, b'0', 'Отписание описание товара №313', 'Товар №313', 'e0b8ed7b-ee80-4e4a-af63-56cb00c83115', NULL, 33, 313, 0, 27),
	(314, 315, b'0', 'Отписание описание товара №314', 'Товар №314', '0a64a8c4-5d7b-4c35-a98e-94f180c6769a', NULL, 23, 314, 0, 27),
	(315, 316, b'0', 'Отписание описание товара №315', 'Товар №315', '607add8f-bb4a-4299-9937-81e4b6f20603', NULL, 22, 315, 0, 27),
	(316, 317, b'0', 'Отписание описание товара №316', 'Товар №316', 'f2d83efb-9484-4c05-9224-799c64ab7cc4', NULL, 27, 316, 0, 27),
	(317, 318, b'0', 'Отписание описание товара №317', 'Товар №317', '682e55b6-ec1e-4d72-9371-ffe723588216', NULL, 27, 317, 0, 27),
	(318, 319, b'0', 'Отписание описание товара №318', 'Товар №318', 'c89efeb3-9a44-41bf-88ba-1fb3196f50e1', NULL, 29, 318, 0, 27),
	(319, 320, b'0', 'Отписание описание товара №319', 'Товар №319', '45385ddf-6e06-4d4d-aecb-422e11979363', NULL, 24, 319, 0, 27),
	(320, 321, b'0', 'Отписание описание товара №320', 'Товар №320', '096d4d3b-5af3-48b4-9b13-877ce89ec644', NULL, 24, 320, 0, 27),
	(321, 322, b'0', 'Отписание описание товара №321', 'Товар №321', 'c42fec81-7923-4465-a4c2-3df9e8936a5e', NULL, 30, 321, 0, 27),
	(322, 323, b'0', 'Отписание описание товара №322', 'Товар №322', '5f11dca9-8d92-4cb7-9808-0e93e547a640', NULL, 33, 322, 0, 27),
	(323, 324, b'0', 'Отписание описание товара №323', 'Товар №323', '5fcb35c8-c486-4a91-aab2-03c6e6ef70fb', NULL, 23, 323, 0, 27),
	(324, 325, b'0', 'Отписание описание товара №324', 'Товар №324', 'ce6bf5f0-d39a-463c-9e88-16f81aa96c9b', NULL, 32, 324, 0, 27),
	(325, 326, b'0', 'Отписание описание товара №325', 'Товар №325', '0c0eaa2e-7f19-49ab-8ba0-f58cc7f780b9', NULL, 25, 325, 0, 28),
	(326, 327, b'0', 'Отписание описание товара №326', 'Товар №326', '28081d29-fcd3-4de9-9503-c8fe89788fff', NULL, 22, 326, 0, 28),
	(327, 328, b'0', 'Отписание описание товара №327', 'Товар №327', 'f1887120-06c8-47a0-ac8c-cdc8c2d31b15', NULL, 23, 327, 0, 28),
	(328, 329, b'0', 'Отписание описание товара №328', 'Товар №328', '377addcb-bd83-46af-8818-a38f4bc4cc64', NULL, 25, 328, 0, 28),
	(329, 330, b'0', 'Отписание описание товара №329', 'Товар №329', '05c33119-d038-429d-98c7-ca479a3e1aae', NULL, 27, 329, 0, 28),
	(330, 331, b'0', 'Отписание описание товара №330', 'Товар №330', 'ab57cb67-9404-44f2-bb09-88eb74f52d8f', NULL, 27, 330, 0, 28),
	(331, 332, b'0', 'Отписание описание товара №331', 'Товар №331', 'abbb80d7-72bc-46ce-bb0f-a854c6a83071', NULL, 32, 331, 0, 28),
	(332, 333, b'0', 'Отписание описание товара №332', 'Товар №332', '2bbf64e4-b341-4753-aca5-2a58bd9e94d3', NULL, 28, 332, 0, 28),
	(333, 334, b'0', 'Отписание описание товара №333', 'Товар №333', '7279447c-9147-410a-ace6-90465a698b6d', NULL, 22, 333, 0, 28),
	(334, 335, b'0', 'Отписание описание товара №334', 'Товар №334', '6c3f3419-fb52-4b5f-9938-5a8ef61ff4f1', NULL, 28, 334, 0, 28),
	(335, 336, b'0', 'Отписание описание товара №335', 'Товар №335', '08a9ca02-adb7-4f1e-aac9-ebd77b16b182', NULL, 28, 335, 0, 28),
	(336, 337, b'0', 'Отписание описание товара №336', 'Товар №336', '565959ff-4968-4693-a093-a22fe80a91ef', NULL, 30, 336, 0, 28),
	(337, 338, b'0', 'Отписание описание товара №337', 'Товар №337', '5da181c1-461d-4071-953a-56ee0a1e7f0e', NULL, 33, 337, 0, 29),
	(338, 339, b'0', 'Отписание описание товара №338', 'Товар №338', 'da0150a5-3a91-41ee-8d5a-d260d0d54b71', NULL, 33, 338, 0, 29),
	(339, 340, b'0', 'Отписание описание товара №339', 'Товар №339', '4bb700fc-0bc1-4082-b59d-aacfe0fbf32d', NULL, 23, 339, 0, 29),
	(340, 341, b'0', 'Отписание описание товара №340', 'Товар №340', 'f1c50591-2075-4376-ae43-9a694d3f61cf', NULL, 30, 340, 0, 29),
	(341, 342, b'0', 'Отписание описание товара №341', 'Товар №341', 'eaae5e42-7b08-4ef7-a8e2-6d28f9252bd3', NULL, 22, 341, 0, 29),
	(342, 343, b'0', 'Отписание описание товара №342', 'Товар №342', '511457a4-83fb-458b-9b4e-47c3125e4e7e', NULL, 25, 342, 0, 29),
	(343, 344, b'0', 'Отписание описание товара №343', 'Товар №343', '94ac423f-d9ca-47dc-a21b-0a6eca170ab9', NULL, 26, 343, 0, 29),
	(344, 345, b'0', 'Отписание описание товара №344', 'Товар №344', '4d550c84-6147-471c-a261-24a08330ca56', NULL, 29, 344, 0, 29),
	(345, 346, b'0', 'Отписание описание товара №345', 'Товар №345', '13dd37c0-22a9-43f1-979a-47f2b8dad2d2', NULL, 31, 345, 0, 29),
	(346, 347, b'0', 'Отписание описание товара №346', 'Товар №346', 'd3d3d486-e974-4698-bf21-adcb4bfa1447', NULL, 28, 346, 0, 29),
	(347, 348, b'0', 'Отписание описание товара №347', 'Товар №347', '750901f2-101a-47d5-98ac-ada648298580', NULL, 27, 347, 0, 29),
	(348, 349, b'0', 'Отписание описание товара №348', 'Товар №348', '544a05ad-191a-4dc0-8994-f2f1b9666a73', NULL, 26, 348, 0, 29),
	(349, 350, b'0', 'Отписание описание товара №349', 'Товар №349', '2d59bcff-fb47-4048-9b77-797805c22ab6', NULL, 22, 349, 0, 30),
	(350, 351, b'0', 'Отписание описание товара №350', 'Товар №350', '00db2e52-d304-4b60-963b-9222029cbe63', NULL, 25, 350, 0, 30),
	(351, 352, b'0', 'Отписание описание товара №351', 'Товар №351', 'c977070d-9ab1-4366-94e1-ef26fc901ad6', NULL, 27, 351, 0, 30),
	(352, 353, b'0', 'Отписание описание товара №352', 'Товар №352', '6b4636c8-03ed-435d-9bec-2cb6e73d645c', NULL, 28, 352, 0, 30),
	(353, 354, b'0', 'Отписание описание товара №353', 'Товар №353', '2ff0a6dd-79a6-4a87-a6c1-f252d7d32be3', NULL, 29, 353, 0, 30),
	(354, 355, b'0', 'Отписание описание товара №354', 'Товар №354', '433412fb-28fd-4355-b920-d601c47c605a', NULL, 28, 354, 0, 30),
	(355, 356, b'0', 'Отписание описание товара №355', 'Товар №355', '82f7f4e9-5b52-4899-8a0c-f267350dd8f7', NULL, 22, 355, 0, 30),
	(356, 357, b'0', 'Отписание описание товара №356', 'Товар №356', '0c27c907-8043-4bba-a578-a95ff969f644', NULL, 25, 356, 0, 30),
	(357, 358, b'0', 'Отписание описание товара №357', 'Товар №357', 'a30ac9ae-07df-4842-97a5-1ea50fa3c381', NULL, 32, 357, 0, 30),
	(358, 359, b'0', 'Отписание описание товара №358', 'Товар №358', 'b37c7d82-85fc-4fc6-9cfb-2d13797a06e1', NULL, 32, 358, 0, 30),
	(359, 360, b'0', 'Отписание описание товара №359', 'Товар №359', 'ac45fca6-8bca-4f3a-87e4-6302c6164aba', NULL, 27, 359, 0, 30),
	(360, 361, b'0', 'Отписание описание товара №360', 'Товар №360', '5d82b788-b82e-4099-a60c-bd2fd6bf04da', NULL, 32, 360, 0, 30),
	(361, 362, b'0', 'Отписание описание товара №361', 'Товар №361', '4dadae46-cb00-4b05-bb0b-d775424e8e61', NULL, 30, 361, 0, 31),
	(362, 363, b'0', 'Отписание описание товара №362', 'Товар №362', 'd3770192-9888-4ddc-8880-0b8ede85a2cb', NULL, 29, 362, 0, 31),
	(363, 364, b'0', 'Отписание описание товара №363', 'Товар №363', '9f5c747b-e95d-4bc9-a1a2-92fd254cc794', NULL, 28, 363, 0, 31),
	(364, 365, b'0', 'Отписание описание товара №364', 'Товар №364', 'dfa820e5-8f28-4c1f-9d19-5397539bc759', NULL, 27, 364, 0, 31),
	(365, 366, b'0', 'Отписание описание товара №365', 'Товар №365', 'cbdacbe4-99fd-47a5-8d43-f1bb66522908', NULL, 30, 365, 0, 31),
	(366, 367, b'0', 'Отписание описание товара №366', 'Товар №366', 'ca379f93-3c0e-47fd-a2e5-20cda22f9ccc', NULL, 24, 366, 0, 31),
	(367, 368, b'0', 'Отписание описание товара №367', 'Товар №367', '9fcfed54-78e0-45e9-9755-0d11bdb2f0d3', NULL, 33, 367, 0, 31),
	(368, 369, b'0', 'Отписание описание товара №368', 'Товар №368', '1334b4c5-5645-47ae-949e-7eccd25cad7c', NULL, 24, 368, 0, 31),
	(369, 370, b'0', 'Отписание описание товара №369', 'Товар №369', '66a9332d-bdfc-4f4c-868c-f2bc803053b6', NULL, 33, 369, 0, 31),
	(370, 371, b'0', 'Отписание описание товара №370', 'Товар №370', 'ab0f686d-e8cb-4d98-a7bc-c5704f745002', NULL, 24, 370, 0, 31),
	(371, 372, b'0', 'Отписание описание товара №371', 'Товар №371', 'b35f0d2e-6bfa-45b1-81f2-045fd1318307', NULL, 26, 371, 0, 31),
	(372, 373, b'0', 'Отписание описание товара №372', 'Товар №372', '68a060c3-2d34-4772-87e5-a3b6e27cdff4', NULL, 30, 372, 0, 31),
	(373, 374, b'0', 'Отписание описание товара №373', 'Товар №373', '9b2c4cca-7633-4d4f-896e-ae15ae3a9d94', NULL, 22, 373, 0, 32),
	(374, 375, b'0', 'Отписание описание товара №374', 'Товар №374', 'a5a8913d-5fe8-416e-a238-cf58292e626c', NULL, 33, 374, 0, 32),
	(375, 376, b'0', 'Отписание описание товара №375', 'Товар №375', '5bc4e65d-4d3c-474f-b533-52538eda8f11', NULL, 32, 375, 0, 32),
	(376, 377, b'0', 'Отписание описание товара №376', 'Товар №376', 'bc0c3c1d-fd18-47fa-93ba-57f7f7dc53ee', NULL, 29, 376, 0, 32),
	(377, 378, b'0', 'Отписание описание товара №377', 'Товар №377', '8fab3a53-5b82-4ab3-b44c-e9222f40d8d0', NULL, 23, 377, 0, 32),
	(378, 379, b'0', 'Отписание описание товара №378', 'Товар №378', '28c0678c-2f12-47d2-a6cd-7658967e01bb', NULL, 28, 378, 0, 32),
	(379, 380, b'0', 'Отписание описание товара №379', 'Товар №379', '339ebb05-8b49-412f-be98-0be286a0aabe', NULL, 28, 379, 0, 32),
	(380, 381, b'0', 'Отписание описание товара №380', 'Товар №380', '3a6e6ea2-ba48-457a-9521-585a07295c38', NULL, 26, 380, 0, 32),
	(381, 382, b'0', 'Отписание описание товара №381', 'Товар №381', '903669d1-650d-4eb1-b338-6578a3cd7060', NULL, 24, 381, 0, 32),
	(382, 383, b'0', 'Отписание описание товара №382', 'Товар №382', 'ea4969c7-3c56-4384-9099-755a86b14c27', NULL, 23, 382, 0, 32),
	(383, 384, b'0', 'Отписание описание товара №383', 'Товар №383', '69e38d5b-dabd-440b-9d86-a7bc96285ba2', NULL, 23, 383, 0, 32),
	(384, 385, b'0', 'Отписание описание товара №384', 'Товар №384', 'c0706ddd-5937-4d7e-ab59-cd35da8c29f8', NULL, 28, 384, 0, 32),
	(385, 386, b'0', 'Отписание описание товара №385', 'Товар №385', '80004c14-5d0a-498c-b551-8403d8d51935', NULL, 31, 385, 0, 33),
	(386, 387, b'0', 'Отписание описание товара №386', 'Товар №386', '25552231-6e02-4f14-aa9e-039e4ae0bc40', NULL, 27, 386, 0, 33),
	(387, 388, b'0', 'Отписание описание товара №387', 'Товар №387', '172f5784-18af-4b7c-8e3c-c8953a451930', NULL, 22, 387, 0, 33),
	(388, 389, b'0', 'Отписание описание товара №388', 'Товар №388', '343ce321-bdd8-4481-b344-fd4b2f728a58', NULL, 29, 388, 0, 33),
	(389, 390, b'0', 'Отписание описание товара №389', 'Товар №389', '86d24539-5029-4b6d-9c3d-d6d1c12f6c43', NULL, 29, 389, 0, 33),
	(390, 391, b'0', 'Отписание описание товара №390', 'Товар №390', '41fd4099-41f4-4a8a-bd4c-a863179ee96e', NULL, 28, 390, 0, 33),
	(391, 392, b'0', 'Отписание описание товара №391', 'Товар №391', '2ad7e647-c8d3-42a7-8cbf-f36c5fd599a3', NULL, 25, 391, 0, 33),
	(392, 393, b'0', 'Отписание описание товара №392', 'Товар №392', 'cdde255a-8b8f-43c9-8af0-45f3af96e511', NULL, 29, 392, 0, 33),
	(393, 394, b'0', 'Отписание описание товара №393', 'Товар №393', '571c89ff-8024-40ae-9edd-88c2d6723a8c', NULL, 32, 393, 0, 33),
	(394, 395, b'0', 'Отписание описание товара №394', 'Товар №394', '57106df8-95ba-455e-9265-cbe783a96cf8', NULL, 32, 394, 0, 33),
	(395, 396, b'0', 'Отписание описание товара №395', 'Товар №395', '63d956e0-ba34-4238-b43c-4522ddc96c2f', NULL, 27, 395, 0, 33),
	(396, 397, b'0', 'Отписание описание товара №396', 'Товар №396', '60e2cb0b-c000-44f7-8498-0c23dd2967d3', NULL, 26, 396, 0, 33),
	(397, 398, b'0', 'Отписание описание товара №397', 'Товар №397', '79ed1392-ff6d-4c98-ac71-5eee9193fe1b', NULL, 26, 397, 0, 34),
	(398, 399, b'0', 'Отписание описание товара №398', 'Товар №398', 'b10556ca-5fbe-4c6d-b0b8-bc6602fe6e3b', NULL, 28, 398, 0, 34),
	(399, 400, b'0', 'Отписание описание товара №399', 'Товар №399', '45a70fd6-02e1-4bd5-8787-3592d64bded1', NULL, 29, 399, 0, 34),
	(400, 401, b'0', 'Отписание описание товара №400', 'Товар №400', '50d3f83f-97ca-4811-a75e-f66a2e34de13', NULL, 23, 400, 0, 34),
	(401, 402, b'0', 'Отписание описание товара №401', 'Товар №401', '3b411d87-3bb1-4ddc-9aab-ada0de895bbf', NULL, 30, 401, 0, 34),
	(402, 403, b'0', 'Отписание описание товара №402', 'Товар №402', '6caab14c-2135-4492-94fe-f44b54761233', NULL, 28, 402, 0, 34),
	(403, 404, b'0', 'Отписание описание товара №403', 'Товар №403', 'da7512f3-4821-4a68-a3e6-c26ae9b3c76e', NULL, 25, 403, 0, 34),
	(404, 405, b'0', 'Отписание описание товара №404', 'Товар №404', '146286f7-9163-4bf4-bd5d-1ef853f0b61f', NULL, 31, 404, 0, 34),
	(405, 406, b'0', 'Отписание описание товара №405', 'Товар №405', 'af4c42da-2fd9-4131-bae5-d1350eb32fe4', NULL, 30, 405, 0, 34),
	(406, 407, b'0', 'Отписание описание товара №406', 'Товар №406', '7166cd23-bac1-4728-83dd-acbe38af32bc', NULL, 26, 406, 0, 34),
	(407, 408, b'0', 'Отписание описание товара №407', 'Товар №407', '9cfa2729-d708-4492-8cc4-faa99d5ff654', NULL, 31, 407, 0, 34),
	(408, 409, b'0', 'Отписание описание товара №408', 'Товар №408', '8f06556b-aa3a-41b4-a5f2-89b02f88b852', NULL, 27, 408, 0, 34),
	(409, 410, b'0', 'Отписание описание товара №409', 'Товар №409', 'e3cd608a-e681-4dd7-8378-ace322ca2293', NULL, 24, 409, 0, 35),
	(410, 411, b'0', 'Отписание описание товара №410', 'Товар №410', '7b4b1a94-d2af-4ff2-b70c-70cdbb63bb53', NULL, 23, 410, 0, 35),
	(411, 412, b'0', 'Отписание описание товара №411', 'Товар №411', 'c4fa9ec2-8bf9-4f05-9454-ae756e2118f9', NULL, 30, 411, 0, 35),
	(412, 413, b'0', 'Отписание описание товара №412', 'Товар №412', 'e2fc85d5-1913-45ba-9f34-58c852a6a7c2', NULL, 28, 412, 0, 35),
	(413, 414, b'0', 'Отписание описание товара №413', 'Товар №413', '7ba2ef52-7882-463d-89cb-074982371d65', NULL, 27, 413, 0, 35),
	(414, 415, b'0', 'Отписание описание товара №414', 'Товар №414', 'cf12539b-3bd8-45f9-a52d-60178671c365', NULL, 22, 414, 0, 35),
	(415, 416, b'0', 'Отписание описание товара №415', 'Товар №415', '4ee0eeec-5c3f-49d0-9705-76284c31ef1f', NULL, 28, 415, 0, 35),
	(416, 417, b'0', 'Отписание описание товара №416', 'Товар №416', '0aad5cdb-6298-45de-955c-a5cb3a6ac5a8', NULL, 24, 416, 0, 35),
	(417, 418, b'0', 'Отписание описание товара №417', 'Товар №417', 'ab67ad10-e508-451c-be7a-3632fc25a583', NULL, 27, 417, 0, 35),
	(418, 419, b'0', 'Отписание описание товара №418', 'Товар №418', '1e48575e-4aca-4d12-98d3-eef0a0a116bf', NULL, 22, 418, 0, 35),
	(419, 420, b'0', 'Отписание описание товара №419', 'Товар №419', 'dfd29766-2dff-4b85-8fb2-283b7fe178f9', NULL, 31, 419, 0, 35),
	(420, 421, b'0', 'Отписание описание товара №420', 'Товар №420', 'db3d116d-2da6-41a7-b9d2-2cfa3974b33b', NULL, 27, 420, 0, 35),
	(421, 422, b'0', 'Отписание описание товара №421', 'Товар №421', '2b671d3f-a376-4e0b-9867-4baa1e6e2c31', NULL, 30, 421, 0, 36),
	(422, 423, b'0', 'Отписание описание товара №422', 'Товар №422', 'b210c0ed-d32b-4d28-887e-f94e131e69b8', NULL, 31, 422, 0, 36),
	(423, 424, b'0', 'Отписание описание товара №423', 'Товар №423', '4a1429d0-1add-45b1-92e0-aa4e79d50d79', NULL, 26, 423, 0, 36),
	(424, 425, b'0', 'Отписание описание товара №424', 'Товар №424', 'e1148030-6482-4720-8445-1be19c0c4182', NULL, 25, 424, 0, 36),
	(425, 426, b'0', 'Отписание описание товара №425', 'Товар №425', 'd732f170-7237-4f37-96cb-b53ef0724a07', NULL, 29, 425, 0, 36),
	(426, 427, b'0', 'Отписание описание товара №426', 'Товар №426', 'ab2a3ca5-172b-4ccc-9346-40d9d97ec5ba', NULL, 32, 426, 0, 36),
	(427, 428, b'0', 'Отписание описание товара №427', 'Товар №427', 'bb701bb8-40fd-4d83-aea7-530eaa33f67f', NULL, 25, 427, 0, 36),
	(428, 429, b'0', 'Отписание описание товара №428', 'Товар №428', '2bf34825-df3b-446b-abe3-8f42d5dae8f2', NULL, 23, 428, 0, 36),
	(429, 430, b'0', 'Отписание описание товара №429', 'Товар №429', '5a0924d4-6aef-47fd-b02f-a031f738e059', NULL, 26, 429, 0, 36),
	(430, 431, b'0', 'Отписание описание товара №430', 'Товар №430', 'b9916627-aeb4-4fcf-bdd0-747df83e04fc', NULL, 24, 430, 0, 36),
	(431, 432, b'0', 'Отписание описание товара №431', 'Товар №431', 'f07405db-65be-46b3-b543-38866e7f6d21', NULL, 33, 431, 0, 36),
	(432, 433, b'0', 'Отписание описание товара №432', 'Товар №432', '8e39e040-0a84-4754-9f43-f4fd50847c82', NULL, 32, 432, 0, 36),
	(433, 434, b'0', 'Отписание описание товара №433', 'Товар №433', '579eba17-c6ca-417a-a508-dcd428885f36', NULL, 27, 433, 0, 37),
	(434, 435, b'0', 'Отписание описание товара №434', 'Товар №434', '517186f2-3aac-474c-bdba-190f1d1cad03', NULL, 27, 434, 0, 37),
	(435, 436, b'0', 'Отписание описание товара №435', 'Товар №435', '8e985049-230b-4d03-b7f2-d7163e7275cb', NULL, 31, 435, 0, 37),
	(436, 437, b'0', 'Отписание описание товара №436', 'Товар №436', '7854ef21-a090-4c82-ab40-f75d12a1f969', NULL, 27, 436, 0, 37),
	(437, 438, b'0', 'Отписание описание товара №437', 'Товар №437', '73d9b1b9-2f6c-4b80-8778-5cc8f6e49630', NULL, 32, 437, 0, 37),
	(438, 439, b'0', 'Отписание описание товара №438', 'Товар №438', '4e9cb975-f959-4913-8b81-bd613874cd5d', NULL, 28, 438, 0, 37),
	(439, 440, b'0', 'Отписание описание товара №439', 'Товар №439', '46c53576-74e8-4f69-b327-23e4750e53d5', NULL, 26, 439, 0, 37),
	(440, 441, b'0', 'Отписание описание товара №440', 'Товар №440', 'c2017683-3b83-48e3-9731-2daf1191b36e', NULL, 27, 440, 0, 37),
	(441, 442, b'0', 'Отписание описание товара №441', 'Товар №441', '107f068e-f48d-4ced-afc1-5140e7d235d1', NULL, 23, 441, 0, 37),
	(442, 443, b'0', 'Отписание описание товара №442', 'Товар №442', '86a936ef-e80a-4b9b-bbb2-6c2a57746500', NULL, 33, 442, 0, 37),
	(443, 444, b'0', 'Отписание описание товара №443', 'Товар №443', '6be934ab-b941-49e3-a856-344833dbe1c0', NULL, 33, 443, 0, 37),
	(444, 445, b'0', 'Отписание описание товара №444', 'Товар №444', 'cf8b6801-5eca-440b-8ea3-1894414dd0a2', NULL, 22, 444, 0, 37),
	(445, 446, b'0', 'Отписание описание товара №445', 'Товар №445', 'cef71686-a983-4114-9513-86716c810e04', NULL, 29, 445, 0, 38),
	(446, 447, b'0', 'Отписание описание товара №446', 'Товар №446', '4f797b3d-123e-400b-b50d-94507f0b16b1', NULL, 23, 446, 0, 38),
	(447, 448, b'0', 'Отписание описание товара №447', 'Товар №447', 'ee02afdc-31ba-440b-9fc6-3bead0531789', NULL, 31, 447, 0, 38),
	(448, 449, b'0', 'Отписание описание товара №448', 'Товар №448', '9e1a1b2e-74cf-456a-9528-27bcaeab5813', NULL, 27, 448, 0, 38),
	(449, 450, b'0', 'Отписание описание товара №449', 'Товар №449', 'e7d35504-73da-4f37-9571-3e8210b88413', NULL, 22, 449, 0, 38),
	(450, 451, b'0', 'Отписание описание товара №450', 'Товар №450', 'ae45cb3c-f8b0-405d-8380-ed15f5bb1652', NULL, 29, 450, 0, 38),
	(451, 452, b'0', 'Отписание описание товара №451', 'Товар №451', '302df761-c114-4484-93c3-418c64392b64', NULL, 27, 451, 0, 38),
	(452, 453, b'0', 'Отписание описание товара №452', 'Товар №452', '9e9042d5-dbbc-4fe4-af0c-4bc5950f8bb0', NULL, 23, 452, 0, 38),
	(453, 454, b'0', 'Отписание описание товара №453', 'Товар №453', '4b5be51a-98ff-46e4-8dee-f3eac5a0d6b1', NULL, 26, 453, 0, 38),
	(454, 455, b'0', 'Отписание описание товара №454', 'Товар №454', '13a28dc3-9910-4c60-bd4a-2771ba314721', NULL, 24, 454, 0, 38),
	(455, 456, b'0', 'Отписание описание товара №455', 'Товар №455', '4696cceb-f5f0-4755-8939-567a6e8f03bd', NULL, 32, 455, 0, 38),
	(456, 457, b'0', 'Отписание описание товара №456', 'Товар №456', '88d0e260-89ca-4052-b7a6-a0303733679d', NULL, 31, 456, 0, 38),
	(457, 458, b'0', 'Отписание описание товара №457', 'Товар №457', 'aaf68174-e519-49e5-8fee-a0673cac638a', NULL, 30, 457, 0, 39),
	(458, 459, b'0', 'Отписание описание товара №458', 'Товар №458', 'a41b8910-a430-496f-a01f-34467b62efb1', NULL, 25, 458, 0, 39),
	(459, 460, b'0', 'Отписание описание товара №459', 'Товар №459', 'c82576c9-2c67-4431-8d65-fe0e5e2ce909', NULL, 30, 459, 0, 39),
	(460, 461, b'0', 'Отписание описание товара №460', 'Товар №460', '85362e13-f437-444f-a1fd-201b3502c347', NULL, 24, 460, 0, 39),
	(461, 462, b'0', 'Отписание описание товара №461', 'Товар №461', '58268044-d214-4be6-a9af-33070de5d625', NULL, 22, 461, 0, 39),
	(462, 463, b'0', 'Отписание описание товара №462', 'Товар №462', 'f94d9778-1b52-495f-a55f-94f41ae2687e', NULL, 31, 462, 0, 39),
	(463, 464, b'0', 'Отписание описание товара №463', 'Товар №463', 'c3ac4bb8-1612-480a-9bde-f8139195dabb', NULL, 27, 463, 0, 39),
	(464, 465, b'0', 'Отписание описание товара №464', 'Товар №464', 'df3b4caa-20c3-4fd2-b2c0-63f63cfc4a8d', NULL, 23, 464, 0, 39),
	(465, 466, b'0', 'Отписание описание товара №465', 'Товар №465', '9e490635-685f-40f3-a627-cea86c2e1d42', NULL, 25, 465, 0, 39),
	(466, 467, b'0', 'Отписание описание товара №466', 'Товар №466', '700f3bfb-0b4f-479f-b9a0-7d0fc4a7ed98', NULL, 23, 466, 0, 39),
	(467, 468, b'0', 'Отписание описание товара №467', 'Товар №467', '4421fae8-ed28-464e-82e7-2d4df8d27df1', NULL, 33, 467, 0, 39),
	(468, 469, b'0', 'Отписание описание товара №468', 'Товар №468', '6fcdec98-8a78-4f49-a38a-4c217d1dc541', NULL, 24, 468, 0, 39),
	(469, 470, b'0', 'Отписание описание товара №469', 'Товар №469', '587bd6f0-f8e5-4060-814c-ecb1ce3a9817', NULL, 23, 469, 0, 40),
	(470, 471, b'0', 'Отписание описание товара №470', 'Товар №470', '90e53d09-01f6-4c8f-8b06-3af9fc72dc2d', NULL, 30, 470, 0, 40),
	(471, 472, b'0', 'Отписание описание товара №471', 'Товар №471', '4a23b41e-c1b0-48fb-8539-5178f89be6a1', NULL, 33, 471, 0, 40),
	(472, 473, b'0', 'Отписание описание товара №472', 'Товар №472', 'e7bf9c4c-0cdb-436d-a903-d2b720e73e2e', NULL, 22, 472, 0, 40),
	(473, 474, b'0', 'Отписание описание товара №473', 'Товар №473', '82396b3c-9a2a-453c-aea2-52ceb2fea955', NULL, 23, 473, 0, 40),
	(474, 475, b'0', 'Отписание описание товара №474', 'Товар №474', 'b0350836-02b2-4232-91d7-4fc08b49d6c0', NULL, 26, 474, 0, 40),
	(475, 476, b'0', 'Отписание описание товара №475', 'Товар №475', 'efdd491d-1385-4f5e-95e7-6157cece318a', NULL, 25, 475, 0, 40),
	(476, 477, b'0', 'Отписание описание товара №476', 'Товар №476', 'ded5a015-e62a-4158-977c-94e3251aada1', NULL, 30, 476, 0, 40),
	(477, 478, b'0', 'Отписание описание товара №477', 'Товар №477', '4f116b6e-fbf7-40fd-ae3c-9b1bffc880a6', NULL, 28, 477, 0, 40),
	(478, 479, b'0', 'Отписание описание товара №478', 'Товар №478', '59bfd454-f77b-43eb-ad87-97bac78df478', NULL, 29, 478, 0, 40),
	(479, 480, b'0', 'Отписание описание товара №479', 'Товар №479', '5e50f5e9-36bc-45f4-9981-4e9b02ca10ea', NULL, 27, 479, 0, 40),
	(480, 481, b'0', 'Отписание описание товара №480', 'Товар №480', 'b74e7008-d0c4-4fc3-b442-b26132ea84f0', NULL, 22, 480, 0, 40),
	(481, 482, b'0', 'Отписание описание товара №481', 'Товар №481', '4bfd7d3a-3831-4e90-b20c-a064c5a9ab54', NULL, 31, 481, 0, 41),
	(482, 483, b'0', 'Отписание описание товара №482', 'Товар №482', '3ef87388-e8e5-4f9f-a496-7da76e698415', NULL, 31, 482, 0, 41),
	(483, 484, b'0', 'Отписание описание товара №483', 'Товар №483', '95429785-cb86-4d40-9390-e48fc26193e9', NULL, 24, 483, 0, 41),
	(484, 485, b'0', 'Отписание описание товара №484', 'Товар №484', '5044eca3-f8f6-4479-b966-095c0efdbf55', NULL, 25, 484, 0, 41),
	(485, 486, b'0', 'Отписание описание товара №485', 'Товар №485', 'b808243f-fe1a-4c2f-acfd-d1ce72e2a16a', NULL, 24, 485, 0, 41),
	(486, 487, b'0', 'Отписание описание товара №486', 'Товар №486', 'ea294907-4f4e-44e1-936f-419f81f53fa1', NULL, 28, 486, 0, 41),
	(487, 488, b'0', 'Отписание описание товара №487', 'Товар №487', '335dc36b-d2e7-47e5-8be0-f46471510a9b', NULL, 33, 487, 0, 41),
	(488, 489, b'0', 'Отписание описание товара №488', 'Товар №488', '7b5302bb-421b-4d85-a5db-04bd19b4a0cf', NULL, 29, 488, 0, 41),
	(489, 490, b'0', 'Отписание описание товара №489', 'Товар №489', 'c9772384-78b7-4064-86f7-052975b4e6af', NULL, 23, 489, 0, 41),
	(490, 491, b'0', 'Отписание описание товара №490', 'Товар №490', 'd6db9932-ec55-4ae8-adb5-65120330d7dd', NULL, 31, 490, 0, 41),
	(491, 492, b'0', 'Отписание описание товара №491', 'Товар №491', 'db0141a6-793a-4898-b44e-479737f0918e', NULL, 33, 491, 0, 41),
	(492, 493, b'0', 'Отписание описание товара №492', 'Товар №492', '68d694a9-fa54-45d7-91dd-5e110557982a', NULL, 27, 492, 0, 41),
	(493, 494, b'0', 'Отписание описание товара №493', 'Товар №493', '671db542-a8e9-4a6d-ae08-4beae6d9e0da', NULL, 26, 493, 0, 42),
	(494, 495, b'0', 'Отписание описание товара №494', 'Товар №494', '16fc3d20-78b4-4d62-a135-1e49a3f16794', NULL, 33, 494, 0, 42),
	(495, 496, b'0', 'Отписание описание товара №495', 'Товар №495', '6f11529b-444f-4f3e-b915-e0133eb7f5aa', NULL, 30, 495, 0, 42),
	(496, 497, b'0', 'Отписание описание товара №496', 'Товар №496', 'b3d3b10b-f0da-4659-8c71-cbc13a640f47', NULL, 23, 496, 0, 42),
	(497, 498, b'0', 'Отписание описание товара №497', 'Товар №497', 'bc0cbf43-c053-4faa-b6c3-50d146da2b64', NULL, 31, 497, 0, 42),
	(498, 499, b'0', 'Отписание описание товара №498', 'Товар №498', '02f97fbb-73ee-4f5a-86a8-ab058acfb7d3', NULL, 33, 498, 0, 42),
	(499, 500, b'0', 'Отписание описание товара №499', 'Товар №499', '73390c61-8fac-49e0-92cf-80d8435dfc06', NULL, 23, 499, 0, 42),
	(500, 501, b'0', 'Отписание описание товара №500', 'Товар №500', 'b3505ed4-ffaa-48de-bfa0-20d3db04b0e9', NULL, 24, 500, 0, 42),
	(501, 502, b'0', 'Отписание описание товара №501', 'Товар №501', 'dc2c9f25-e77f-4fa9-816c-473bf4d15d7d', NULL, 22, 501, 0, 42),
	(502, 503, b'0', 'Отписание описание товара №502', 'Товар №502', 'd09f3620-95d0-4fdd-bf42-a8bca78572a4', NULL, 32, 502, 0, 42),
	(503, 504, b'0', 'Отписание описание товара №503', 'Товар №503', '5127c384-1822-480f-91b2-5f6f8801b3aa', NULL, 33, 503, 0, 42),
	(504, 505, b'0', 'Отписание описание товара №504', 'Товар №504', '8e7df86e-a638-4b8e-99b8-6c662d639e5f', NULL, 24, 504, 0, 42),
	(505, 506, b'0', 'Отписание описание товара №505', 'Товар №505', '1f87c7e3-7692-46cf-8321-1eda3c7efc4b', NULL, 25, 505, 0, 43),
	(506, 507, b'0', 'Отписание описание товара №506', 'Товар №506', 'd3135d94-2cdd-4335-a8d8-11ce58a55b7c', NULL, 30, 506, 0, 43),
	(507, 508, b'0', 'Отписание описание товара №507', 'Товар №507', '574c3470-8c8a-41ee-b213-46b690863ca8', NULL, 25, 507, 0, 43),
	(508, 509, b'0', 'Отписание описание товара №508', 'Товар №508', '01110a76-9b80-4b04-b8d0-999a4fe3f9f2', NULL, 31, 508, 0, 43),
	(509, 510, b'0', 'Отписание описание товара №509', 'Товар №509', '33e92414-c34e-46e5-856f-df81e65f5370', NULL, 22, 509, 0, 43),
	(510, 511, b'0', 'Отписание описание товара №510', 'Товар №510', '2f2b57b1-5a59-469c-ba6e-6fdf1071a2c0', NULL, 25, 510, 0, 43),
	(511, 512, b'0', 'Отписание описание товара №511', 'Товар №511', '3c59cc98-27e3-4fae-bdbf-3190c401009c', NULL, 24, 511, 0, 43),
	(512, 513, b'0', 'Отписание описание товара №512', 'Товар №512', '9ed6697d-0149-402d-a4cb-cb68b5de0825', NULL, 25, 512, 0, 43),
	(513, 514, b'0', 'Отписание описание товара №513', 'Товар №513', 'd437b9e5-9f6f-40b4-94f1-60e8e4fb6f4d', NULL, 27, 513, 0, 43),
	(514, 515, b'0', 'Отписание описание товара №514', 'Товар №514', '2d17e141-a1fa-42a8-99ba-fc55603328cd', NULL, 26, 514, 0, 43),
	(515, 516, b'0', 'Отписание описание товара №515', 'Товар №515', 'c741be86-5ee0-4176-b4e4-8600db50a5db', NULL, 24, 515, 0, 43),
	(516, 517, b'0', 'Отписание описание товара №516', 'Товар №516', '413d461d-0a2e-4eae-98c8-c88b43f248bc', NULL, 25, 516, 0, 43),
	(517, 518, b'0', 'Отписание описание товара №517', 'Товар №517', 'ebc783f8-8fe3-47a7-a903-c0fd1934ce00', NULL, 30, 517, 0, 44),
	(518, 519, b'0', 'Отписание описание товара №518', 'Товар №518', 'ff2c09d5-b5af-4e20-ba32-2a94a23a2ed1', NULL, 29, 518, 0, 44),
	(519, 520, b'0', 'Отписание описание товара №519', 'Товар №519', 'a1c02769-355b-48fd-967e-88a06cf4e8aa', NULL, 32, 519, 0, 44),
	(520, 521, b'0', 'Отписание описание товара №520', 'Товар №520', 'a7f3f45a-9f46-4a39-80b1-42f5e634409b', NULL, 31, 520, 0, 44),
	(521, 522, b'0', 'Отписание описание товара №521', 'Товар №521', '150d7c4d-b0c0-48b2-bdcd-8e1ccefe702f', NULL, 27, 521, 0, 44),
	(522, 523, b'0', 'Отписание описание товара №522', 'Товар №522', '921b7a14-cca9-45fa-b9a1-eef9a9aff069', NULL, 25, 522, 0, 44),
	(523, 524, b'0', 'Отписание описание товара №523', 'Товар №523', '50fddb9f-2bd1-4868-8ac3-97eb79f2ccea', NULL, 24, 523, 0, 44),
	(524, 525, b'0', 'Отписание описание товара №524', 'Товар №524', '99c2ea4b-fe51-42cb-abb0-7f3b00c09ebe', NULL, 22, 524, 0, 44),
	(525, 526, b'0', 'Отписание описание товара №525', 'Товар №525', '98304f8a-54fc-47a0-9a31-2714ea4e8d73', NULL, 26, 525, 0, 44),
	(526, 527, b'0', 'Отписание описание товара №526', 'Товар №526', '4495d097-0deb-4ced-a900-9676d090298d', NULL, 27, 526, 0, 44),
	(527, 528, b'0', 'Отписание описание товара №527', 'Товар №527', '25af13e3-0587-4816-a6fa-265f619194c4', NULL, 27, 527, 0, 44),
	(528, 529, b'0', 'Отписание описание товара №528', 'Товар №528', '7ae1f8f4-1f26-4395-877f-9c29e2193150', NULL, 29, 528, 0, 44),
	(529, 530, b'0', 'Отписание описание товара №529', 'Товар №529', 'b1ef189b-fd37-4beb-80d0-7cb9ebb80943', NULL, 33, 529, 0, 45),
	(530, 531, b'0', 'Отписание описание товара №530', 'Товар №530', 'e3436755-6d89-409c-b359-6b994eb0db30', NULL, 25, 530, 0, 45),
	(531, 532, b'0', 'Отписание описание товара №531', 'Товар №531', '5276f810-ae43-4e4e-8000-999f41dda982', NULL, 32, 531, 0, 45),
	(532, 533, b'0', 'Отписание описание товара №532', 'Товар №532', 'd620f343-da57-4f96-9aea-2625d8da794d', NULL, 29, 532, 0, 45),
	(533, 534, b'0', 'Отписание описание товара №533', 'Товар №533', 'ed47e820-1477-4fc7-be43-df73814713d6', NULL, 23, 533, 0, 45),
	(534, 535, b'0', 'Отписание описание товара №534', 'Товар №534', '602ab524-deae-47a2-b532-67bfebe92ce3', NULL, 23, 534, 0, 45),
	(535, 536, b'0', 'Отписание описание товара №535', 'Товар №535', 'c3b6f443-0315-4943-8c75-abac6050f3bf', NULL, 24, 535, 0, 45),
	(536, 537, b'0', 'Отписание описание товара №536', 'Товар №536', 'e1b2c0d5-450f-4a5c-9b8e-9799808046a2', NULL, 29, 536, 0, 45),
	(537, 538, b'0', 'Отписание описание товара №537', 'Товар №537', '922ff6ed-8ec8-4872-b02c-54390fea86c2', NULL, 29, 537, 0, 45),
	(538, 539, b'0', 'Отписание описание товара №538', 'Товар №538', 'fe3ce2dc-56b9-4957-93bd-5cb6c72c615d', NULL, 28, 538, 0, 45),
	(539, 540, b'0', 'Отписание описание товара №539', 'Товар №539', 'e55a7003-61de-44c7-a73a-6b85bb5b5b83', NULL, 30, 539, 0, 45),
	(540, 541, b'0', 'Отписание описание товара №540', 'Товар №540', '1f73560b-5c4d-4d10-bcf2-70d6552db9e4', NULL, 33, 540, 0, 45),
	(541, 542, b'0', 'Отписание описание товара №541', 'Товар №541', '7fb36b76-baa9-4fd0-9882-32f55dd71a64', NULL, 22, 541, 0, 46),
	(542, 543, b'0', 'Отписание описание товара №542', 'Товар №542', 'a1ca3fd0-1752-4c5b-8f61-0f92757240dc', NULL, 30, 542, 0, 46),
	(543, 544, b'0', 'Отписание описание товара №543', 'Товар №543', '06c47fa5-8b3d-4aff-907f-e3f756beeaea', NULL, 31, 543, 0, 46),
	(544, 545, b'0', 'Отписание описание товара №544', 'Товар №544', '6c8c719a-acc0-4f17-a4f0-3edfa61417fb', NULL, 31, 544, 0, 46),
	(545, 546, b'0', 'Отписание описание товара №545', 'Товар №545', '12f01835-2047-4c9f-b08f-b66eb004aee2', NULL, 26, 545, 0, 46),
	(546, 547, b'0', 'Отписание описание товара №546', 'Товар №546', 'eec2ed68-4bf5-46a5-9446-d5faa24af422', NULL, 32, 546, 0, 46),
	(547, 548, b'0', 'Отписание описание товара №547', 'Товар №547', 'bdf55b53-25ce-47d7-9faf-2bbbbf5fa197', NULL, 29, 547, 0, 46),
	(548, 549, b'0', 'Отписание описание товара №548', 'Товар №548', 'f509637d-1027-4f11-87e5-d2896d0aeb57', NULL, 31, 548, 0, 46),
	(549, 550, b'0', 'Отписание описание товара №549', 'Товар №549', '39d82bc1-a6b4-4592-b6e5-ce3ce384e85f', NULL, 31, 549, 0, 46),
	(550, 551, b'0', 'Отписание описание товара №550', 'Товар №550', '0782e13e-afce-4a3f-ae3a-5ee34c56deec', NULL, 26, 550, 0, 46),
	(551, 552, b'0', 'Отписание описание товара №551', 'Товар №551', '1bc32149-bf23-4678-84a0-5395c1b3ec2e', NULL, 30, 551, 0, 46),
	(552, 553, b'0', 'Отписание описание товара №552', 'Товар №552', 'bd12b5c3-8e5e-45d2-85c9-c40c287a7dd6', NULL, 31, 552, 0, 46),
	(553, 554, b'0', 'Отписание описание товара №553', 'Товар №553', 'fc698604-d865-4149-b466-f40d43a5ec21', NULL, 23, 553, 0, 47),
	(554, 555, b'0', 'Отписание описание товара №554', 'Товар №554', '6f7da843-642d-4ccd-ba29-1e05939f09cb', NULL, 29, 554, 0, 47),
	(555, 556, b'0', 'Отписание описание товара №555', 'Товар №555', '0f9ecc70-8250-4842-b7f1-26aeff6a444b', NULL, 33, 555, 0, 47),
	(556, 557, b'0', 'Отписание описание товара №556', 'Товар №556', '9a4339aa-e38a-40db-9889-6f18ebc164c3', NULL, 32, 556, 0, 47),
	(557, 558, b'0', 'Отписание описание товара №557', 'Товар №557', '0db07051-1056-4731-9dcb-8fb3c5c49b00', NULL, 22, 557, 0, 47),
	(558, 559, b'0', 'Отписание описание товара №558', 'Товар №558', 'bb12eedc-b55c-4714-85c7-068487087eed', NULL, 32, 558, 0, 47),
	(559, 560, b'0', 'Отписание описание товара №559', 'Товар №559', 'ba09bcbc-2f7f-49fc-afc5-c5321657c937', NULL, 32, 559, 0, 47),
	(560, 561, b'0', 'Отписание описание товара №560', 'Товар №560', '37d1f98b-7736-4873-b6df-edebeb54ac0a', NULL, 33, 560, 0, 47),
	(561, 562, b'0', 'Отписание описание товара №561', 'Товар №561', '513476c0-0cd7-4f12-93a9-e2069546c3a7', NULL, 29, 561, 0, 47),
	(562, 563, b'0', 'Отписание описание товара №562', 'Товар №562', '3745ba1c-6ec1-4e97-bc4d-656142ffbefa', NULL, 27, 562, 0, 47),
	(563, 564, b'0', 'Отписание описание товара №563', 'Товар №563', '1080387f-c6f0-4b03-993c-4903b7b6eb7c', NULL, 30, 563, 0, 47),
	(564, 565, b'0', 'Отписание описание товара №564', 'Товар №564', '7e7d49b6-66ab-47ec-a784-3023d668cbcb', NULL, 30, 564, 0, 47),
	(565, 566, b'0', 'Отписание описание товара №565', 'Товар №565', '9bc0ac26-c002-44bf-ba47-4b507b6037ce', NULL, 25, 565, 0, 48),
	(566, 567, b'0', 'Отписание описание товара №566', 'Товар №566', '45cf8acd-566e-4ef5-826b-b321c0227a9a', NULL, 30, 566, 0, 48),
	(567, 568, b'0', 'Отписание описание товара №567', 'Товар №567', 'f0b98195-2ded-4c6b-a021-33e97bd0e068', NULL, 33, 567, 0, 48),
	(568, 569, b'0', 'Отписание описание товара №568', 'Товар №568', '9876a862-81a2-4f46-a4bb-425752aab6fe', NULL, 28, 568, 0, 48),
	(569, 570, b'0', 'Отписание описание товара №569', 'Товар №569', '2f03cd53-6bdc-4fdf-b208-1ce0be549e8a', NULL, 22, 569, 0, 48),
	(570, 571, b'0', 'Отписание описание товара №570', 'Товар №570', '13faa895-784e-40fe-8a2f-ca9b1093e3a1', NULL, 22, 570, 0, 48),
	(571, 572, b'0', 'Отписание описание товара №571', 'Товар №571', '652e14f9-ad9b-4be3-9fbc-50240cd8ec8c', NULL, 24, 571, 0, 48),
	(572, 573, b'0', 'Отписание описание товара №572', 'Товар №572', '0d32a194-1bd0-4f23-aa8d-b12afa4512c5', NULL, 28, 572, 0, 48),
	(573, 574, b'0', 'Отписание описание товара №573', 'Товар №573', 'd3816fe6-381b-4eb0-8868-f43cc65201ad', NULL, 23, 573, 0, 48),
	(574, 575, b'0', 'Отписание описание товара №574', 'Товар №574', '80924450-f0e5-4001-bdd1-4dbb35c9c9f7', NULL, 24, 574, 0, 48),
	(575, 576, b'0', 'Отписание описание товара №575', 'Товар №575', '08abbe7f-f937-4854-820f-b18c88838922', NULL, 30, 575, 0, 48),
	(576, 577, b'0', 'Отписание описание товара №576', 'Товар №576', 'ff4937d7-0ead-4023-ae84-8339823ea4c2', NULL, 25, 576, 0, 48),
	(577, 578, b'0', 'Отписание описание товара №577', 'Товар №577', 'f6c95115-c497-4cfe-a739-dd4d6bce330c', NULL, 23, 577, 0, 49),
	(578, 579, b'0', 'Отписание описание товара №578', 'Товар №578', '3dc93a33-0912-4ce2-8b1d-e918e940202e', NULL, 27, 578, 0, 49),
	(579, 580, b'0', 'Отписание описание товара №579', 'Товар №579', 'beeba55c-d110-41d1-aab5-7695d238bab8', NULL, 31, 579, 0, 49),
	(580, 581, b'0', 'Отписание описание товара №580', 'Товар №580', '870abf09-2289-442f-83d2-0114febc2339', NULL, 24, 580, 0, 49),
	(581, 582, b'0', 'Отписание описание товара №581', 'Товар №581', 'c973a5ff-2f73-46a2-8171-a98ae9478dc5', NULL, 31, 581, 0, 49),
	(582, 583, b'0', 'Отписание описание товара №582', 'Товар №582', '35447bc5-3b7c-4de1-bdf7-2ee90d6fee5f', NULL, 33, 582, 0, 49),
	(583, 584, b'0', 'Отписание описание товара №583', 'Товар №583', '174c70ce-7fec-4be0-9a19-503ab3460e7e', NULL, 25, 583, 0, 49),
	(584, 585, b'0', 'Отписание описание товара №584', 'Товар №584', '9d37ecab-1cca-4b5d-9b25-5a5a306d9a14', NULL, 31, 584, 0, 49),
	(585, 586, b'0', 'Отписание описание товара №585', 'Товар №585', '0dda1d70-ad55-45c0-a52d-749064720f55', NULL, 26, 585, 0, 49),
	(586, 587, b'0', 'Отписание описание товара №586', 'Товар №586', '442ec88d-52fc-4770-8b2d-1ea4bcdc5e51', NULL, 25, 586, 0, 49),
	(587, 588, b'0', 'Отписание описание товара №587', 'Товар №587', '96e12ea9-5af1-4f0a-95da-2fec3036ff5f', NULL, 33, 587, 0, 49),
	(588, 589, b'0', 'Отписание описание товара №588', 'Товар №588', '908e0793-e858-42d5-8486-78be04cade18', NULL, 22, 588, 0, 49),
	(589, 590, b'0', 'Отписание описание товара №589', 'Товар №589', '6e2df42e-97df-4178-9f53-8a4d8ffccdf9', NULL, 22, 589, 0, 50),
	(590, 591, b'0', 'Отписание описание товара №590', 'Товар №590', '1513b147-6e93-447d-b41a-9139da3738fd', NULL, 24, 590, 0, 50),
	(591, 592, b'0', 'Отписание описание товара №591', 'Товар №591', '35465827-3ca1-463c-b0d8-2d27cd577f1a', NULL, 28, 591, 0, 50),
	(592, 593, b'0', 'Отписание описание товара №592', 'Товар №592', '3213ca05-490c-492f-b5ae-c2542bf1f193', NULL, 22, 592, 0, 50),
	(593, 594, b'0', 'Отписание описание товара №593', 'Товар №593', 'a60d298f-9860-47c3-94e4-a97493e144c3', NULL, 28, 593, 0, 50),
	(594, 595, b'0', 'Отписание описание товара №594', 'Товар №594', 'b68e4147-36ab-47c0-b293-035f93d0ea9c', NULL, 23, 594, 0, 50),
	(595, 596, b'0', 'Отписание описание товара №595', 'Товар №595', '6b206dfb-d25d-48cb-8c13-71c3308f24d1', NULL, 31, 595, 0, 50),
	(596, 597, b'0', 'Отписание описание товара №596', 'Товар №596', 'f17da084-5713-4dd4-bf83-320867f90552', NULL, 23, 596, 0, 50),
	(597, 598, b'0', 'Отписание описание товара №597', 'Товар №597', '9a8634ff-c3dd-4b87-9e33-c15e7ce860f2', NULL, 24, 597, 0, 50),
	(598, 599, b'0', 'Отписание описание товара №598', 'Товар №598', 'c66d8f96-274e-4dd0-93fa-c3d0d5d24bdf', NULL, 29, 598, 0, 50),
	(599, 600, b'0', 'Отписание описание товара №599', 'Товар №599', '5d474ba9-9552-4162-8d5e-7ed1005f8513', NULL, 33, 599, 0, 50),
	(600, 601, b'0', 'Отписание описание товара №600', 'Товар №600', '38652cb8-a2d0-4cf1-a352-eafb4ba584f5', NULL, 22, 600, 0, 50),
	(601, 602, b'0', 'Отписание описание товара №601', 'Товар №601', '18da1bd7-d230-45fd-88f3-81af62a4672d', NULL, 24, 601, 0, 51),
	(602, 603, b'0', 'Отписание описание товара №602', 'Товар №602', 'e51dd499-10da-46bc-b4d2-04709b109c52', NULL, 30, 602, 0, 51),
	(603, 604, b'0', 'Отписание описание товара №603', 'Товар №603', '92785a70-ed51-4a7a-8681-d818dd9cb437', NULL, 31, 603, 0, 51),
	(604, 605, b'0', 'Отписание описание товара №604', 'Товар №604', '0055ebef-908e-4dba-b3cf-97dea33a1b94', NULL, 32, 604, 0, 51),
	(605, 606, b'0', 'Отписание описание товара №605', 'Товар №605', '361511e3-cd94-4ab4-bcb8-e06218edba9d', NULL, 23, 605, 0, 51),
	(606, 607, b'0', 'Отписание описание товара №606', 'Товар №606', 'd49d4ca1-34dd-488c-9c63-908403309c83', NULL, 23, 606, 0, 51),
	(607, 608, b'0', 'Отписание описание товара №607', 'Товар №607', '615b74a2-ba4e-4b32-a0c3-4df86ce62538', NULL, 28, 607, 0, 51),
	(608, 609, b'0', 'Отписание описание товара №608', 'Товар №608', 'fcefb050-c95b-46d5-8f5a-08bbf737bd54', NULL, 27, 608, 0, 51),
	(609, 610, b'0', 'Отписание описание товара №609', 'Товар №609', 'a2d6148f-2e04-4e31-8992-683ab971175c', NULL, 26, 609, 0, 51),
	(610, 611, b'0', 'Отписание описание товара №610', 'Товар №610', '0fc7c90a-2380-40b2-8f80-bca559a2ad92', NULL, 33, 610, 0, 51),
	(611, 612, b'0', 'Отписание описание товара №611', 'Товар №611', 'b85cf2b7-f70b-4501-b599-f31036b6cc71', NULL, 32, 611, 0, 51),
	(612, 613, b'0', 'Отписание описание товара №612', 'Товар №612', 'f3b071a4-157e-4cdb-b291-3e77c84b1c65', NULL, 31, 612, 0, 51),
	(613, 614, b'0', 'Отписание описание товара №613', 'Товар №613', '6cb53b49-5d60-412e-89be-aead1e9e0b5b', NULL, 33, 613, 0, 52),
	(614, 615, b'0', 'Отписание описание товара №614', 'Товар №614', '69bcf49c-5958-4fd8-a1ef-0d8dea2f8b4c', NULL, 22, 614, 0, 52),
	(615, 616, b'0', 'Отписание описание товара №615', 'Товар №615', '98b12245-8e05-4988-96a2-ece3e71e1e70', NULL, 24, 615, 0, 52),
	(616, 617, b'0', 'Отписание описание товара №616', 'Товар №616', 'bdcd8a51-edf4-43e3-86f5-4e0888a10d2d', NULL, 23, 616, 0, 52),
	(617, 618, b'0', 'Отписание описание товара №617', 'Товар №617', '1ae6592f-eeb9-49d0-ad54-138c356f44b7', NULL, 29, 617, 0, 52),
	(618, 619, b'0', 'Отписание описание товара №618', 'Товар №618', 'e943e97b-661c-4e42-83f6-012d74dab714', NULL, 23, 618, 0, 52),
	(619, 620, b'0', 'Отписание описание товара №619', 'Товар №619', '06cc5bb9-6a02-4c26-b6ac-e9260724d539', NULL, 23, 619, 0, 52),
	(620, 621, b'0', 'Отписание описание товара №620', 'Товар №620', '57751d41-8ecc-477b-9a86-3b6e77fa1aee', NULL, 26, 620, 0, 52),
	(621, 622, b'0', 'Отписание описание товара №621', 'Товар №621', 'c15cd2bd-a73a-4788-b156-4781c83d4541', NULL, 30, 621, 0, 52),
	(622, 623, b'0', 'Отписание описание товара №622', 'Товар №622', 'a309a878-bb32-4722-8988-41afbc7beee1', NULL, 28, 622, 0, 52),
	(623, 624, b'0', 'Отписание описание товара №623', 'Товар №623', '4df3f516-03a7-45ba-909f-03318fda68ed', NULL, 27, 623, 0, 52),
	(624, 625, b'0', 'Отписание описание товара №624', 'Товар №624', '06135e47-9cb6-4d61-b989-a6fadd4b7fa6', NULL, 33, 624, 0, 52),
	(625, 626, b'0', 'Отписание описание товара №625', 'Товар №625', '7855e130-e7cf-4c85-bf7e-2d68b12e7b2c', NULL, 25, 625, 0, 53),
	(626, 627, b'0', 'Отписание описание товара №626', 'Товар №626', '1e5265ce-07ae-4e4f-a1d3-064e4598af2e', NULL, 32, 626, 0, 53),
	(627, 628, b'0', 'Отписание описание товара №627', 'Товар №627', 'ca38f240-237c-48c0-933f-b1dbe20a7d3e', NULL, 32, 627, 0, 53),
	(628, 629, b'0', 'Отписание описание товара №628', 'Товар №628', 'f1dd808c-36b5-4fb0-a49a-091efcc39210', NULL, 25, 628, 0, 53),
	(629, 630, b'0', 'Отписание описание товара №629', 'Товар №629', 'bfa2c831-18f4-43fd-b0ae-85950828e149', NULL, 24, 629, 0, 53),
	(630, 631, b'0', 'Отписание описание товара №630', 'Товар №630', '1b25b7b5-6a72-4a6b-9471-4e9896b83a29', NULL, 33, 630, 0, 53),
	(631, 632, b'0', 'Отписание описание товара №631', 'Товар №631', '30e665bb-e01b-481c-b298-74d4ff113ec9', NULL, 30, 631, 0, 53),
	(632, 633, b'0', 'Отписание описание товара №632', 'Товар №632', '3f721fea-d9f5-49a2-9b7d-0cea39508f38', NULL, 30, 632, 0, 53),
	(633, 634, b'0', 'Отписание описание товара №633', 'Товар №633', 'c12e26a5-6a93-46bb-b509-4dc278905ddb', NULL, 24, 633, 0, 53),
	(634, 635, b'0', 'Отписание описание товара №634', 'Товар №634', '0cc97e12-e0fb-449b-8531-010a1c6b705f', NULL, 33, 634, 0, 53),
	(635, 636, b'0', 'Отписание описание товара №635', 'Товар №635', '655fcf04-be3b-4851-8a97-18f46a3cc6ca', NULL, 26, 635, 0, 53),
	(636, 637, b'0', 'Отписание описание товара №636', 'Товар №636', '8deacdb0-db0c-4df0-8c57-c3b5d83c987b', NULL, 30, 636, 0, 53),
	(637, 638, b'0', 'Отписание описание товара №637', 'Товар №637', '38ce9cfd-88c0-4ee7-856a-890f06e89c84', NULL, 25, 637, 0, 54),
	(638, 639, b'0', 'Отписание описание товара №638', 'Товар №638', 'b4a92867-693b-4015-ac6d-909bb7ae8d54', NULL, 25, 638, 0, 54),
	(639, 640, b'0', 'Отписание описание товара №639', 'Товар №639', 'f07064f9-bbe4-4436-99f6-e85768df48f0', NULL, 22, 639, 0, 54),
	(640, 641, b'0', 'Отписание описание товара №640', 'Товар №640', 'c373027b-6f0f-43a0-8cea-33ec974757be', NULL, 32, 640, 0, 54),
	(641, 642, b'0', 'Отписание описание товара №641', 'Товар №641', '044e3ac5-9e9c-425c-8250-ec6d30241847', NULL, 24, 641, 0, 54),
	(642, 643, b'0', 'Отписание описание товара №642', 'Товар №642', 'fb466f08-a572-4e54-8c81-5c236d6e9667', NULL, 23, 642, 0, 54),
	(643, 644, b'0', 'Отписание описание товара №643', 'Товар №643', 'cceb086e-e4f1-4c94-a98b-3adb062d767f', NULL, 22, 643, 0, 54),
	(644, 645, b'0', 'Отписание описание товара №644', 'Товар №644', 'a46b09ae-c2f0-45ac-83ae-4d249edddc9c', NULL, 24, 644, 0, 54),
	(645, 646, b'0', 'Отписание описание товара №645', 'Товар №645', '088ec822-bdf6-4737-8f82-ff9787ade0f2', NULL, 23, 645, 0, 54),
	(646, 647, b'0', 'Отписание описание товара №646', 'Товар №646', 'fdf93636-82db-4307-b584-89b900756263', NULL, 33, 646, 0, 54),
	(647, 648, b'0', 'Отписание описание товара №647', 'Товар №647', '3c5bd253-1ae1-4a47-8b13-da96a78759fb', NULL, 24, 647, 0, 54),
	(648, 649, b'0', 'Отписание описание товара №648', 'Товар №648', '261e4f15-f00d-42b3-9f77-fb1d6796d1fe', NULL, 25, 648, 0, 54),
	(649, 650, b'0', 'Отписание описание товара №649', 'Товар №649', '2aaa9b7f-bf17-4cd9-9bfc-04d10ea98aa4', NULL, 31, 649, 0, 55),
	(650, 651, b'0', 'Отписание описание товара №650', 'Товар №650', '70be1fe4-0ccb-4715-98e0-95eebc8dd72c', NULL, 29, 650, 0, 55),
	(651, 652, b'0', 'Отписание описание товара №651', 'Товар №651', '4980dbe2-131e-473d-939b-0418a7f49764', NULL, 29, 651, 0, 55),
	(652, 653, b'0', 'Отписание описание товара №652', 'Товар №652', 'dd167c0a-a835-4def-b4b7-5c2d735e7c95', NULL, 30, 652, 0, 55),
	(653, 654, b'0', 'Отписание описание товара №653', 'Товар №653', 'f8e6dbb6-1bee-4a9b-8110-b4b9e4d77ed7', NULL, 31, 653, 0, 55),
	(654, 655, b'0', 'Отписание описание товара №654', 'Товар №654', 'bd0b108e-42d5-4671-b9ca-dfd8ccc2a884', NULL, 31, 654, 0, 55),
	(655, 656, b'0', 'Отписание описание товара №655', 'Товар №655', '44391e8b-839f-4c15-8d60-e9899c95dcba', NULL, 25, 655, 0, 55),
	(656, 657, b'0', 'Отписание описание товара №656', 'Товар №656', 'e636ebf3-d9e8-4e53-93b3-5d9d8cba78c2', NULL, 30, 656, 0, 55),
	(657, 658, b'0', 'Отписание описание товара №657', 'Товар №657', '965c352e-5ff2-40d2-8e98-24001c9c821e', NULL, 33, 657, 0, 55),
	(658, 659, b'0', 'Отписание описание товара №658', 'Товар №658', '4957685c-af75-4777-acac-47aafb17c488', NULL, 32, 658, 0, 55),
	(659, 660, b'0', 'Отписание описание товара №659', 'Товар №659', '5d6ed2a3-4046-4b43-b430-021f47eb050c', NULL, 24, 659, 0, 55),
	(660, 661, b'0', 'Отписание описание товара №660', 'Товар №660', 'd72ae884-c0c1-45ca-bed6-74010d215561', NULL, 30, 660, 0, 55),
	(661, 662, b'0', 'Отписание описание товара №661', 'Товар №661', '7835470f-536b-4351-92db-383ba22410c3', NULL, 33, 661, 0, 56),
	(662, 663, b'0', 'Отписание описание товара №662', 'Товар №662', '22e6f3fc-e20a-4bac-a73e-f8595bf88a22', NULL, 33, 662, 0, 56),
	(663, 664, b'0', 'Отписание описание товара №663', 'Товар №663', '903e49cc-e5b4-4600-a26d-d2274b076911', NULL, 23, 663, 0, 56),
	(664, 665, b'0', 'Отписание описание товара №664', 'Товар №664', 'a908e400-01cb-4e10-875c-704d50f5b975', NULL, 29, 664, 0, 56),
	(665, 666, b'0', 'Отписание описание товара №665', 'Товар №665', '8e939de5-39a1-47cc-9026-0072f3580626', NULL, 22, 665, 0, 56),
	(666, 667, b'0', 'Отписание описание товара №666', 'Товар №666', 'd41c2a69-e8a9-4e1f-8eed-ed552b8f7f5e', NULL, 28, 666, 0, 56),
	(667, 668, b'0', 'Отписание описание товара №667', 'Товар №667', '41d24ec9-4fd9-4ab3-a284-d955866606b6', NULL, 27, 667, 0, 56),
	(668, 669, b'0', 'Отписание описание товара №668', 'Товар №668', '68b62069-4fdb-486c-85b6-ebaf57b20da4', NULL, 24, 668, 0, 56),
	(669, 670, b'0', 'Отписание описание товара №669', 'Товар №669', '727f71a3-c634-4adb-983b-bb94c38baec1', NULL, 25, 669, 0, 56),
	(670, 671, b'0', 'Отписание описание товара №670', 'Товар №670', 'ca228140-1894-40de-b47f-80cda07fad54', NULL, 23, 670, 0, 56),
	(671, 672, b'0', 'Отписание описание товара №671', 'Товар №671', '370da3cc-5304-48cf-9148-8238aa5bd015', NULL, 22, 671, 0, 56),
	(672, 673, b'0', 'Отписание описание товара №672', 'Товар №672', '482d5e6f-fe62-4755-a8e7-e9a5d647809f', NULL, 25, 672, 0, 56),
	(673, 674, b'0', 'Отписание описание товара №673', 'Товар №673', '6b756793-357b-4a10-bbf4-002774d2d31b', NULL, 33, 673, 0, 57),
	(674, 675, b'0', 'Отписание описание товара №674', 'Товар №674', '477ff700-c085-48de-845d-a4de8969cb43', NULL, 33, 674, 0, 57),
	(675, 676, b'0', 'Отписание описание товара №675', 'Товар №675', '58202a41-24d0-4eef-ba80-823d548b9270', NULL, 30, 675, 0, 57),
	(676, 677, b'0', 'Отписание описание товара №676', 'Товар №676', '7d67c3de-4c57-4264-89a8-e12337659f3c', NULL, 27, 676, 0, 57),
	(677, 678, b'0', 'Отписание описание товара №677', 'Товар №677', 'bd7cd7d7-a1a6-4ee0-b528-c2307dee6d2e', NULL, 24, 677, 0, 57),
	(678, 679, b'0', 'Отписание описание товара №678', 'Товар №678', '8947318e-5749-40cc-810f-a70154e50e42', NULL, 27, 678, 0, 57),
	(679, 680, b'0', 'Отписание описание товара №679', 'Товар №679', '3789f537-e798-4437-9942-9bd3929d79a0', NULL, 26, 679, 0, 57),
	(680, 681, b'0', 'Отписание описание товара №680', 'Товар №680', '3d5a76bc-beed-4d5a-badf-a291853c9160', NULL, 23, 680, 0, 57),
	(681, 682, b'0', 'Отписание описание товара №681', 'Товар №681', '677cc163-ff57-4a1a-a31e-5a768797114e', NULL, 25, 681, 0, 57),
	(682, 683, b'0', 'Отписание описание товара №682', 'Товар №682', '4499d65c-45ef-409e-8904-c3e5b2a040e6', NULL, 24, 682, 0, 57),
	(683, 684, b'0', 'Отписание описание товара №683', 'Товар №683', '96f5ada7-d328-4902-aa2d-4c6a3ea7afcd', NULL, 29, 683, 0, 57),
	(684, 685, b'0', 'Отписание описание товара №684', 'Товар №684', 'bfba2c58-a24c-4bd2-ac9d-6ffa0316d84f', NULL, 32, 684, 0, 57),
	(685, 686, b'0', 'Отписание описание товара №685', 'Товар №685', '66516cd9-5b3a-4f7a-b5c4-cd62052714a7', NULL, 27, 685, 0, 58),
	(686, 687, b'0', 'Отписание описание товара №686', 'Товар №686', 'fc37dd7e-a567-4c7e-a81f-4ebf94f227d1', NULL, 26, 686, 0, 58),
	(687, 688, b'0', 'Отписание описание товара №687', 'Товар №687', '26d4e87e-b7f2-4c9b-b32e-b5ed81ed6c37', NULL, 23, 687, 0, 58),
	(688, 689, b'0', 'Отписание описание товара №688', 'Товар №688', '60ba8671-4b34-4105-83ea-e25d60666598', NULL, 28, 688, 0, 58),
	(689, 690, b'0', 'Отписание описание товара №689', 'Товар №689', '9e82d65f-4661-4ff0-a8d3-a551410308da', NULL, 27, 689, 0, 58),
	(690, 691, b'0', 'Отписание описание товара №690', 'Товар №690', 'fdd3dafb-7445-44ea-a50f-52bd8eea5830', NULL, 29, 690, 0, 58),
	(691, 692, b'0', 'Отписание описание товара №691', 'Товар №691', '639b69a2-d217-4a40-9383-0d3bc12721a3', NULL, 33, 691, 0, 58),
	(692, 693, b'0', 'Отписание описание товара №692', 'Товар №692', 'e1f24a44-c90f-4b33-863c-10bebc273c66', NULL, 28, 692, 0, 58),
	(693, 694, b'0', 'Отписание описание товара №693', 'Товар №693', '8eaf2d7e-2085-452e-86e0-e8c34711e975', NULL, 31, 693, 0, 58),
	(694, 695, b'0', 'Отписание описание товара №694', 'Товар №694', '99b8f2c2-096d-46ff-a2f0-bfbdf7b245d9', NULL, 30, 694, 0, 58),
	(695, 696, b'0', 'Отписание описание товара №695', 'Товар №695', '69836edb-6ff4-4c27-80b7-2e2df0c0175b', NULL, 24, 695, 0, 58),
	(696, 697, b'0', 'Отписание описание товара №696', 'Товар №696', '9c7a2a07-85d6-4cef-90e5-b6ebaa646b86', NULL, 27, 696, 0, 58),
	(697, 698, b'0', 'Отписание описание товара №697', 'Товар №697', '3cc9c223-3502-4657-85d7-950d9828aebc', NULL, 33, 697, 0, 59),
	(698, 699, b'0', 'Отписание описание товара №698', 'Товар №698', '00f2f745-9979-450a-86fc-68e4bd4bfdb6', NULL, 33, 698, 0, 59),
	(699, 700, b'0', 'Отписание описание товара №699', 'Товар №699', '5773fe4b-f26b-413d-87b4-a0dc9a397438', NULL, 28, 699, 0, 59),
	(700, 701, b'0', 'Отписание описание товара №700', 'Товар №700', '68788424-e42f-4639-bfda-bb041fca390f', NULL, 32, 700, 0, 59),
	(701, 702, b'0', 'Отписание описание товара №701', 'Товар №701', '49c62dd6-d0a9-4306-8093-44e1f289a1d3', NULL, 26, 701, 0, 59),
	(702, 703, b'0', 'Отписание описание товара №702', 'Товар №702', '2c3f62f4-d484-4043-9c6f-21dc8bbe4d06', NULL, 23, 702, 0, 59),
	(703, 704, b'0', 'Отписание описание товара №703', 'Товар №703', '7edf368c-b76e-4762-b2a6-a956238c0ae8', NULL, 31, 703, 0, 59),
	(704, 705, b'0', 'Отписание описание товара №704', 'Товар №704', 'd4aeab5d-43b9-4a60-b364-9dbf25ca651c', NULL, 25, 704, 0, 59),
	(705, 706, b'0', 'Отписание описание товара №705', 'Товар №705', '2efa0c05-583e-45aa-80a3-5959c8543149', NULL, 28, 705, 0, 59),
	(706, 707, b'0', 'Отписание описание товара №706', 'Товар №706', 'd7a1671f-861a-4742-901d-49eee1daf906', NULL, 31, 706, 0, 59),
	(707, 708, b'0', 'Отписание описание товара №707', 'Товар №707', '85706955-5dd7-4a92-af2d-0e153c15f884', NULL, 32, 707, 0, 59),
	(708, 709, b'0', 'Отписание описание товара №708', 'Товар №708', '2a9f1afd-a763-41e8-a0d4-c8a79e7fb5d5', NULL, 28, 708, 0, 59),
	(709, 710, b'0', 'Отписание описание товара №709', 'Товар №709', '762b91f1-390c-436f-bcab-1b71e3c13982', NULL, 24, 709, 0, 60),
	(710, 711, b'0', 'Отписание описание товара №710', 'Товар №710', '4732b35e-94fe-4f3e-a964-51e54a22ae69', NULL, 32, 710, 0, 60),
	(711, 712, b'0', 'Отписание описание товара №711', 'Товар №711', 'a39dcfba-5293-4984-9031-8aa7be730136', NULL, 27, 711, 0, 60),
	(712, 713, b'0', 'Отписание описание товара №712', 'Товар №712', '1a6111a5-4d3b-4caa-81ce-b148a2e7f07b', NULL, 33, 712, 0, 60),
	(713, 714, b'0', 'Отписание описание товара №713', 'Товар №713', '708d0ae5-6bc5-4089-aa17-b87ad5e1e827', NULL, 22, 713, 0, 60),
	(714, 715, b'0', 'Отписание описание товара №714', 'Товар №714', 'd0be93ee-fa34-49b1-90b4-edc0ff442d64', NULL, 24, 714, 0, 60),
	(715, 716, b'0', 'Отписание описание товара №715', 'Товар №715', 'd502a579-5867-415d-9004-f09994da947a', NULL, 32, 715, 0, 60),
	(716, 717, b'0', 'Отписание описание товара №716', 'Товар №716', 'b9838a11-b669-4b5b-bc2e-46996901a611', NULL, 30, 716, 0, 60),
	(717, 718, b'0', 'Отписание описание товара №717', 'Товар №717', '2b207245-92af-4f72-866d-679e90318d23', NULL, 31, 717, 0, 60),
	(718, 719, b'0', 'Отписание описание товара №718', 'Товар №718', '1ba29367-353c-43a1-baaf-481953542268', NULL, 24, 718, 0, 60),
	(719, 720, b'0', 'Отписание описание товара №719', 'Товар №719', 'a2067b38-79bf-477a-9e29-bf2ca6877b7f', NULL, 24, 719, 0, 60),
	(720, 721, b'0', 'Отписание описание товара №720', 'Товар №720', 'eea8b7cb-4d96-4cbc-bea5-a445fffa3685', NULL, 28, 720, 0, 60),
	(721, 722, b'0', 'Отписание описание товара №721', 'Товар №721', '0028cc0a-4ec3-4d29-8f50-24566d8d035d', NULL, 25, 721, 0, 61),
	(722, 723, b'0', 'Отписание описание товара №722', 'Товар №722', '34860afa-e08d-41e1-8c89-a02cd78d44c6', NULL, 33, 722, 0, 61),
	(723, 724, b'0', 'Отписание описание товара №723', 'Товар №723', '45cd4e13-c340-435c-bef1-e5062786c5d9', NULL, 33, 723, 0, 61),
	(724, 725, b'0', 'Отписание описание товара №724', 'Товар №724', 'da365080-c536-4f9a-8766-e516cfa593fa', NULL, 33, 724, 0, 61),
	(725, 726, b'0', 'Отписание описание товара №725', 'Товар №725', '1d891afe-cfa6-4fb4-9e3b-644ec4b2136d', NULL, 33, 725, 0, 61),
	(726, 727, b'0', 'Отписание описание товара №726', 'Товар №726', 'de8de133-b9ff-4acf-884e-0f57debc7a87', NULL, 23, 726, 0, 61),
	(727, 728, b'0', 'Отписание описание товара №727', 'Товар №727', '6bbbc888-ae9b-46b5-9387-d72d49155e84', NULL, 33, 727, 0, 61),
	(728, 729, b'0', 'Отписание описание товара №728', 'Товар №728', 'a704e7a6-bb64-4f83-9386-4595a296fba1', NULL, 32, 728, 0, 61),
	(729, 730, b'0', 'Отписание описание товара №729', 'Товар №729', '4659fe25-c3d7-4f07-9eda-2b2096f75156', NULL, 25, 729, 0, 61),
	(730, 731, b'0', 'Отписание описание товара №730', 'Товар №730', '99786c6c-9275-4405-a19c-602c4e7d6ffa', NULL, 25, 730, 0, 61),
	(731, 732, b'0', 'Отписание описание товара №731', 'Товар №731', '7dbd4dfc-d5bf-4179-bf79-a63ae239fe93', NULL, 33, 731, 0, 61),
	(732, 733, b'0', 'Отписание описание товара №732', 'Товар №732', '99e78650-c6b1-4993-a906-bc64b3ddc38f', NULL, 33, 732, 0, 61),
	(733, 734, b'0', 'Отписание описание товара №733', 'Товар №733', '4f405e72-66ca-440e-bb11-868c046934d4', NULL, 26, 733, 0, 62),
	(734, 735, b'0', 'Отписание описание товара №734', 'Товар №734', '8ebe0f7c-6385-486a-810e-6798f46d5ea6', NULL, 24, 734, 0, 62),
	(735, 736, b'0', 'Отписание описание товара №735', 'Товар №735', '90f10f1e-fd1d-4751-9eaa-a031b1f4ce0e', NULL, 29, 735, 0, 62),
	(736, 737, b'0', 'Отписание описание товара №736', 'Товар №736', 'e261b51c-779f-4f36-a276-63354641897b', NULL, 26, 736, 0, 62),
	(737, 738, b'0', 'Отписание описание товара №737', 'Товар №737', '16ff7d13-259a-4adc-bad3-2b8d06c77992', NULL, 25, 737, 0, 62),
	(738, 739, b'0', 'Отписание описание товара №738', 'Товар №738', '014971e2-5b13-484e-b132-0f45496d4284', NULL, 25, 738, 0, 62),
	(739, 740, b'0', 'Отписание описание товара №739', 'Товар №739', '39ed5602-f894-4697-87d3-7fead8de506b', NULL, 24, 739, 0, 62),
	(740, 741, b'0', 'Отписание описание товара №740', 'Товар №740', 'c5b359cb-7f32-43b1-9c33-c2ed582c8a55', NULL, 27, 740, 0, 62),
	(741, 742, b'0', 'Отписание описание товара №741', 'Товар №741', 'fb2ae8a4-af7c-4cdd-947d-4aa97e1ba074', NULL, 31, 741, 0, 62),
	(742, 743, b'0', 'Отписание описание товара №742', 'Товар №742', '48504106-0f8e-464d-ad6f-9c84874802cf', NULL, 30, 742, 0, 62),
	(743, 744, b'0', 'Отписание описание товара №743', 'Товар №743', '929b2266-6f11-44f8-ae39-b6be534edf54', NULL, 30, 743, 0, 62),
	(744, 745, b'0', 'Отписание описание товара №744', 'Товар №744', '0469aa00-1d90-4057-9851-5026a9eab042', NULL, 25, 744, 0, 62),
	(745, 746, b'0', 'Отписание описание товара №745', 'Товар №745', '74380439-07b6-483f-8872-70d485804e3a', NULL, 23, 745, 0, 63),
	(746, 747, b'0', 'Отписание описание товара №746', 'Товар №746', '36be9aac-18d4-48f3-9a25-541730cce453', NULL, 29, 746, 0, 63),
	(747, 748, b'0', 'Отписание описание товара №747', 'Товар №747', 'd1138a04-f6ba-462f-b02f-652bc0496b31', NULL, 25, 747, 0, 63),
	(748, 749, b'0', 'Отписание описание товара №748', 'Товар №748', 'f639a063-44a6-47e8-bad9-e6a149ae55ec', NULL, 31, 748, 0, 63),
	(749, 750, b'0', 'Отписание описание товара №749', 'Товар №749', '50b6f86e-000b-411e-a810-794bd7dc2f12', NULL, 32, 749, 0, 63),
	(750, 751, b'0', 'Отписание описание товара №750', 'Товар №750', '15c40b8a-a4dc-4560-816d-06ecd402b3bc', NULL, 26, 750, 0, 63),
	(751, 752, b'0', 'Отписание описание товара №751', 'Товар №751', 'ce380d37-1faf-407e-a2ab-62a5f77c3629', NULL, 25, 751, 0, 63),
	(752, 753, b'0', 'Отписание описание товара №752', 'Товар №752', 'a13420bd-6c8c-47db-bc27-5f37f55674db', NULL, 33, 752, 0, 63),
	(753, 754, b'0', 'Отписание описание товара №753', 'Товар №753', '6d1b5541-38b9-476b-8ccd-3c94de9c19ea', NULL, 23, 753, 0, 63),
	(754, 755, b'0', 'Отписание описание товара №754', 'Товар №754', 'fe73046f-aa68-4269-a6c0-9cba74434f9b', NULL, 22, 754, 0, 63),
	(755, 756, b'0', 'Отписание описание товара №755', 'Товар №755', '6c994fb2-c653-419b-aff8-2ab7fbdbc0be', NULL, 29, 755, 0, 63),
	(756, 757, b'0', 'Отписание описание товара №756', 'Товар №756', '33c8c4c3-53af-47cb-bb36-b38d5b913175', NULL, 27, 756, 0, 63),
	(757, 758, b'0', 'Отписание описание товара №757', 'Товар №757', 'aab04f71-7fb2-40ac-938e-034617c6391b', NULL, 29, 757, 0, 64),
	(758, 759, b'0', 'Отписание описание товара №758', 'Товар №758', '361b61ad-bf6d-4c87-8562-bc6775fa14c4', NULL, 24, 758, 0, 64),
	(759, 760, b'0', 'Отписание описание товара №759', 'Товар №759', '29de53e0-2c8b-4d30-af37-88c0a308f163', NULL, 27, 759, 0, 64),
	(760, 761, b'0', 'Отписание описание товара №760', 'Товар №760', '0c03dea6-5c92-4988-a5ef-9a6146e83a6d', NULL, 23, 760, 0, 64),
	(761, 762, b'0', 'Отписание описание товара №761', 'Товар №761', '81e679d7-3e99-4b9b-9c00-7f5cd4b417ea', NULL, 32, 761, 0, 64),
	(762, 763, b'0', 'Отписание описание товара №762', 'Товар №762', 'b017c09c-8743-4a06-a696-c8576c5ad814', NULL, 24, 762, 0, 64),
	(763, 764, b'0', 'Отписание описание товара №763', 'Товар №763', '1b241f0e-56ac-4739-83c8-95882a2c6506', NULL, 32, 763, 0, 64),
	(764, 765, b'0', 'Отписание описание товара №764', 'Товар №764', '1672c86b-b8c4-42ef-aeed-35c07dc0ba5b', NULL, 23, 764, 0, 64),
	(765, 766, b'0', 'Отписание описание товара №765', 'Товар №765', 'a7b28eaf-af36-4eee-8b12-d40521a7caa5', NULL, 32, 765, 0, 64),
	(766, 767, b'0', 'Отписание описание товара №766', 'Товар №766', '0caaed4f-938d-4c3d-b244-ca53374f0e6d', NULL, 23, 766, 0, 64),
	(767, 768, b'0', 'Отписание описание товара №767', 'Товар №767', '3b0cf745-da58-464e-97c1-6b5919f28d61', NULL, 32, 767, 0, 64),
	(768, 769, b'0', 'Отписание описание товара №768', 'Товар №768', '2c37e894-8723-4ccf-9b34-4096d5d1918c', NULL, 33, 768, 0, 64),
	(769, 770, b'0', 'Отписание описание товара №769', 'Товар №769', '7e43116a-57ab-4a59-9d47-3bc7965f3447', NULL, 30, 769, 0, 65),
	(770, 771, b'0', 'Отписание описание товара №770', 'Товар №770', 'bffe3656-8c3a-4f4e-8222-373697bf43c7', NULL, 27, 770, 0, 65),
	(771, 772, b'0', 'Отписание описание товара №771', 'Товар №771', 'b02cafd6-a098-439a-a511-ada35dee0bde', NULL, 25, 771, 0, 65),
	(772, 773, b'0', 'Отписание описание товара №772', 'Товар №772', 'ce1bbe2b-fb6f-4055-b7aa-5fc2c2f251f6', NULL, 33, 772, 0, 65),
	(773, 774, b'0', 'Отписание описание товара №773', 'Товар №773', '0db994ce-62cf-4bd6-a528-58d14414e267', NULL, 29, 773, 0, 65),
	(774, 775, b'0', 'Отписание описание товара №774', 'Товар №774', '53e151f1-3660-492f-b01e-7e797bc5a79f', NULL, 24, 774, 0, 65),
	(775, 776, b'0', 'Отписание описание товара №775', 'Товар №775', '33e1d707-7a94-4c7a-9f06-6f14d0cc5f16', NULL, 24, 775, 0, 65),
	(776, 777, b'0', 'Отписание описание товара №776', 'Товар №776', '46f5a538-ee80-4ee1-8328-e53cb8239bf7', NULL, 28, 776, 0, 65),
	(777, 778, b'0', 'Отписание описание товара №777', 'Товар №777', '03511c96-0f07-46d1-984e-cecca3a13a01', NULL, 32, 777, 0, 65),
	(778, 779, b'0', 'Отписание описание товара №778', 'Товар №778', '1c4cc565-3ded-4517-b0b8-eba500338b3b', NULL, 23, 778, 0, 65),
	(779, 780, b'0', 'Отписание описание товара №779', 'Товар №779', '37bd5b5c-c502-40a2-9f1a-042ac34154a3', NULL, 30, 779, 0, 65),
	(780, 781, b'0', 'Отписание описание товара №780', 'Товар №780', 'e084a503-22d8-4e9a-96ff-e852e9ea1703', NULL, 23, 780, 0, 65),
	(781, 782, b'0', 'Отписание описание товара №781', 'Товар №781', '716686d9-d8df-407d-8204-6077aa2e4506', NULL, 24, 781, 0, 66),
	(782, 783, b'0', 'Отписание описание товара №782', 'Товар №782', '58a66f0b-69ad-4dd4-866d-a76b8fd445b6', NULL, 31, 782, 0, 66),
	(783, 784, b'0', 'Отписание описание товара №783', 'Товар №783', 'f0b0b8e9-0159-4476-b7f3-fff75ee63376', NULL, 24, 783, 0, 66),
	(784, 785, b'0', 'Отписание описание товара №784', 'Товар №784', 'c642cc85-6205-4821-afbd-35fc0bccced7', NULL, 33, 784, 0, 66),
	(785, 786, b'0', 'Отписание описание товара №785', 'Товар №785', '30fa05ca-c445-446f-8be2-9a1084e4fe00', NULL, 26, 785, 0, 66),
	(786, 787, b'0', 'Отписание описание товара №786', 'Товар №786', 'a3cc889f-debc-450e-831e-95124000a5d8', NULL, 29, 786, 0, 66),
	(787, 788, b'0', 'Отписание описание товара №787', 'Товар №787', 'ac1e5777-73f5-4140-9eda-f7374d2eb92d', NULL, 29, 787, 0, 66),
	(788, 789, b'0', 'Отписание описание товара №788', 'Товар №788', 'a019253a-8a8b-404e-ae93-aa5ebc46c69f', NULL, 33, 788, 0, 66),
	(789, 790, b'0', 'Отписание описание товара №789', 'Товар №789', 'eba64cb8-c83d-4314-aa64-8097ab82a9ce', NULL, 30, 789, 0, 66),
	(790, 791, b'0', 'Отписание описание товара №790', 'Товар №790', 'd877e017-0a49-4475-9aab-a59455e69696', NULL, 22, 790, 0, 66),
	(791, 792, b'0', 'Отписание описание товара №791', 'Товар №791', '7a69193e-513d-4552-b99e-3900a4e0c4f2', NULL, 25, 791, 0, 66),
	(792, 793, b'0', 'Отписание описание товара №792', 'Товар №792', '9be33584-89ac-47ac-be18-fcc0262928cc', NULL, 28, 792, 0, 66),
	(793, 794, b'0', 'Отписание описание товара №793', 'Товар №793', 'b08e1005-91d1-441a-8343-fd4c284bb719', NULL, 27, 793, 0, 67),
	(794, 795, b'0', 'Отписание описание товара №794', 'Товар №794', 'c957b328-2c0d-490e-b2a3-fd1779e2f677', NULL, 30, 794, 0, 67),
	(795, 796, b'0', 'Отписание описание товара №795', 'Товар №795', '2d286f75-150e-445f-9208-baf35096ed86', NULL, 27, 795, 0, 67),
	(796, 797, b'0', 'Отписание описание товара №796', 'Товар №796', 'd838f12d-30ca-44c4-807d-9915cb903fcf', NULL, 26, 796, 0, 67),
	(797, 798, b'0', 'Отписание описание товара №797', 'Товар №797', '3e9732d8-9183-4b2f-90d0-3b94b86394da', NULL, 32, 797, 0, 67),
	(798, 799, b'0', 'Отписание описание товара №798', 'Товар №798', 'aefd4bb6-67f2-4508-81be-ade51c3efbd6', NULL, 27, 798, 0, 67),
	(799, 800, b'0', 'Отписание описание товара №799', 'Товар №799', 'a5ecc2dd-89ba-4731-a60a-75541e3e3434', NULL, 29, 799, 0, 67),
	(800, 801, b'0', 'Отписание описание товара №800', 'Товар №800', 'd701eff2-6a69-4c14-b713-ed6cda21aa94', NULL, 29, 800, 0, 67),
	(801, 802, b'0', 'Отписание описание товара №801', 'Товар №801', '3bf82d13-e11b-4d13-8731-6240ec0520ae', NULL, 28, 801, 0, 67),
	(802, 803, b'0', 'Отписание описание товара №802', 'Товар №802', '8a8faea4-b954-4c63-849c-02ae47c1d706', NULL, 25, 802, 0, 67),
	(803, 804, b'0', 'Отписание описание товара №803', 'Товар №803', '0682b4e8-8b8e-4f4e-9898-c8ee40fe9068', NULL, 29, 803, 0, 67),
	(804, 805, b'0', 'Отписание описание товара №804', 'Товар №804', '5a55a9ca-85c6-44c6-aa7e-0e3aecb2b706', NULL, 28, 804, 0, 67),
	(805, 806, b'0', 'Отписание описание товара №805', 'Товар №805', '53bd6e1e-91f8-44ff-a6b8-13b19da59691', NULL, 30, 805, 0, 68),
	(806, 807, b'0', 'Отписание описание товара №806', 'Товар №806', '4a379dc4-7df4-408a-98b7-4cc2e7ef60df', NULL, 31, 806, 0, 68),
	(807, 808, b'0', 'Отписание описание товара №807', 'Товар №807', '162d1fac-536e-4627-afc7-62070600d4de', NULL, 32, 807, 0, 68),
	(808, 809, b'0', 'Отписание описание товара №808', 'Товар №808', '785defef-88c7-48a9-b9e1-3423578938a0', NULL, 25, 808, 0, 68),
	(809, 810, b'0', 'Отписание описание товара №809', 'Товар №809', '19049ac3-dbd8-4b45-b746-e4304a2a59a5', NULL, 31, 809, 0, 68),
	(810, 811, b'0', 'Отписание описание товара №810', 'Товар №810', '658c87f4-a996-4f29-a829-2bd4b053fc99', NULL, 30, 810, 0, 68),
	(811, 812, b'0', 'Отписание описание товара №811', 'Товар №811', '9242bc4f-205e-4c15-8ad7-b7d626ede6cf', NULL, 33, 811, 0, 68),
	(812, 813, b'0', 'Отписание описание товара №812', 'Товар №812', '53452b29-a9dc-4608-b046-f1d7af380a39', NULL, 31, 812, 0, 68),
	(813, 814, b'0', 'Отписание описание товара №813', 'Товар №813', '316131b5-ab95-4f4b-bc16-7899f62bb40c', NULL, 28, 813, 0, 68),
	(814, 815, b'0', 'Отписание описание товара №814', 'Товар №814', 'bfbfd3b2-a924-42fc-962d-42ac4b8eb0de', NULL, 27, 814, 0, 68),
	(815, 816, b'0', 'Отписание описание товара №815', 'Товар №815', 'eb242dde-4e75-48ed-929a-3afe19f458f4', NULL, 27, 815, 0, 68),
	(816, 817, b'0', 'Отписание описание товара №816', 'Товар №816', 'f2bac7cf-7f5f-47d6-9f8e-4a74d51b70c5', NULL, 33, 816, 0, 68),
	(817, 818, b'0', 'Отписание описание товара №817', 'Товар №817', '04af928b-5d06-4952-9c6e-2c876dd7972d', NULL, 25, 817, 0, 69),
	(818, 819, b'0', 'Отписание описание товара №818', 'Товар №818', '6c108e2c-6fb5-4375-aba3-18e1f91313c8', NULL, 27, 818, 0, 69),
	(819, 820, b'0', 'Отписание описание товара №819', 'Товар №819', '81464985-3a23-4afa-a859-d8418f34f2a5', NULL, 29, 819, 0, 69),
	(820, 821, b'0', 'Отписание описание товара №820', 'Товар №820', '2aa4679b-5422-40ac-807d-05a48c66c47b', NULL, 28, 820, 0, 69),
	(821, 822, b'0', 'Отписание описание товара №821', 'Товар №821', '644d92f5-c0e0-4da7-8a74-495323c9ba32', NULL, 25, 821, 0, 69),
	(822, 823, b'0', 'Отписание описание товара №822', 'Товар №822', '1ba2eab9-0831-46f7-b2a0-f1b39a4eba9b', NULL, 33, 822, 0, 69),
	(823, 824, b'0', 'Отписание описание товара №823', 'Товар №823', '88d8411e-c5d7-4e9c-9f7c-ce1741945760', NULL, 24, 823, 0, 69),
	(824, 825, b'0', 'Отписание описание товара №824', 'Товар №824', '4ba13fb6-61db-49bf-9a66-9cf1f0c80982', NULL, 33, 824, 0, 69),
	(825, 826, b'0', 'Отписание описание товара №825', 'Товар №825', '05e2239b-c46c-487a-a21d-f7a502aa4227', NULL, 33, 825, 0, 69),
	(826, 827, b'0', 'Отписание описание товара №826', 'Товар №826', 'e2fb1c94-d8ca-49c9-85ac-4817b53bcc60', NULL, 30, 826, 0, 69),
	(827, 828, b'0', 'Отписание описание товара №827', 'Товар №827', '7ab2e01f-14d2-4712-8c75-26c2f3de840c', NULL, 24, 827, 0, 69),
	(828, 829, b'0', 'Отписание описание товара №828', 'Товар №828', 'e63d6940-4922-43e9-8f7b-35c8d7eb7b2e', NULL, 31, 828, 0, 69),
	(829, 830, b'0', 'Отписание описание товара №829', 'Товар №829', '71c31590-6a62-48dd-b135-c59502daa8bd', NULL, 26, 829, 0, 70),
	(830, 831, b'0', 'Отписание описание товара №830', 'Товар №830', '850b355e-7a60-42a1-b12c-2875dedd7d4d', NULL, 25, 830, 0, 70),
	(831, 832, b'0', 'Отписание описание товара №831', 'Товар №831', 'f087e87d-06fa-4aac-90e3-d213f2be88d7', NULL, 23, 831, 0, 70),
	(832, 833, b'0', 'Отписание описание товара №832', 'Товар №832', '185da407-8263-4644-ba01-de6d43217287', NULL, 32, 832, 0, 70),
	(833, 834, b'0', 'Отписание описание товара №833', 'Товар №833', '7a6d8f74-791e-48f3-8c6d-bfefada06239', NULL, 22, 833, 0, 70),
	(834, 835, b'0', 'Отписание описание товара №834', 'Товар №834', '07a02250-15a5-4e66-8c1d-76a2cc982b0d', NULL, 26, 834, 0, 70),
	(835, 836, b'0', 'Отписание описание товара №835', 'Товар №835', 'e64e4502-8699-4367-83a6-571169c2ab99', NULL, 26, 835, 0, 70),
	(836, 837, b'0', 'Отписание описание товара №836', 'Товар №836', '9350faf8-6e47-4a30-9c13-f5e2bd9ff181', NULL, 30, 836, 0, 70),
	(837, 838, b'0', 'Отписание описание товара №837', 'Товар №837', '807c612a-ad10-4c1b-9fb6-6f8d622aa26c', NULL, 30, 837, 0, 70),
	(838, 839, b'0', 'Отписание описание товара №838', 'Товар №838', 'a4e7beda-7b53-43c5-9e66-2ff8348e1a36', NULL, 33, 838, 0, 70),
	(839, 840, b'0', 'Отписание описание товара №839', 'Товар №839', 'a30f5384-3043-4ade-aa5e-5460298a1a4d', NULL, 26, 839, 0, 70),
	(840, 841, b'0', 'Отписание описание товара №840', 'Товар №840', '26bac00d-c2fe-447d-a7dc-4f05ddbd1a92', NULL, 30, 840, 0, 70),
	(841, 842, b'0', 'Отписание описание товара №841', 'Товар №841', '276fff9b-a7ce-421b-bc1d-0d088e7e6ffb', NULL, 27, 841, 0, 71),
	(842, 843, b'0', 'Отписание описание товара №842', 'Товар №842', '5f0e06d5-5362-4a1b-a77f-77133558889d', NULL, 30, 842, 0, 71),
	(843, 844, b'0', 'Отписание описание товара №843', 'Товар №843', 'e96c8554-9ff1-4430-8009-5ac5919494be', NULL, 31, 843, 0, 71),
	(844, 845, b'0', 'Отписание описание товара №844', 'Товар №844', 'adc76d01-9221-42f9-878a-1999215940e9', NULL, 25, 844, 0, 71),
	(845, 846, b'0', 'Отписание описание товара №845', 'Товар №845', '8cf07af2-c618-4bbc-8aa8-da7f270fec3a', NULL, 29, 845, 0, 71),
	(846, 847, b'0', 'Отписание описание товара №846', 'Товар №846', 'ca51c0b1-db61-446b-9548-19b72df928e5', NULL, 31, 846, 0, 71),
	(847, 848, b'0', 'Отписание описание товара №847', 'Товар №847', '21296dba-034a-460d-b423-43f5a4e1c1d4', NULL, 29, 847, 0, 71),
	(848, 849, b'0', 'Отписание описание товара №848', 'Товар №848', '15560731-0c2e-42ed-89e3-66c019acfafd', NULL, 28, 848, 0, 71),
	(849, 850, b'0', 'Отписание описание товара №849', 'Товар №849', '069e7ec0-4894-4a85-86de-825dea62bb8d', NULL, 25, 849, 0, 71),
	(850, 851, b'0', 'Отписание описание товара №850', 'Товар №850', 'b794dd09-8554-4a9c-bed2-3044331b7e8d', NULL, 22, 850, 0, 71),
	(851, 852, b'0', 'Отписание описание товара №851', 'Товар №851', '5d9bb6e0-8b33-43af-bb88-17ef216f46c1', NULL, 24, 851, 0, 71),
	(852, 853, b'0', 'Отписание описание товара №852', 'Товар №852', '9980f9b1-c21c-4bfd-a698-1bb5c9fc55da', NULL, 30, 852, 0, 71),
	(853, 854, b'0', 'Отписание описание товара №853', 'Товар №853', '6ce78e7f-1dc7-4b6f-9758-2589d1a6b75b', NULL, 32, 853, 0, 72),
	(854, 855, b'0', 'Отписание описание товара №854', 'Товар №854', '1d091ff4-9f3b-4376-b81a-24214328b6f0', NULL, 31, 854, 0, 72),
	(855, 856, b'0', 'Отписание описание товара №855', 'Товар №855', 'a6dbee9f-bdde-4c96-a8d9-96f985925233', NULL, 26, 855, 0, 72),
	(856, 857, b'0', 'Отписание описание товара №856', 'Товар №856', '86987f3d-d9c5-4eb4-b4b7-6ccf278aa407', NULL, 32, 856, 0, 72),
	(857, 858, b'0', 'Отписание описание товара №857', 'Товар №857', '53ea3e19-db90-46c8-960b-3fb40ad7fac3', NULL, 31, 857, 0, 72),
	(858, 859, b'0', 'Отписание описание товара №858', 'Товар №858', '5f487c75-ee99-4c0d-8333-f05aa434cfd6', NULL, 22, 858, 0, 72),
	(859, 860, b'0', 'Отписание описание товара №859', 'Товар №859', 'c174278e-ce12-42da-acf4-06642c3e9fe4', NULL, 33, 859, 0, 72),
	(860, 861, b'0', 'Отписание описание товара №860', 'Товар №860', 'f4255476-d201-4427-95aa-77fb11356ec9', NULL, 24, 860, 0, 72),
	(861, 862, b'0', 'Отписание описание товара №861', 'Товар №861', '6e83281e-5eaf-4060-ba57-6a55a20af04e', NULL, 22, 861, 0, 72),
	(862, 863, b'0', 'Отписание описание товара №862', 'Товар №862', 'be16bc84-284c-44ce-9748-06a40f3f0383', NULL, 28, 862, 0, 72),
	(863, 864, b'0', 'Отписание описание товара №863', 'Товар №863', 'a89d3467-74b8-4c78-8b5c-5e127201d614', NULL, 30, 863, 0, 72),
	(864, 865, b'0', 'Отписание описание товара №864', 'Товар №864', '0f4b883f-14e7-40bd-995c-d86cbece655a', NULL, 23, 864, 0, 72),
	(865, 866, b'0', 'Отписание описание товара №865', 'Товар №865', '27bc9534-2c97-4c75-844d-363fd66934c8', NULL, 29, 865, 0, 73),
	(866, 867, b'0', 'Отписание описание товара №866', 'Товар №866', '8078d592-2561-423e-9793-6d919bf5b22f', NULL, 24, 866, 0, 73),
	(867, 868, b'0', 'Отписание описание товара №867', 'Товар №867', '952bb52d-2989-4838-b466-c08bacf84dd4', NULL, 28, 867, 0, 73),
	(868, 869, b'0', 'Отписание описание товара №868', 'Товар №868', '5f059bb4-7086-48a2-94e6-1a1b93442892', NULL, 26, 868, 0, 73),
	(869, 870, b'0', 'Отписание описание товара №869', 'Товар №869', '58c9890b-8593-4b52-a6b0-eb6b9a59bfe0', NULL, 29, 869, 0, 73),
	(870, 871, b'0', 'Отписание описание товара №870', 'Товар №870', '1ad5bb44-5f6d-4783-a139-c0c1f706b24d', NULL, 26, 870, 0, 73),
	(871, 872, b'0', 'Отписание описание товара №871', 'Товар №871', '4cfa9b95-7839-43f1-abe8-2b84b833ea1c', NULL, 30, 871, 0, 73),
	(872, 873, b'0', 'Отписание описание товара №872', 'Товар №872', '18fb0c91-9604-49dc-9df7-ae3a4cff5290', NULL, 28, 872, 0, 73),
	(873, 874, b'0', 'Отписание описание товара №873', 'Товар №873', '2f2f28f5-22ec-4b1a-8e7f-a95752a43521', NULL, 22, 873, 0, 73),
	(874, 875, b'0', 'Отписание описание товара №874', 'Товар №874', 'cb81cd17-8721-4042-88b7-a39ba5811e43', NULL, 26, 874, 0, 73),
	(875, 876, b'0', 'Отписание описание товара №875', 'Товар №875', 'e4ef1d29-63dd-4625-b8fc-42a9b9c4ce1e', NULL, 28, 875, 0, 73),
	(876, 877, b'0', 'Отписание описание товара №876', 'Товар №876', 'f7029a92-525f-4ee0-ab32-550a3ea26c8d', NULL, 23, 876, 0, 73),
	(877, 878, b'0', 'Отписание описание товара №877', 'Товар №877', 'daad1137-8429-49b2-9500-ead1772d0fb1', NULL, 29, 877, 0, 74),
	(878, 879, b'0', 'Отписание описание товара №878', 'Товар №878', '83760d94-af8c-4463-b241-5275c5c5c92b', NULL, 22, 878, 0, 74),
	(879, 880, b'0', 'Отписание описание товара №879', 'Товар №879', '43939758-1cc0-4c9c-9768-245872357f98', NULL, 31, 879, 0, 74),
	(880, 881, b'0', 'Отписание описание товара №880', 'Товар №880', '9ed7bf8a-0675-4f33-a6eb-0b38055d7d38', NULL, 32, 880, 0, 74),
	(881, 882, b'0', 'Отписание описание товара №881', 'Товар №881', 'af099e90-22a2-4ccb-86ff-5b88e62fa62d', NULL, 26, 881, 0, 74),
	(882, 883, b'0', 'Отписание описание товара №882', 'Товар №882', 'e2a170b7-144f-4a45-92a2-0f5a14b5ea47', NULL, 31, 882, 0, 74),
	(883, 884, b'0', 'Отписание описание товара №883', 'Товар №883', '53dab54d-437a-4a5b-8230-b8bba73ddc2a', NULL, 23, 883, 0, 74),
	(884, 885, b'0', 'Отписание описание товара №884', 'Товар №884', '0a0728be-217b-4861-96d7-f7a7a988b85e', NULL, 25, 884, 0, 74),
	(885, 886, b'0', 'Отписание описание товара №885', 'Товар №885', '9d14f8ae-5d8f-4c60-ae32-1635450fdd28', NULL, 32, 885, 0, 74),
	(886, 887, b'0', 'Отписание описание товара №886', 'Товар №886', 'cf81e72b-0799-45e2-9fa9-578b7bc94999', NULL, 30, 886, 0, 74),
	(887, 888, b'0', 'Отписание описание товара №887', 'Товар №887', 'bc8a0379-103c-4fcd-bf90-5cf58a643029', NULL, 29, 887, 0, 74),
	(888, 889, b'0', 'Отписание описание товара №888', 'Товар №888', 'f5b3bc91-fcb1-4f62-b463-d9a98d4e7135', NULL, 26, 888, 0, 74),
	(889, 890, b'0', 'Отписание описание товара №889', 'Товар №889', '3dd28390-986e-449b-b5d2-bc84eb251ed2', NULL, 24, 889, 0, 75),
	(890, 891, b'0', 'Отписание описание товара №890', 'Товар №890', 'b65f3ef8-b4bd-49f1-944f-acb04638b8bf', NULL, 33, 890, 0, 75),
	(891, 892, b'0', 'Отписание описание товара №891', 'Товар №891', '1f1e755a-c4f5-4a55-b311-917c5d7e5d94', NULL, 26, 891, 0, 75),
	(892, 893, b'0', 'Отписание описание товара №892', 'Товар №892', 'b488447b-c754-4fa8-a3a1-edfb663f5713', NULL, 27, 892, 0, 75),
	(893, 894, b'0', 'Отписание описание товара №893', 'Товар №893', '23185086-0099-446b-b6b4-65be2edea203', NULL, 24, 893, 0, 75),
	(894, 895, b'0', 'Отписание описание товара №894', 'Товар №894', '285e7ba5-1c87-43c9-92a8-e83dd51594ee', NULL, 24, 894, 0, 75),
	(895, 896, b'0', 'Отписание описание товара №895', 'Товар №895', '9a14a16d-ca52-4dc8-8124-d0354da25a98', NULL, 27, 895, 0, 75),
	(896, 897, b'0', 'Отписание описание товара №896', 'Товар №896', 'ec967e60-f765-4994-95b9-c08fb8be3df9', NULL, 30, 896, 0, 75),
	(897, 898, b'0', 'Отписание описание товара №897', 'Товар №897', '2c8aa666-f92c-4a15-93d1-f8019bebe7da', NULL, 28, 897, 0, 75),
	(898, 899, b'0', 'Отписание описание товара №898', 'Товар №898', 'f1f66d4d-c79d-495d-9816-8fe71f2123d0', NULL, 29, 898, 0, 75),
	(899, 900, b'0', 'Отписание описание товара №899', 'Товар №899', '601a1b54-f9ba-4d86-94de-fd9525cf7204', NULL, 25, 899, 0, 75),
	(900, 901, b'0', 'Отписание описание товара №900', 'Товар №900', '3b6fb003-1b42-4a8b-80a6-83a61cc16194', NULL, 24, 900, 0, 75),
	(901, 902, b'0', 'Отписание описание товара №901', 'Товар №901', '66fc9b40-f3ef-4a7d-a1a5-299558c1b46b', NULL, 31, 901, 0, 76),
	(902, 903, b'0', 'Отписание описание товара №902', 'Товар №902', '1ae6389f-fd7a-4d91-866a-5bb8b90377ca', NULL, 32, 902, 0, 76),
	(903, 904, b'0', 'Отписание описание товара №903', 'Товар №903', 'c73db6be-6aa3-48f3-b800-606197852afe', NULL, 29, 903, 0, 76),
	(904, 905, b'0', 'Отписание описание товара №904', 'Товар №904', '33d5f7f4-d14a-4664-b1eb-4e2cd4468fd1', NULL, 23, 904, 0, 76),
	(905, 906, b'0', 'Отписание описание товара №905', 'Товар №905', 'dc3117fd-76e4-4a40-883d-33d140434982', NULL, 24, 905, 0, 76),
	(906, 907, b'0', 'Отписание описание товара №906', 'Товар №906', 'b7bc6879-adea-4929-8a0a-f1824a139adc', NULL, 24, 906, 0, 76),
	(907, 908, b'0', 'Отписание описание товара №907', 'Товар №907', '1252ceaf-ca13-492a-9749-aa0bbfe066f7', NULL, 32, 907, 0, 76),
	(908, 909, b'0', 'Отписание описание товара №908', 'Товар №908', '01250a7a-056a-49ad-91ea-ffc3679d59f3', NULL, 28, 908, 0, 76),
	(909, 910, b'0', 'Отписание описание товара №909', 'Товар №909', 'bfa1b3fe-ebd0-4d4f-9b80-eb5c3664d805', NULL, 30, 909, 0, 76),
	(910, 911, b'0', 'Отписание описание товара №910', 'Товар №910', 'e2b7a221-4647-4af0-82d6-e8f1eca6459b', NULL, 24, 910, 0, 76),
	(911, 912, b'0', 'Отписание описание товара №911', 'Товар №911', 'd17adda9-f82c-4305-8961-e5baacad21dc', NULL, 28, 911, 0, 76),
	(912, 913, b'0', 'Отписание описание товара №912', 'Товар №912', '288fb51b-5f89-4409-bb46-2268138d5431', NULL, 26, 912, 0, 76),
	(913, 914, b'0', 'Отписание описание товара №913', 'Товар №913', 'eeb88ac0-b7b8-4b67-8950-119c5eb2ba86', NULL, 27, 913, 0, 77),
	(914, 915, b'0', 'Отписание описание товара №914', 'Товар №914', '1f12ff29-3754-4712-9e8e-678998ed30cc', NULL, 26, 914, 0, 77),
	(915, 916, b'0', 'Отписание описание товара №915', 'Товар №915', 'b670bd44-ffce-4529-ae60-3f8be298c35c', NULL, 26, 915, 0, 77),
	(916, 917, b'0', 'Отписание описание товара №916', 'Товар №916', '7f69ea5c-a01b-4d0a-bb12-b68682c0af09', NULL, 23, 916, 0, 77),
	(917, 918, b'0', 'Отписание описание товара №917', 'Товар №917', '92583184-33b4-43ac-bed1-e49fb02aae85', NULL, 25, 917, 0, 77),
	(918, 919, b'0', 'Отписание описание товара №918', 'Товар №918', '06d5a079-64b1-440b-a2f3-7f8f54ac5f7b', NULL, 30, 918, 0, 77),
	(919, 920, b'0', 'Отписание описание товара №919', 'Товар №919', 'efc473da-70ba-4e48-9355-f8f29a4f283b', NULL, 32, 919, 0, 77),
	(920, 921, b'0', 'Отписание описание товара №920', 'Товар №920', 'cd2457ef-ae02-4a52-98b9-3d72e3c59620', NULL, 30, 920, 0, 77),
	(921, 922, b'0', 'Отписание описание товара №921', 'Товар №921', '5d8f19ab-7438-4b14-be24-3207f880fe96', NULL, 33, 921, 0, 77),
	(922, 923, b'0', 'Отписание описание товара №922', 'Товар №922', 'bd7b9106-a352-4ad1-82f6-c112b0d97d4e', NULL, 30, 922, 0, 77),
	(923, 924, b'0', 'Отписание описание товара №923', 'Товар №923', '2caee223-7029-4f25-9708-9ceff211dc64', NULL, 33, 923, 0, 77),
	(924, 925, b'0', 'Отписание описание товара №924', 'Товар №924', 'bdd7edf6-1b1b-423d-8a4c-40d8e840993c', NULL, 31, 924, 0, 77),
	(925, 926, b'0', 'Отписание описание товара №925', 'Товар №925', '73540a82-c54b-40c1-aadd-1d633b6c5f18', NULL, 24, 925, 0, 78),
	(926, 927, b'0', 'Отписание описание товара №926', 'Товар №926', '16d4446f-35cb-4ebd-b693-579881c6d595', NULL, 26, 926, 0, 78),
	(927, 928, b'0', 'Отписание описание товара №927', 'Товар №927', '56c80b36-1900-41dd-868a-9e115359b7a8', NULL, 25, 927, 0, 78),
	(928, 929, b'0', 'Отписание описание товара №928', 'Товар №928', 'c4cf487b-d134-400a-8dd9-27622b6e6a79', NULL, 24, 928, 0, 78),
	(929, 930, b'0', 'Отписание описание товара №929', 'Товар №929', 'bb169ed3-1f28-4587-8d06-7991ea33f1ae', NULL, 32, 929, 0, 78),
	(930, 931, b'0', 'Отписание описание товара №930', 'Товар №930', 'ef196ae7-c57f-4c16-a5c7-e42fb08858e3', NULL, 22, 930, 0, 78),
	(931, 932, b'0', 'Отписание описание товара №931', 'Товар №931', '0047b914-dd1a-4c7f-afbb-e6f5c826edc0', NULL, 23, 931, 0, 78),
	(932, 933, b'0', 'Отписание описание товара №932', 'Товар №932', '58d646e4-93a6-4e8c-b79e-bd7bf737c138', NULL, 29, 932, 0, 78),
	(933, 934, b'0', 'Отписание описание товара №933', 'Товар №933', 'a13f8909-3e1e-40e9-a8a8-5b2ec99ad097', NULL, 33, 933, 0, 78),
	(934, 935, b'0', 'Отписание описание товара №934', 'Товар №934', '3947540a-7869-4e51-ae44-64c71a02d072', NULL, 26, 934, 0, 78),
	(935, 936, b'0', 'Отписание описание товара №935', 'Товар №935', '6b787c40-8bd9-489a-bcc2-06e3ea74d162', NULL, 33, 935, 0, 78),
	(936, 937, b'0', 'Отписание описание товара №936', 'Товар №936', '6b4526cb-c2a1-4a9b-aace-905b7c5d8cd7', NULL, 26, 936, 0, 78),
	(937, 938, b'0', 'Отписание описание товара №937', 'Товар №937', '69ce4a0b-266e-4032-b1f9-712ad46adc2e', NULL, 31, 937, 0, 79),
	(938, 939, b'0', 'Отписание описание товара №938', 'Товар №938', 'd4fbf5af-6041-4c9c-a35b-61db15ee8f2c', NULL, 22, 938, 0, 79),
	(939, 940, b'0', 'Отписание описание товара №939', 'Товар №939', '5fd5b8a7-10b6-4282-9893-457971e301d7', NULL, 30, 939, 0, 79),
	(940, 941, b'0', 'Отписание описание товара №940', 'Товар №940', 'e01b2143-43ef-4890-9818-6bdf474da1ff', NULL, 28, 940, 0, 79),
	(941, 942, b'0', 'Отписание описание товара №941', 'Товар №941', 'cda8a6d2-863a-4276-8676-2eb57de28785', NULL, 22, 941, 0, 79),
	(942, 943, b'0', 'Отписание описание товара №942', 'Товар №942', 'c672fd98-a1a5-4412-9a8b-57360b2d63c0', NULL, 26, 942, 0, 79),
	(943, 944, b'0', 'Отписание описание товара №943', 'Товар №943', '1a15074f-e8f3-4eba-8a80-c1db81e92e44', NULL, 32, 943, 0, 79),
	(944, 945, b'0', 'Отписание описание товара №944', 'Товар №944', 'cfbe9aab-889d-4373-b272-7b4b7b657883', NULL, 26, 944, 0, 79),
	(945, 946, b'0', 'Отписание описание товара №945', 'Товар №945', 'b46c0c72-7512-4c11-9443-25e5d30ed8e4', NULL, 28, 945, 0, 79),
	(946, 947, b'0', 'Отписание описание товара №946', 'Товар №946', 'c1a20a24-4db1-4bfa-ae20-9c40bd215dc8', NULL, 30, 946, 0, 79),
	(947, 948, b'0', 'Отписание описание товара №947', 'Товар №947', '2e524173-d249-4917-bac3-5f855c125122', NULL, 33, 947, 0, 79),
	(948, 949, b'0', 'Отписание описание товара №948', 'Товар №948', '3391c22c-62bd-4819-a53a-4fcc1d8fe36e', NULL, 30, 948, 0, 79),
	(949, 950, b'0', 'Отписание описание товара №949', 'Товар №949', '66ee704e-5d31-46ed-97b2-6c52d039f393', NULL, 23, 949, 0, 80),
	(950, 951, b'0', 'Отписание описание товара №950', 'Товар №950', 'd9686e22-211d-4782-83cd-b27e271750db', NULL, 22, 950, 0, 80),
	(951, 952, b'0', 'Отписание описание товара №951', 'Товар №951', '8b00c0c7-e960-43d8-bd51-2793971a29ce', NULL, 24, 951, 0, 80),
	(952, 953, b'0', 'Отписание описание товара №952', 'Товар №952', '8631567f-8b5b-454a-86c5-d2feae307555', NULL, 33, 952, 0, 80),
	(953, 954, b'0', 'Отписание описание товара №953', 'Товар №953', 'b9261bc9-d43f-44e6-9143-a44af378e568', NULL, 29, 953, 0, 80),
	(954, 955, b'0', 'Отписание описание товара №954', 'Товар №954', '2ffa5a54-312d-4359-9c2a-dc27257de81d', NULL, 26, 954, 0, 80),
	(955, 956, b'0', 'Отписание описание товара №955', 'Товар №955', 'dd2cb20a-355e-4a89-ab84-cc4992ac9214', NULL, 24, 955, 0, 80),
	(956, 957, b'0', 'Отписание описание товара №956', 'Товар №956', '89b18926-860f-4f3b-91d8-8e338f91ac76', NULL, 28, 956, 0, 80),
	(957, 958, b'0', 'Отписание описание товара №957', 'Товар №957', '15ee5440-53e1-42ba-a156-fdaafe85a332', NULL, 30, 957, 0, 80),
	(958, 959, b'0', 'Отписание описание товара №958', 'Товар №958', 'b6c13fec-66cf-4bc1-8637-e1c24d679000', NULL, 33, 958, 0, 80),
	(959, 960, b'0', 'Отписание описание товара №959', 'Товар №959', '119e6ac5-fbe1-4d99-9fdd-053f676b19bb', NULL, 28, 959, 0, 80),
	(960, 961, b'0', 'Отписание описание товара №960', 'Товар №960', '2f8d4757-7fb7-4713-9cd3-304563a55b11', NULL, 30, 960, 0, 80),
	(961, 962, b'0', 'Отписание описание товара №961', 'Товар №961', '4127640e-bf9c-4db3-9da1-c1c983b882f6', NULL, 32, 961, 0, 81),
	(962, 963, b'0', 'Отписание описание товара №962', 'Товар №962', '4be0c8a3-e0ae-424a-ab8b-f05b56592ede', NULL, 32, 962, 0, 81),
	(963, 964, b'0', 'Отписание описание товара №963', 'Товар №963', '2d74f3e5-7737-4c06-8ad0-e400d8d41ed6', NULL, 23, 963, 0, 81),
	(964, 965, b'0', 'Отписание описание товара №964', 'Товар №964', 'e3c5f791-48bb-4c67-80e0-a66190150ee5', NULL, 31, 964, 0, 81),
	(965, 966, b'0', 'Отписание описание товара №965', 'Товар №965', '288f373b-5746-4a82-9e9a-74ebf0630d75', NULL, 29, 965, 0, 81),
	(966, 967, b'0', 'Отписание описание товара №966', 'Товар №966', '077bad79-448d-4055-b25d-0491339edfa6', NULL, 29, 966, 0, 81),
	(967, 968, b'0', 'Отписание описание товара №967', 'Товар №967', '91bd9bdd-1c75-4d39-b3b6-d7112f1afdf6', NULL, 29, 967, 0, 81),
	(968, 969, b'0', 'Отписание описание товара №968', 'Товар №968', '996609e7-991b-4ffe-a476-6a6ef77917ec', NULL, 30, 968, 0, 81),
	(969, 970, b'0', 'Отписание описание товара №969', 'Товар №969', '7b1b0fc2-454f-49a7-8a0a-980fbc88eadb', NULL, 28, 969, 0, 81),
	(970, 971, b'0', 'Отписание описание товара №970', 'Товар №970', 'fd1c9e68-24d3-43ab-b799-7364fb99a6e1', NULL, 29, 970, 0, 81),
	(971, 972, b'0', 'Отписание описание товара №971', 'Товар №971', '54d8fc84-69f9-4d92-b45c-361d1eb79d20', NULL, 23, 971, 0, 81),
	(972, 973, b'0', 'Отписание описание товара №972', 'Товар №972', 'fc09e78b-9de5-4ecf-8f05-8a1a8cdad4f2', NULL, 27, 972, 0, 81),
	(973, 974, b'0', 'Отписание описание товара №973', 'Товар №973', '75901cba-5f48-461d-8309-fe83eebbe3f4', NULL, 27, 973, 0, 82),
	(974, 975, b'0', 'Отписание описание товара №974', 'Товар №974', '960b5808-70c4-4472-98fa-59424048b6b7', NULL, 28, 974, 0, 82),
	(975, 976, b'0', 'Отписание описание товара №975', 'Товар №975', 'c6aa9723-9f2e-4b84-9e6b-fead4a5618dd', NULL, 31, 975, 0, 82),
	(976, 977, b'0', 'Отписание описание товара №976', 'Товар №976', 'c67227c1-12ec-4951-8b96-2b4ae9ae18a1', NULL, 31, 976, 0, 82),
	(977, 978, b'0', 'Отписание описание товара №977', 'Товар №977', 'fcd4ee16-3fad-4c4e-a223-344a23c18f36', NULL, 23, 977, 0, 82),
	(978, 979, b'0', 'Отписание описание товара №978', 'Товар №978', 'e3a6fede-d008-42ba-936c-9353295b910d', NULL, 33, 978, 0, 82),
	(979, 980, b'0', 'Отписание описание товара №979', 'Товар №979', 'b2ebac5e-bf79-4e52-b9db-11d1c7731838', NULL, 31, 979, 0, 82),
	(980, 981, b'0', 'Отписание описание товара №980', 'Товар №980', '474fe5d7-3a58-44b0-b919-3b9dfecdf65f', NULL, 29, 980, 0, 82),
	(981, 982, b'0', 'Отписание описание товара №981', 'Товар №981', '4a422cc3-7d04-45af-9231-1ea83880b589', NULL, 30, 981, 0, 82),
	(982, 983, b'0', 'Отписание описание товара №982', 'Товар №982', '1faff609-8a73-47d7-bdc7-0ff5e20d34f9', NULL, 22, 982, 0, 82),
	(983, 984, b'0', 'Отписание описание товара №983', 'Товар №983', '02dcef24-b255-40e7-8e3a-068280e55cf0', NULL, 28, 983, 0, 82),
	(984, 985, b'0', 'Отписание описание товара №984', 'Товар №984', '2646b0ba-80c1-4016-bf9f-a3eaea3457e6', NULL, 27, 984, 0, 82),
	(985, 986, b'0', 'Отписание описание товара №985', 'Товар №985', '17d42309-118d-44e0-96cf-84e7ceb5ed32', NULL, 33, 985, 0, 83),
	(986, 987, b'0', 'Отписание описание товара №986', 'Товар №986', '4e62f3ca-c214-4617-a3ad-f3305500863d', NULL, 22, 986, 0, 83),
	(987, 988, b'0', 'Отписание описание товара №987', 'Товар №987', '01db52ae-87aa-4469-b0f7-d4c18f9eedd9', NULL, 28, 987, 0, 83),
	(988, 989, b'0', 'Отписание описание товара №988', 'Товар №988', 'adc284c8-f797-4319-9909-fab705e71c2f', NULL, 22, 988, 0, 83),
	(989, 990, b'0', 'Отписание описание товара №989', 'Товар №989', '81ced989-c677-4ad1-a3ee-c57f2f83f189', NULL, 30, 989, 0, 83),
	(990, 991, b'0', 'Отписание описание товара №990', 'Товар №990', 'ac0fa163-0101-4aac-be44-6c73fbfb61c6', NULL, 33, 990, 0, 83),
	(991, 992, b'0', 'Отписание описание товара №991', 'Товар №991', '72470b99-388d-4053-8d06-d4115534f647', NULL, 29, 991, 0, 83),
	(992, 993, b'0', 'Отписание описание товара №992', 'Товар №992', '60bcdea5-cf9c-499d-a2e4-ae0aced26f84', NULL, 23, 992, 0, 83),
	(993, 994, b'0', 'Отписание описание товара №993', 'Товар №993', 'cb0b30a5-c20a-426e-9e5e-74a397fabea0', NULL, 22, 993, 0, 83),
	(994, 995, b'0', 'Отписание описание товара №994', 'Товар №994', '6ad9bd2b-7134-4789-880d-dd11e504684b', NULL, 29, 994, 0, 83),
	(995, 996, b'0', 'Отписание описание товара №995', 'Товар №995', '29794216-0a58-4af4-8f55-becd912aa8a8', NULL, 33, 995, 0, 83),
	(996, 997, b'0', 'Отписание описание товара №996', 'Товар №996', 'd0212e7c-a768-4dad-9620-3ef77723c5b4', NULL, 28, 996, 0, 83),
	(997, 998, b'0', 'Отписание описание товара №997', 'Товар №997', 'ecc33df7-2f96-4efc-a8f7-af7d473bb3a7', NULL, 24, 997, 0, 84),
	(998, 999, b'0', 'Отписание описание товара №998', 'Товар №998', '9d818c5b-1630-49fd-ab9b-f7e2f92953fb', NULL, 23, 998, 0, 84),
	(999, 1000, b'0', 'Отписание описание товара №999', 'Товар №999', 'c6270426-6baf-4cbe-9bc9-8be2b6d03c69', NULL, 22, 999, 0, 84),
	(1000, 1001, b'0', 'Отписание описание товара №1000', 'Товар №1000', '1622e865-b50c-49e5-b26e-9416d1fa46d6', NULL, 26, 1000, 0, 84),
	(1001, 1002, b'0', 'Отписание описание товара №1001', 'Товар №1001', '5c6e312e-9d22-42eb-9832-cc9635bb3a4d', NULL, 29, 1001, 0, 84),
	(1002, 1003, b'0', 'Отписание описание товара №1002', 'Товар №1002', 'adba771c-4d7d-415e-9113-0fa7719223bd', NULL, 22, 1002, 0, 84),
	(1003, 1004, b'0', 'Отписание описание товара №1003', 'Товар №1003', '017422ee-7ee6-4573-9c46-824ceab02592', NULL, 31, 1003, 0, 84),
	(1004, 1005, b'0', 'Отписание описание товара №1004', 'Товар №1004', 'a43bf740-ee1e-4d36-b764-bcfeba787404', NULL, 29, 1004, 0, 84),
	(1005, 1006, b'0', 'Отписание описание товара №1005', 'Товар №1005', 'ea8d3f66-cdba-4b92-9c63-a1f18affb46f', NULL, 32, 1005, 0, 84),
	(1006, 1007, b'0', 'Отписание описание товара №1006', 'Товар №1006', 'ef64ee1a-bfb7-418b-98a9-a21b8fa6bb1c', NULL, 28, 1006, 0, 84),
	(1007, 1008, b'0', 'Отписание описание товара №1007', 'Товар №1007', '91cb8c31-36a8-49ca-b65b-b29ce53bcd55', NULL, 30, 1007, 0, 84),
	(1008, 1009, b'0', 'Отписание описание товара №1008', 'Товар №1008', 'ec89ab96-b6a3-4cc2-b0d3-1030347848eb', NULL, 22, 1008, 0, 84);
/*!40000 ALTER TABLE `products` ENABLE KEYS */;


-- Дамп структуры для таблица ecom.product_categories
CREATE TABLE IF NOT EXISTS `product_categories` (
  `id` int(11) NOT NULL AUTO_INCREMENT,
  `url_name` varchar(256) NOT NULL,
  `name` tinytext NOT NULL,
  `pid` int(11) DEFAULT NULL,
  PRIMARY KEY (`id`),
  KEY `FK_product_categories_product_categories` (`pid`),
  CONSTRAINT `FK_product_categories_product_categories` FOREIGN KEY (`pid`) REFERENCES `product_categories` (`id`)
) ENGINE=InnoDB AUTO_INCREMENT=85 DEFAULT CHARSET=utf8;

-- Дамп данных таблицы ecom.product_categories: ~84 rows (приблизительно)
DELETE FROM `product_categories`;
/*!40000 ALTER TABLE `product_categories` DISABLE KEYS */;
INSERT INTO `product_categories` (`id`, `url_name`, `name`, `pid`) VALUES
	(1, 'category-0', 'Категория - 0', NULL),
	(2, 'category-1', 'Категория - 1', NULL),
	(3, 'category-2', 'Категория - 2', NULL),
	(4, 'category-3', 'Категория - 3', NULL),
	(5, 'category-4', 'Категория - 4', NULL),
	(6, 'category-5', 'Категория - 5', NULL),
	(7, 'category-6', 'Категория - 6', NULL),
	(8, 'category-7', 'Категория - 7', NULL),
	(9, 'category-8', 'Категория - 8', NULL),
	(10, 'category-9', 'Категория - 9', NULL),
	(11, 'category-10', 'Категория - 10', NULL),
	(12, 'category-11', 'Категория - 11', NULL),
	(13, 'category-8-0', 'Категория - 0', 8),
	(14, 'category-8-1', 'Категория - 1', 8),
	(15, 'category-8-2', 'Категория - 2', 8),
	(16, 'category-8-3', 'Категория - 3', 8),
	(17, 'category-8-4', 'Категория - 4', 8),
	(18, 'category-8-5', 'Категория - 5', 8),
	(19, 'category-8-6', 'Категория - 6', 8),
	(20, 'category-8-7', 'Категория - 7', 8),
	(21, 'category-8-8', 'Категория - 8', 8),
	(22, 'category-8-9', 'Категория - 9', 8),
	(23, 'category-8-10', 'Категория - 10', 8),
	(24, 'category-8-11', 'Категория - 11', 8),
	(25, 'category-9-0', 'Категория - 0', 9),
	(26, 'category-9-1', 'Категория - 1', 9),
	(27, 'category-9-2', 'Категория - 2', 9),
	(28, 'category-9-3', 'Категория - 3', 9),
	(29, 'category-9-4', 'Категория - 4', 9),
	(30, 'category-9-5', 'Категория - 5', 9),
	(31, 'category-9-6', 'Категория - 6', 9),
	(32, 'category-9-7', 'Категория - 7', 9),
	(33, 'category-9-8', 'Категория - 8', 9),
	(34, 'category-9-9', 'Категория - 9', 9),
	(35, 'category-9-10', 'Категория - 10', 9),
	(36, 'category-9-11', 'Категория - 11', 9),
	(37, 'category-10-0', 'Категория - 0', 10),
	(38, 'category-10-1', 'Категория - 1', 10),
	(39, 'category-10-2', 'Категория - 2', 10),
	(40, 'category-10-3', 'Категория - 3', 10),
	(41, 'category-10-4', 'Категория - 4', 10),
	(42, 'category-10-5', 'Категория - 5', 10),
	(43, 'category-10-6', 'Категория - 6', 10),
	(44, 'category-10-7', 'Категория - 7', 10),
	(45, 'category-10-8', 'Категория - 8', 10),
	(46, 'category-10-9', 'Категория - 9', 10),
	(47, 'category-10-10', 'Категория - 10', 10),
	(48, 'category-10-11', 'Категория - 11', 10),
	(49, 'category-1-0', 'Категория - 0', 1),
	(50, 'category-1-1', 'Категория - 1', 1),
	(51, 'category-1-2', 'Категория - 2', 1),
	(52, 'category-1-3', 'Категория - 3', 1),
	(53, 'category-1-4', 'Категория - 4', 1),
	(54, 'category-1-5', 'Категория - 5', 1),
	(55, 'category-1-6', 'Категория - 6', 1),
	(56, 'category-1-7', 'Категория - 7', 1),
	(57, 'category-1-8', 'Категория - 8', 1),
	(58, 'category-1-9', 'Категория - 9', 1),
	(59, 'category-1-10', 'Категория - 10', 1),
	(60, 'category-1-11', 'Категория - 11', 1),
	(61, 'category-2-0', 'Категория - 0', 2),
	(62, 'category-2-1', 'Категория - 1', 2),
	(63, 'category-2-2', 'Категория - 2', 2),
	(64, 'category-2-3', 'Категория - 3', 2),
	(65, 'category-2-4', 'Категория - 4', 2),
	(66, 'category-2-5', 'Категория - 5', 2),
	(67, 'category-2-6', 'Категория - 6', 2),
	(68, 'category-2-7', 'Категория - 7', 2),
	(69, 'category-2-8', 'Категория - 8', 2),
	(70, 'category-2-9', 'Категория - 9', 2),
	(71, 'category-2-10', 'Категория - 10', 2),
	(72, 'category-2-11', 'Категория - 11', 2),
	(73, 'category-2-0', 'Категория - 2-0', 2),
	(74, 'category-2-1', 'Категория - 2-1', 2),
	(75, 'category-2-2', 'Категория - 2-2', 2),
	(76, 'category-2-3', 'Категория - 2-3', 2),
	(77, 'category-2-4', 'Категория - 2-4', 2),
	(78, 'category-2-5', 'Категория - 2-5', 2),
	(79, 'category-2-6', 'Категория - 2-6', 2),
	(80, 'category-2-7', 'Категория - 2-7', 2),
	(81, 'category-2-8', 'Категория - 2-8', 2),
	(82, 'category-2-9', 'Категория - 2-9', 2),
	(83, 'category-2-10', 'Категория - 2-10', 2),
	(84, 'category-2-11', 'Категория - 2-11', 2);
/*!40000 ALTER TABLE `product_categories` ENABLE KEYS */;


-- Дамп структуры для таблица ecom.product_pictures
CREATE TABLE IF NOT EXISTS `product_pictures` (
  `product_id` int(11) NOT NULL,
  `picture_id` int(11) NOT NULL,
  KEY `FK__products` (`product_id`),
  KEY `FK__pictures` (`picture_id`),
  CONSTRAINT `FK__pictures` FOREIGN KEY (`picture_id`) REFERENCES `pictures` (`id`),
  CONSTRAINT `FK__products` FOREIGN KEY (`product_id`) REFERENCES `products` (`id`)
) ENGINE=InnoDB DEFAULT CHARSET=utf8;

-- Дамп данных таблицы ecom.product_pictures: ~2 608 rows (приблизительно)
DELETE FROM `product_pictures`;
/*!40000 ALTER TABLE `product_pictures` DISABLE KEYS */;
INSERT INTO `product_pictures` (`product_id`, `picture_id`) VALUES
	(1, 33),
	(2, 24),
	(4, 23),
	(4, 24),
	(4, 32),
	(4, 24),
	(4, 33),
	(5, 29),
	(6, 26),
	(7, 24),
	(7, 23),
	(7, 31),
	(8, 31),
	(8, 32),
	(10, 25),
	(10, 26),
	(10, 26),
	(10, 28),
	(11, 31),
	(11, 25),
	(11, 30),
	(11, 27),
	(11, 33),
	(11, 31),
	(13, 33),
	(13, 22),
	(14, 31),
	(14, 33),
	(14, 30),
	(14, 31),
	(14, 25),
	(14, 30),
	(15, 32),
	(15, 28),
	(15, 31),
	(16, 25),
	(16, 29),
	(16, 27),
	(18, 23),
	(20, 31),
	(20, 28),
	(20, 33),
	(20, 27),
	(21, 32),
	(21, 32),
	(22, 29),
	(22, 28),
	(22, 25),
	(22, 24),
	(22, 29),
	(23, 27),
	(23, 28),
	(23, 22),
	(23, 25),
	(24, 30),
	(24, 26),
	(24, 29),
	(25, 23),
	(25, 27),
	(27, 23),
	(27, 28),
	(27, 23),
	(28, 22),
	(28, 28),
	(28, 29),
	(29, 33),
	(29, 26),
	(29, 22),
	(29, 24),
	(30, 22),
	(31, 25),
	(31, 22),
	(32, 27),
	(32, 23),
	(32, 22),
	(33, 31),
	(33, 33),
	(33, 29),
	(33, 25),
	(34, 33),
	(34, 31),
	(34, 22),
	(35, 27),
	(35, 22),
	(35, 27),
	(36, 29),
	(37, 30),
	(38, 32),
	(38, 28),
	(38, 29),
	(39, 25),
	(39, 23),
	(40, 32),
	(40, 22),
	(40, 24),
	(40, 27),
	(40, 22),
	(41, 33),
	(41, 22),
	(41, 24),
	(43, 23),
	(43, 33),
	(43, 23),
	(43, 27),
	(45, 26),
	(45, 31),
	(45, 26),
	(46, 26),
	(47, 25),
	(47, 33),
	(47, 22),
	(47, 25),
	(48, 26),
	(49, 31),
	(50, 33),
	(50, 22),
	(50, 23),
	(50, 31),
	(50, 30),
	(51, 27),
	(52, 24),
	(52, 25),
	(52, 33),
	(52, 28),
	(53, 30),
	(53, 23),
	(53, 29),
	(53, 29),
	(54, 26),
	(54, 33),
	(55, 32),
	(55, 25),
	(55, 23),
	(55, 26),
	(55, 33),
	(56, 27),
	(56, 29),
	(58, 28),
	(58, 25),
	(59, 26),
	(60, 29),
	(60, 23),
	(60, 28),
	(61, 25),
	(61, 30),
	(61, 26),
	(62, 27),
	(62, 32),
	(62, 23),
	(62, 28),
	(64, 33),
	(64, 24),
	(65, 30),
	(65, 33),
	(66, 32),
	(66, 24),
	(67, 24),
	(67, 24),
	(67, 23),
	(67, 31),
	(67, 31),
	(68, 30),
	(69, 32),
	(69, 26),
	(69, 23),
	(69, 25),
	(70, 32),
	(71, 33),
	(72, 32),
	(72, 32),
	(72, 28),
	(73, 23),
	(73, 29),
	(73, 27),
	(73, 26),
	(74, 26),
	(75, 33),
	(75, 27),
	(76, 24),
	(76, 23),
	(76, 24),
	(77, 30),
	(77, 25),
	(78, 24),
	(79, 28),
	(79, 29),
	(79, 31),
	(80, 30),
	(80, 28),
	(80, 31),
	(81, 23),
	(81, 32),
	(81, 25),
	(81, 31),
	(82, 32),
	(83, 32),
	(83, 23),
	(83, 26),
	(83, 23),
	(84, 22),
	(84, 33),
	(84, 31),
	(85, 22),
	(85, 29),
	(85, 25),
	(86, 26),
	(87, 23),
	(87, 22),
	(87, 30),
	(87, 32),
	(88, 32),
	(90, 30),
	(90, 22),
	(91, 26),
	(91, 28),
	(92, 30),
	(92, 32),
	(92, 27),
	(92, 29),
	(93, 28),
	(93, 23),
	(93, 30),
	(93, 24),
	(94, 24),
	(95, 32),
	(95, 28),
	(96, 28),
	(97, 22),
	(97, 27),
	(98, 23),
	(98, 25),
	(99, 23),
	(100, 27),
	(101, 26),
	(101, 32),
	(101, 23),
	(102, 30),
	(102, 25),
	(103, 24),
	(104, 27),
	(104, 29),
	(105, 28),
	(105, 23),
	(106, 31),
	(106, 33),
	(107, 29),
	(107, 24),
	(107, 32),
	(109, 26),
	(110, 33),
	(110, 25),
	(110, 30),
	(110, 24),
	(110, 23),
	(111, 24),
	(111, 32),
	(111, 26),
	(111, 28),
	(111, 30),
	(112, 29),
	(112, 29),
	(113, 28),
	(113, 22),
	(115, 30),
	(115, 30),
	(115, 23),
	(115, 29),
	(115, 23),
	(115, 32),
	(116, 22),
	(116, 23),
	(116, 26),
	(116, 26),
	(117, 26),
	(117, 30),
	(117, 33),
	(120, 33),
	(121, 31),
	(121, 33),
	(122, 27),
	(122, 29),
	(122, 25),
	(123, 22),
	(123, 26),
	(123, 25),
	(123, 29),
	(124, 32),
	(124, 31),
	(124, 29),
	(124, 30),
	(125, 33),
	(126, 24),
	(126, 22),
	(127, 30),
	(127, 26),
	(127, 33),
	(127, 24),
	(128, 25),
	(128, 32),
	(128, 25),
	(128, 32),
	(129, 31),
	(129, 27),
	(130, 26),
	(130, 33),
	(130, 24),
	(131, 31),
	(132, 30),
	(132, 33),
	(133, 26),
	(133, 30),
	(133, 26),
	(134, 32),
	(134, 29),
	(134, 26),
	(134, 27),
	(134, 25),
	(135, 29),
	(135, 33),
	(135, 24),
	(136, 27),
	(136, 31),
	(137, 32),
	(138, 31),
	(139, 27),
	(139, 28),
	(140, 30),
	(140, 31),
	(140, 31),
	(140, 30),
	(141, 22),
	(141, 24),
	(143, 24),
	(143, 29),
	(143, 27),
	(143, 26),
	(145, 30),
	(145, 29),
	(145, 23),
	(145, 32),
	(146, 23),
	(146, 25),
	(147, 31),
	(147, 29),
	(147, 33),
	(147, 28),
	(148, 27),
	(148, 32),
	(148, 33),
	(149, 29),
	(150, 31),
	(150, 24),
	(151, 26),
	(151, 30),
	(152, 26),
	(152, 32),
	(152, 26),
	(152, 24),
	(153, 28),
	(153, 32),
	(153, 23),
	(154, 33),
	(154, 27),
	(155, 32),
	(156, 25),
	(156, 24),
	(156, 28),
	(157, 26),
	(158, 32),
	(159, 23),
	(161, 30),
	(163, 28),
	(163, 32),
	(163, 24),
	(164, 25),
	(164, 26),
	(164, 29),
	(164, 24),
	(166, 22),
	(166, 22),
	(166, 30),
	(166, 29),
	(166, 30),
	(167, 30),
	(167, 33),
	(168, 31),
	(169, 29),
	(169, 24),
	(169, 27),
	(169, 33),
	(169, 22),
	(169, 33),
	(170, 29),
	(171, 26),
	(171, 26),
	(172, 28),
	(173, 23),
	(173, 22),
	(173, 32),
	(174, 27),
	(175, 30),
	(176, 23),
	(176, 30),
	(176, 32),
	(176, 33),
	(177, 33),
	(177, 22),
	(177, 22),
	(180, 25),
	(180, 32),
	(180, 23),
	(181, 24),
	(181, 27),
	(182, 31),
	(182, 28),
	(182, 23),
	(182, 28),
	(183, 32),
	(183, 31),
	(184, 30),
	(185, 23),
	(186, 25),
	(186, 22),
	(186, 32),
	(187, 22),
	(188, 30),
	(188, 22),
	(188, 31),
	(188, 22),
	(188, 28),
	(188, 29),
	(188, 32),
	(189, 30),
	(189, 27),
	(189, 31),
	(190, 25),
	(190, 30),
	(190, 32),
	(191, 32),
	(191, 32),
	(192, 27),
	(192, 28),
	(193, 29),
	(193, 32),
	(193, 29),
	(193, 27),
	(194, 28),
	(195, 32),
	(196, 28),
	(197, 24),
	(197, 23),
	(197, 25),
	(199, 32),
	(199, 32),
	(199, 32),
	(199, 22),
	(200, 31),
	(200, 33),
	(201, 32),
	(201, 25),
	(202, 26),
	(202, 24),
	(203, 24),
	(203, 24),
	(205, 25),
	(205, 22),
	(205, 22),
	(205, 31),
	(206, 22),
	(207, 27),
	(207, 25),
	(207, 33),
	(208, 25),
	(209, 28),
	(209, 31),
	(210, 27),
	(210, 26),
	(210, 28),
	(210, 31),
	(211, 25),
	(211, 23),
	(211, 27),
	(211, 25),
	(212, 32),
	(212, 23),
	(213, 27),
	(213, 28),
	(213, 29),
	(213, 25),
	(213, 26),
	(215, 29),
	(215, 33),
	(215, 31),
	(216, 30),
	(216, 27),
	(216, 32),
	(217, 22),
	(217, 25),
	(218, 22),
	(218, 33),
	(219, 25),
	(219, 29),
	(219, 27),
	(219, 23),
	(220, 28),
	(220, 28),
	(220, 23),
	(222, 29),
	(222, 33),
	(223, 24),
	(224, 29),
	(224, 28),
	(224, 29),
	(224, 29),
	(224, 28),
	(224, 30),
	(225, 25),
	(225, 23),
	(227, 33),
	(227, 26),
	(230, 30),
	(230, 26),
	(231, 28),
	(231, 27),
	(232, 26),
	(233, 28),
	(235, 26),
	(236, 26),
	(236, 31),
	(236, 30),
	(236, 23),
	(237, 30),
	(237, 32),
	(237, 32),
	(238, 31),
	(238, 26),
	(239, 28),
	(239, 22),
	(239, 32),
	(239, 27),
	(239, 25),
	(240, 22),
	(242, 24),
	(242, 32),
	(242, 24),
	(243, 32),
	(243, 33),
	(244, 29),
	(245, 29),
	(247, 25),
	(248, 29),
	(248, 29),
	(248, 33),
	(250, 26),
	(250, 29),
	(250, 24),
	(251, 27),
	(251, 27),
	(252, 30),
	(252, 30),
	(252, 27),
	(252, 29),
	(252, 27),
	(252, 30),
	(254, 22),
	(254, 25),
	(254, 29),
	(255, 26),
	(255, 32),
	(256, 32),
	(256, 31),
	(257, 23),
	(257, 23),
	(259, 25),
	(259, 33),
	(261, 33),
	(261, 30),
	(262, 31),
	(262, 32),
	(262, 28),
	(263, 26),
	(264, 27),
	(264, 25),
	(265, 31),
	(265, 22),
	(265, 32),
	(265, 29),
	(265, 33),
	(266, 25),
	(266, 29),
	(266, 32),
	(266, 24),
	(267, 29),
	(267, 26),
	(267, 33),
	(267, 27),
	(268, 25),
	(268, 30),
	(268, 26),
	(269, 27),
	(269, 33),
	(269, 23),
	(271, 23),
	(271, 32),
	(271, 30),
	(271, 33),
	(272, 22),
	(272, 24),
	(272, 24),
	(273, 32),
	(274, 32),
	(275, 27),
	(275, 32),
	(275, 22),
	(276, 31),
	(277, 22),
	(277, 28),
	(277, 22),
	(278, 23),
	(278, 25),
	(279, 23),
	(279, 28),
	(281, 29),
	(281, 23),
	(281, 31),
	(281, 30),
	(281, 32),
	(282, 24),
	(284, 28),
	(284, 30),
	(284, 25),
	(284, 24),
	(284, 24),
	(284, 32),
	(285, 29),
	(285, 23),
	(286, 29),
	(286, 33),
	(286, 24),
	(287, 23),
	(287, 22),
	(287, 30),
	(288, 26),
	(288, 24),
	(288, 32),
	(289, 27),
	(291, 25),
	(292, 26),
	(292, 27),
	(293, 29),
	(293, 29),
	(293, 23),
	(294, 31),
	(294, 22),
	(295, 33),
	(296, 33),
	(296, 33),
	(297, 33),
	(297, 23),
	(297, 24),
	(297, 22),
	(298, 33),
	(299, 24),
	(300, 30),
	(300, 26),
	(300, 26),
	(301, 23),
	(305, 27),
	(305, 27),
	(306, 27),
	(306, 31),
	(306, 29),
	(307, 24),
	(308, 27),
	(308, 28),
	(309, 26),
	(309, 24),
	(309, 24),
	(309, 28),
	(309, 25),
	(310, 24),
	(310, 30),
	(310, 23),
	(311, 22),
	(312, 23),
	(312, 33),
	(312, 22),
	(312, 22),
	(313, 26),
	(313, 32),
	(314, 24),
	(314, 28),
	(314, 25),
	(315, 33),
	(315, 29),
	(315, 28),
	(316, 26),
	(316, 27),
	(317, 25),
	(317, 25),
	(317, 31),
	(317, 22),
	(318, 25),
	(318, 25),
	(319, 31),
	(319, 24),
	(321, 26),
	(321, 31),
	(321, 32),
	(321, 22),
	(323, 24),
	(323, 26),
	(323, 30),
	(324, 33),
	(324, 22),
	(325, 28),
	(325, 27),
	(327, 25),
	(328, 28),
	(328, 27),
	(328, 33),
	(328, 22),
	(329, 26),
	(329, 31),
	(329, 31),
	(329, 27),
	(330, 33),
	(330, 32),
	(330, 33),
	(330, 29),
	(331, 26),
	(331, 30),
	(332, 22),
	(332, 25),
	(332, 25),
	(332, 28),
	(333, 22),
	(333, 30),
	(333, 31),
	(334, 26),
	(334, 29),
	(334, 26),
	(334, 23),
	(335, 25),
	(335, 27),
	(335, 25),
	(335, 31),
	(335, 26),
	(335, 30),
	(336, 23),
	(338, 33),
	(338, 23),
	(339, 32),
	(339, 32),
	(339, 27),
	(339, 33),
	(340, 29),
	(340, 33),
	(340, 28),
	(342, 32),
	(342, 26),
	(342, 31),
	(344, 31),
	(344, 28),
	(344, 22),
	(344, 27),
	(345, 32),
	(345, 30),
	(345, 28),
	(346, 23),
	(346, 25),
	(346, 28),
	(346, 32),
	(347, 22),
	(347, 29),
	(347, 30),
	(347, 33),
	(347, 23),
	(349, 33),
	(350, 32),
	(350, 26),
	(351, 32),
	(351, 28),
	(351, 24),
	(351, 25),
	(352, 24),
	(353, 30),
	(353, 33),
	(353, 24),
	(354, 26),
	(355, 31),
	(355, 22),
	(355, 28),
	(356, 27),
	(356, 30),
	(356, 26),
	(357, 24),
	(357, 30),
	(357, 25),
	(357, 32),
	(357, 22),
	(358, 25),
	(358, 26),
	(358, 25),
	(358, 33),
	(359, 26),
	(359, 25),
	(359, 23),
	(360, 26),
	(360, 30),
	(360, 27),
	(361, 25),
	(361, 30),
	(362, 29),
	(362, 23),
	(363, 26),
	(364, 29),
	(364, 33),
	(364, 31),
	(365, 26),
	(365, 22),
	(366, 27),
	(367, 26),
	(368, 27),
	(369, 25),
	(369, 28),
	(369, 26),
	(369, 27),
	(372, 30),
	(373, 29),
	(373, 32),
	(374, 33),
	(375, 23),
	(375, 31),
	(375, 25),
	(376, 33),
	(376, 25),
	(376, 28),
	(376, 22),
	(376, 22),
	(377, 29),
	(377, 33),
	(377, 22),
	(377, 25),
	(378, 26),
	(378, 22),
	(378, 23),
	(379, 24),
	(379, 29),
	(379, 32),
	(382, 30),
	(382, 23),
	(382, 31),
	(383, 26),
	(383, 27),
	(383, 23),
	(384, 29),
	(384, 28),
	(384, 24),
	(385, 23),
	(385, 22),
	(385, 23),
	(385, 24),
	(386, 32),
	(386, 24),
	(387, 26),
	(387, 24),
	(387, 25),
	(389, 23),
	(389, 32),
	(389, 24),
	(389, 29),
	(390, 26),
	(391, 32),
	(392, 30),
	(392, 31),
	(392, 27),
	(392, 22),
	(393, 25),
	(394, 28),
	(394, 22),
	(395, 30),
	(395, 27),
	(395, 31),
	(395, 29),
	(397, 26),
	(398, 22),
	(398, 27),
	(398, 22),
	(399, 28),
	(399, 30),
	(400, 26),
	(400, 32),
	(402, 28),
	(402, 32),
	(403, 31),
	(404, 33),
	(404, 29),
	(404, 26),
	(406, 26),
	(406, 26),
	(407, 23),
	(407, 24),
	(408, 23),
	(408, 31),
	(409, 24),
	(409, 27),
	(409, 26),
	(409, 29),
	(409, 23),
	(409, 29),
	(410, 22),
	(410, 25),
	(410, 28),
	(411, 33),
	(412, 32),
	(412, 24),
	(413, 26),
	(413, 29),
	(414, 30),
	(414, 27),
	(415, 22),
	(415, 32),
	(416, 25),
	(417, 22),
	(417, 31),
	(417, 28),
	(418, 30),
	(418, 32),
	(419, 33),
	(419, 28),
	(419, 32),
	(419, 24),
	(421, 33),
	(421, 27),
	(422, 32),
	(422, 24),
	(422, 29),
	(422, 23),
	(423, 32),
	(423, 25),
	(423, 25),
	(424, 32),
	(425, 32),
	(426, 31),
	(427, 29),
	(427, 33),
	(429, 29),
	(429, 32),
	(430, 26),
	(430, 23),
	(430, 29),
	(431, 30),
	(431, 32),
	(431, 23),
	(431, 28),
	(432, 30),
	(432, 25),
	(432, 33),
	(432, 30),
	(432, 22),
	(432, 27),
	(433, 25),
	(433, 28),
	(433, 33),
	(433, 32),
	(433, 28),
	(434, 26),
	(435, 22),
	(435, 28),
	(436, 32),
	(436, 31),
	(437, 30),
	(437, 32),
	(438, 28),
	(438, 32),
	(438, 28),
	(438, 24),
	(438, 33),
	(439, 27),
	(439, 27),
	(440, 26),
	(440, 24),
	(441, 31),
	(441, 25),
	(441, 26),
	(441, 31),
	(442, 32),
	(442, 26),
	(443, 26),
	(444, 26),
	(444, 29),
	(444, 27),
	(445, 26),
	(445, 22),
	(445, 27),
	(445, 33),
	(445, 31),
	(446, 25),
	(446, 32),
	(446, 25),
	(446, 32),
	(447, 33),
	(447, 30),
	(448, 32),
	(448, 28),
	(448, 26),
	(449, 31),
	(450, 30),
	(450, 31),
	(450, 25),
	(450, 31),
	(451, 28),
	(452, 33),
	(452, 28),
	(452, 31),
	(453, 25),
	(453, 28),
	(454, 30),
	(454, 31),
	(454, 30),
	(455, 28),
	(455, 23),
	(455, 22),
	(455, 25),
	(455, 30),
	(456, 24),
	(456, 23),
	(457, 29),
	(457, 28),
	(457, 29),
	(458, 26),
	(458, 23),
	(459, 23),
	(459, 32),
	(459, 23),
	(459, 27),
	(459, 23),
	(460, 26),
	(460, 28),
	(461, 30),
	(461, 32),
	(461, 25),
	(462, 29),
	(463, 28),
	(463, 31),
	(463, 28),
	(464, 26),
	(464, 22),
	(464, 26),
	(465, 22),
	(466, 31),
	(466, 26),
	(466, 28),
	(467, 23),
	(467, 23),
	(467, 26),
	(467, 31),
	(467, 25),
	(467, 28),
	(470, 32),
	(470, 25),
	(470, 27),
	(470, 24),
	(471, 23),
	(471, 24),
	(472, 29),
	(473, 27),
	(473, 33),
	(473, 29),
	(474, 24),
	(475, 31),
	(475, 23),
	(475, 26),
	(475, 32),
	(476, 23),
	(476, 23),
	(477, 25),
	(477, 32),
	(478, 23),
	(478, 33),
	(478, 29),
	(480, 30),
	(480, 24),
	(480, 26),
	(481, 23),
	(481, 23),
	(481, 30),
	(483, 23),
	(483, 28),
	(483, 27),
	(483, 26),
	(483, 32),
	(484, 23),
	(484, 29),
	(484, 22),
	(484, 31),
	(485, 28),
	(485, 24),
	(485, 32),
	(485, 33),
	(485, 33),
	(486, 27),
	(487, 30),
	(488, 23),
	(488, 25),
	(488, 30),
	(489, 27),
	(489, 30),
	(489, 23),
	(489, 30),
	(490, 28),
	(490, 26),
	(490, 31),
	(490, 28),
	(490, 28),
	(490, 22),
	(491, 30),
	(492, 28),
	(492, 30),
	(493, 33),
	(493, 32),
	(493, 32),
	(493, 25),
	(494, 33),
	(494, 22),
	(496, 32),
	(496, 27),
	(497, 28),
	(497, 27),
	(497, 23),
	(498, 24),
	(498, 28),
	(498, 33),
	(498, 29),
	(499, 26),
	(499, 31),
	(500, 26),
	(500, 32),
	(500, 32),
	(501, 28),
	(502, 25),
	(503, 23),
	(504, 30),
	(504, 22),
	(504, 23),
	(506, 32),
	(507, 24),
	(507, 25),
	(507, 23),
	(508, 27),
	(508, 32),
	(508, 27),
	(509, 28),
	(510, 22),
	(511, 32),
	(511, 33),
	(512, 30),
	(512, 27),
	(512, 26),
	(513, 33),
	(514, 33),
	(515, 31),
	(515, 29),
	(516, 28),
	(516, 29),
	(516, 32),
	(516, 24),
	(517, 22),
	(517, 24),
	(517, 26),
	(518, 28),
	(520, 33),
	(520, 29),
	(520, 25),
	(521, 26),
	(521, 26),
	(522, 24),
	(523, 29),
	(523, 32),
	(524, 23),
	(525, 27),
	(525, 32),
	(527, 22),
	(528, 24),
	(528, 32),
	(528, 27),
	(529, 22),
	(529, 31),
	(529, 32),
	(530, 31),
	(531, 23),
	(531, 28),
	(531, 29),
	(532, 26),
	(532, 32),
	(533, 23),
	(533, 25),
	(534, 25),
	(534, 22),
	(534, 27),
	(534, 22),
	(535, 22),
	(535, 29),
	(535, 30),
	(535, 22),
	(535, 25),
	(536, 24),
	(536, 32),
	(536, 30),
	(536, 30),
	(536, 30),
	(537, 24),
	(537, 23),
	(537, 24),
	(538, 26),
	(540, 31),
	(540, 30),
	(540, 27),
	(541, 28),
	(541, 23),
	(541, 30),
	(542, 33),
	(542, 27),
	(542, 24),
	(542, 25),
	(542, 27),
	(543, 28),
	(543, 27),
	(544, 23),
	(545, 24),
	(545, 32),
	(545, 30),
	(546, 27),
	(546, 33),
	(546, 23),
	(547, 23),
	(547, 32),
	(547, 26),
	(548, 33),
	(548, 33),
	(549, 23),
	(550, 22),
	(550, 30),
	(550, 25),
	(551, 33),
	(552, 33),
	(552, 22),
	(552, 24),
	(553, 27),
	(556, 31),
	(557, 26),
	(558, 31),
	(558, 27),
	(559, 31),
	(560, 28),
	(560, 23),
	(560, 28),
	(560, 31),
	(561, 32),
	(562, 28),
	(563, 28),
	(563, 22),
	(563, 24),
	(564, 29),
	(564, 33),
	(564, 33),
	(566, 33),
	(567, 24),
	(567, 28),
	(568, 33),
	(568, 32),
	(569, 31),
	(570, 28),
	(571, 31),
	(571, 26),
	(571, 25),
	(571, 23),
	(572, 32),
	(572, 31),
	(573, 24),
	(573, 24),
	(574, 30),
	(574, 22),
	(574, 23),
	(575, 23),
	(575, 30),
	(575, 23),
	(577, 32),
	(577, 26),
	(577, 22),
	(577, 22),
	(578, 29),
	(578, 27),
	(578, 33),
	(578, 28),
	(578, 25),
	(579, 32),
	(579, 29),
	(580, 30),
	(580, 22),
	(580, 33),
	(580, 25),
	(580, 33),
	(581, 33),
	(581, 27),
	(582, 25),
	(582, 32),
	(582, 32),
	(582, 26),
	(583, 24),
	(583, 26),
	(584, 30),
	(584, 29),
	(584, 24),
	(584, 29),
	(584, 23),
	(585, 32),
	(586, 32),
	(586, 26),
	(586, 33),
	(586, 25),
	(586, 29),
	(586, 33),
	(587, 24),
	(587, 26),
	(587, 31),
	(588, 33),
	(588, 28),
	(588, 24),
	(588, 32),
	(589, 22),
	(589, 26),
	(589, 28),
	(590, 22),
	(590, 32),
	(591, 32),
	(591, 22),
	(592, 27),
	(593, 26),
	(595, 25),
	(595, 22),
	(595, 29),
	(596, 29),
	(596, 28),
	(597, 32),
	(597, 29),
	(597, 32),
	(598, 23),
	(598, 32),
	(601, 32),
	(601, 32),
	(601, 23),
	(603, 29),
	(603, 30),
	(603, 28),
	(604, 22),
	(604, 25),
	(604, 24),
	(604, 26),
	(604, 27),
	(605, 22),
	(605, 26),
	(608, 33),
	(610, 25),
	(610, 23),
	(610, 24),
	(611, 30),
	(611, 24),
	(613, 32),
	(613, 26),
	(614, 27),
	(614, 25),
	(614, 32),
	(615, 30),
	(615, 25),
	(616, 24),
	(616, 27),
	(616, 30),
	(616, 32),
	(617, 26),
	(617, 32),
	(618, 24),
	(619, 30),
	(619, 32),
	(620, 32),
	(620, 30),
	(620, 29),
	(621, 26),
	(621, 33),
	(622, 31),
	(622, 22),
	(622, 31),
	(622, 22),
	(622, 33),
	(623, 28),
	(623, 24),
	(624, 31),
	(624, 32),
	(624, 28),
	(624, 22),
	(624, 33),
	(624, 27),
	(625, 27),
	(625, 32),
	(625, 28),
	(625, 32),
	(625, 29),
	(625, 33),
	(626, 28),
	(626, 32),
	(627, 25),
	(628, 33),
	(628, 25),
	(629, 23),
	(629, 30),
	(631, 29),
	(632, 23),
	(632, 33),
	(633, 26),
	(633, 31),
	(634, 24),
	(635, 27),
	(635, 27),
	(635, 22),
	(637, 29),
	(637, 25),
	(637, 29),
	(637, 27),
	(637, 25),
	(637, 33),
	(637, 24),
	(638, 23),
	(638, 33),
	(638, 31),
	(638, 29),
	(639, 23),
	(639, 33),
	(639, 31),
	(640, 27),
	(641, 31),
	(642, 33),
	(642, 27),
	(642, 27),
	(643, 25),
	(643, 22),
	(643, 23),
	(643, 29),
	(644, 29),
	(644, 25),
	(644, 32),
	(644, 29),
	(644, 32),
	(645, 28),
	(645, 27),
	(645, 32),
	(645, 26),
	(645, 23),
	(645, 26),
	(646, 23),
	(647, 32),
	(647, 26),
	(648, 27),
	(648, 26),
	(648, 32),
	(648, 29),
	(649, 31),
	(650, 29),
	(650, 23),
	(651, 33),
	(651, 29),
	(651, 30),
	(652, 28),
	(653, 29),
	(653, 25),
	(653, 25),
	(653, 28),
	(654, 33),
	(654, 24),
	(654, 24),
	(654, 32),
	(658, 22),
	(658, 30),
	(658, 33),
	(658, 27),
	(658, 30),
	(659, 26),
	(659, 24),
	(659, 33),
	(660, 27),
	(660, 22),
	(661, 23),
	(661, 29),
	(662, 22),
	(663, 29),
	(663, 30),
	(663, 25),
	(663, 26),
	(665, 23),
	(666, 28),
	(666, 24),
	(666, 28),
	(666, 32),
	(667, 23),
	(667, 28),
	(667, 23),
	(668, 33),
	(668, 23),
	(668, 33),
	(668, 29),
	(669, 29),
	(669, 33),
	(669, 31),
	(669, 28),
	(669, 27),
	(670, 29),
	(671, 33),
	(672, 29),
	(672, 31),
	(672, 24),
	(673, 23),
	(673, 25),
	(673, 22),
	(674, 33),
	(674, 22),
	(674, 27),
	(675, 25),
	(675, 28),
	(675, 26),
	(676, 27),
	(676, 28),
	(676, 27),
	(677, 22),
	(677, 25),
	(677, 26),
	(677, 29),
	(678, 29),
	(678, 31),
	(678, 25),
	(679, 24),
	(680, 25),
	(680, 30),
	(681, 33),
	(682, 27),
	(682, 27),
	(682, 32),
	(682, 24),
	(683, 27),
	(683, 28),
	(683, 29),
	(683, 22),
	(684, 32),
	(684, 27),
	(684, 28),
	(685, 26),
	(685, 23),
	(686, 26),
	(686, 26),
	(686, 22),
	(686, 29),
	(687, 32),
	(687, 22),
	(687, 24),
	(688, 33),
	(688, 22),
	(688, 27),
	(688, 27),
	(688, 32),
	(692, 22),
	(692, 24),
	(693, 25),
	(693, 23),
	(694, 25),
	(694, 28),
	(694, 27),
	(694, 32),
	(695, 22),
	(695, 26),
	(695, 29),
	(696, 23),
	(697, 27),
	(697, 27),
	(697, 33),
	(697, 33),
	(697, 22),
	(698, 27),
	(698, 33),
	(698, 23),
	(699, 30),
	(699, 31),
	(699, 27),
	(699, 23),
	(699, 25),
	(700, 29),
	(700, 22),
	(700, 29),
	(700, 33),
	(700, 28),
	(701, 27),
	(701, 28),
	(701, 33),
	(702, 32),
	(702, 28),
	(703, 28),
	(703, 27),
	(703, 22),
	(703, 29),
	(703, 30),
	(704, 31),
	(704, 33),
	(704, 28),
	(704, 26),
	(704, 31),
	(705, 33),
	(705, 26),
	(705, 31),
	(706, 27),
	(707, 24),
	(709, 31),
	(709, 33),
	(711, 29),
	(712, 27),
	(713, 26),
	(713, 23),
	(713, 23),
	(713, 32),
	(713, 27),
	(715, 28),
	(715, 27),
	(716, 28),
	(716, 29),
	(716, 28),
	(716, 23),
	(716, 31),
	(716, 27),
	(717, 29),
	(717, 24),
	(717, 26),
	(717, 29),
	(717, 24),
	(718, 33),
	(718, 27),
	(718, 22),
	(718, 23),
	(718, 30),
	(718, 27),
	(719, 26),
	(719, 29),
	(720, 22),
	(720, 27),
	(720, 24),
	(720, 22),
	(720, 24),
	(720, 32),
	(721, 32),
	(721, 27),
	(722, 27),
	(722, 26),
	(723, 24),
	(723, 29),
	(724, 26),
	(724, 28),
	(725, 25),
	(726, 30),
	(726, 25),
	(727, 22),
	(727, 33),
	(728, 26),
	(728, 33),
	(728, 24),
	(728, 33),
	(729, 23),
	(730, 28),
	(731, 30),
	(731, 27),
	(731, 22),
	(731, 32),
	(731, 31),
	(731, 25),
	(732, 31),
	(732, 22),
	(733, 23),
	(733, 31),
	(733, 22),
	(734, 30),
	(735, 28),
	(735, 22),
	(735, 30),
	(735, 28),
	(736, 24),
	(737, 24),
	(737, 28),
	(738, 24),
	(738, 23),
	(738, 28),
	(739, 22),
	(740, 30),
	(741, 27),
	(741, 27),
	(742, 33),
	(742, 25),
	(742, 25),
	(743, 33),
	(743, 28),
	(743, 32),
	(743, 28),
	(744, 24),
	(744, 27),
	(744, 24),
	(744, 33),
	(745, 29),
	(745, 27),
	(745, 33),
	(746, 31),
	(746, 24),
	(746, 29),
	(749, 28),
	(749, 30),
	(750, 31),
	(750, 24),
	(750, 22),
	(751, 24),
	(751, 29),
	(751, 22),
	(751, 26),
	(752, 23),
	(753, 24),
	(754, 25),
	(754, 27),
	(754, 30),
	(754, 26),
	(754, 25),
	(755, 27),
	(757, 23),
	(757, 23),
	(758, 22),
	(758, 22),
	(759, 26),
	(759, 29),
	(760, 22),
	(760, 23),
	(760, 24),
	(762, 22),
	(763, 33),
	(763, 24),
	(763, 25),
	(764, 28),
	(764, 26),
	(764, 24),
	(765, 33),
	(766, 24),
	(766, 25),
	(766, 30),
	(767, 31),
	(767, 30),
	(767, 23),
	(767, 27),
	(767, 22),
	(768, 32),
	(768, 32),
	(768, 22),
	(768, 33),
	(768, 30),
	(768, 31),
	(770, 25),
	(771, 22),
	(773, 30),
	(773, 26),
	(773, 27),
	(774, 25),
	(774, 25),
	(775, 24),
	(776, 25),
	(776, 27),
	(776, 28),
	(778, 29),
	(778, 24),
	(778, 24),
	(778, 32),
	(779, 33),
	(779, 30),
	(779, 26),
	(779, 31),
	(781, 22),
	(782, 30),
	(782, 33),
	(782, 25),
	(783, 29),
	(784, 32),
	(784, 26),
	(784, 27),
	(784, 26),
	(785, 24),
	(786, 22),
	(787, 30),
	(788, 23),
	(788, 30),
	(789, 27),
	(789, 33),
	(789, 30),
	(789, 25),
	(790, 27),
	(790, 26),
	(791, 30),
	(791, 22),
	(791, 33),
	(792, 30),
	(794, 25),
	(794, 29),
	(795, 27),
	(795, 28),
	(795, 32),
	(796, 26),
	(796, 23),
	(797, 29),
	(798, 24),
	(798, 26),
	(799, 26),
	(800, 27),
	(801, 32),
	(801, 22),
	(801, 30),
	(802, 30),
	(803, 24),
	(804, 23),
	(804, 27),
	(804, 22),
	(804, 31),
	(804, 22),
	(805, 26),
	(805, 30),
	(805, 24),
	(807, 30),
	(807, 28),
	(807, 33),
	(807, 30),
	(808, 25),
	(808, 33),
	(808, 25),
	(809, 30),
	(810, 32),
	(810, 33),
	(810, 28),
	(811, 33),
	(813, 22),
	(813, 25),
	(813, 27),
	(814, 23),
	(814, 27),
	(814, 28),
	(814, 29),
	(815, 28),
	(815, 32),
	(816, 23),
	(816, 24),
	(816, 33),
	(816, 23),
	(817, 30),
	(817, 24),
	(818, 29),
	(818, 29),
	(818, 27),
	(819, 33),
	(819, 27),
	(819, 32),
	(820, 29),
	(820, 26),
	(821, 26),
	(823, 23),
	(823, 33),
	(823, 30),
	(824, 29),
	(824, 22),
	(824, 31),
	(825, 24),
	(825, 24),
	(825, 24),
	(826, 25),
	(826, 30),
	(826, 31),
	(826, 33),
	(827, 24),
	(827, 25),
	(827, 27),
	(828, 33),
	(829, 30),
	(829, 29),
	(829, 32),
	(830, 24),
	(830, 31),
	(830, 31),
	(830, 22),
	(830, 30),
	(830, 30),
	(831, 29),
	(831, 25),
	(831, 23),
	(832, 27),
	(832, 22),
	(832, 29),
	(833, 25),
	(833, 31),
	(833, 30),
	(833, 29),
	(834, 26),
	(834, 23),
	(834, 31),
	(835, 30),
	(835, 22),
	(836, 22),
	(836, 32),
	(837, 25),
	(837, 29),
	(837, 22),
	(838, 27),
	(838, 30),
	(838, 33),
	(839, 23),
	(839, 30),
	(839, 32),
	(840, 31),
	(840, 31),
	(840, 24),
	(841, 31),
	(841, 26),
	(841, 31),
	(841, 33),
	(841, 23),
	(843, 25),
	(843, 32),
	(843, 22),
	(844, 22),
	(845, 22),
	(845, 32),
	(845, 24),
	(846, 33),
	(846, 27),
	(846, 28),
	(846, 26),
	(847, 22),
	(848, 25),
	(850, 29),
	(850, 31),
	(850, 31),
	(850, 32),
	(852, 32),
	(852, 22),
	(852, 32),
	(854, 31),
	(854, 22),
	(854, 33),
	(855, 30),
	(857, 23),
	(857, 29),
	(857, 25),
	(857, 31),
	(858, 33),
	(858, 27),
	(859, 28),
	(859, 31),
	(860, 22),
	(860, 22),
	(860, 31),
	(861, 24),
	(862, 24),
	(863, 24),
	(863, 31),
	(863, 22),
	(863, 25),
	(863, 31),
	(864, 28),
	(864, 30),
	(864, 31),
	(864, 27),
	(864, 25),
	(865, 27),
	(866, 24),
	(866, 30),
	(866, 27),
	(866, 28),
	(867, 23),
	(867, 25),
	(868, 32),
	(868, 31),
	(869, 28),
	(869, 29),
	(869, 27),
	(870, 26),
	(870, 32),
	(872, 28),
	(872, 32),
	(872, 33),
	(872, 25),
	(872, 26),
	(872, 26),
	(873, 30),
	(873, 31),
	(873, 22),
	(874, 25),
	(875, 26),
	(875, 32),
	(876, 32),
	(876, 30),
	(876, 22),
	(876, 28),
	(876, 24),
	(876, 30),
	(876, 23),
	(877, 28),
	(879, 32),
	(879, 33),
	(879, 24),
	(882, 31),
	(883, 33),
	(883, 29),
	(883, 27),
	(884, 30),
	(884, 28),
	(884, 24),
	(884, 23),
	(885, 24),
	(885, 23),
	(885, 23),
	(885, 27),
	(885, 26),
	(885, 30),
	(886, 26),
	(886, 25),
	(886, 26),
	(887, 32),
	(887, 30),
	(887, 23),
	(888, 33),
	(888, 22),
	(889, 30),
	(889, 23),
	(889, 32),
	(890, 25),
	(890, 23),
	(890, 27),
	(891, 30),
	(892, 24),
	(892, 31),
	(894, 27),
	(894, 22),
	(894, 24),
	(895, 22),
	(895, 24),
	(895, 25),
	(895, 26),
	(895, 25),
	(896, 28),
	(896, 23),
	(896, 33),
	(896, 27),
	(897, 32),
	(898, 25),
	(899, 24),
	(901, 29),
	(901, 31),
	(901, 27),
	(902, 26),
	(902, 31),
	(903, 28),
	(903, 27),
	(903, 26),
	(903, 29),
	(904, 28),
	(904, 28),
	(905, 32),
	(905, 22),
	(905, 33),
	(906, 25),
	(906, 26),
	(906, 32),
	(906, 33),
	(907, 30),
	(907, 22),
	(907, 28),
	(907, 31),
	(907, 24),
	(907, 28),
	(908, 24),
	(908, 26),
	(909, 28),
	(909, 27),
	(909, 25),
	(910, 31),
	(910, 28),
	(911, 30),
	(911, 32),
	(911, 33),
	(911, 24),
	(912, 25),
	(912, 24),
	(913, 31),
	(913, 31),
	(913, 33),
	(913, 22),
	(913, 26),
	(914, 22),
	(914, 27),
	(914, 33),
	(915, 25),
	(915, 29),
	(916, 30),
	(916, 27),
	(916, 24),
	(916, 29),
	(917, 30),
	(917, 28),
	(917, 27),
	(917, 24),
	(918, 33),
	(918, 28),
	(918, 30),
	(918, 24),
	(919, 29),
	(919, 24),
	(919, 22),
	(919, 33),
	(921, 26),
	(921, 32),
	(922, 27),
	(922, 27),
	(923, 33),
	(923, 27),
	(924, 26),
	(924, 32),
	(924, 23),
	(924, 29),
	(924, 23),
	(924, 24),
	(925, 22),
	(925, 22),
	(927, 27),
	(927, 27),
	(928, 25),
	(929, 30),
	(930, 27),
	(930, 29),
	(930, 28),
	(930, 24),
	(931, 33),
	(932, 23),
	(932, 32),
	(932, 30),
	(933, 27),
	(933, 24),
	(933, 33),
	(933, 23),
	(933, 30),
	(934, 32),
	(934, 28),
	(935, 33),
	(935, 27),
	(935, 24),
	(935, 25),
	(935, 33),
	(935, 29),
	(935, 25),
	(937, 32),
	(939, 24),
	(939, 33),
	(939, 26),
	(940, 29),
	(940, 30),
	(941, 27),
	(942, 29),
	(943, 26),
	(943, 30),
	(944, 22),
	(945, 31),
	(945, 27),
	(946, 29),
	(946, 28),
	(947, 22),
	(947, 25),
	(948, 33),
	(948, 28),
	(948, 27),
	(950, 30),
	(950, 27),
	(950, 33),
	(950, 25),
	(950, 23),
	(951, 22),
	(952, 29),
	(952, 22),
	(952, 31),
	(952, 31),
	(954, 23),
	(954, 23),
	(954, 28),
	(955, 22),
	(955, 28),
	(955, 28),
	(956, 30),
	(957, 24),
	(957, 33),
	(957, 31),
	(958, 25),
	(958, 29),
	(958, 23),
	(958, 24),
	(958, 31),
	(959, 32),
	(960, 25),
	(960, 28),
	(960, 25),
	(961, 29),
	(961, 28),
	(962, 28),
	(962, 32),
	(962, 27),
	(962, 26),
	(963, 22),
	(963, 29),
	(963, 28),
	(963, 22),
	(964, 33),
	(964, 25),
	(965, 24),
	(965, 33),
	(965, 30),
	(965, 31),
	(965, 26),
	(966, 29),
	(966, 33),
	(966, 23),
	(967, 32),
	(967, 32),
	(969, 29),
	(970, 26),
	(971, 31),
	(972, 30),
	(972, 29),
	(973, 32),
	(974, 26),
	(974, 30),
	(974, 22),
	(975, 26),
	(976, 28),
	(976, 29),
	(977, 28),
	(977, 27),
	(977, 32),
	(978, 32),
	(978, 32),
	(978, 31),
	(979, 32),
	(981, 31),
	(981, 30),
	(983, 27),
	(983, 22),
	(983, 31),
	(983, 23),
	(984, 30),
	(984, 28),
	(984, 23),
	(985, 26),
	(985, 22),
	(985, 24),
	(986, 33),
	(986, 22),
	(986, 33),
	(987, 29),
	(987, 23),
	(988, 26),
	(990, 28),
	(991, 24),
	(991, 22),
	(991, 22),
	(993, 32),
	(994, 28),
	(995, 22),
	(995, 31),
	(995, 26),
	(996, 25),
	(997, 26),
	(998, 31),
	(998, 30),
	(999, 28),
	(999, 27),
	(999, 28),
	(1000, 27),
	(1001, 27),
	(1001, 32),
	(1002, 29),
	(1002, 27),
	(1003, 27),
	(1004, 29),
	(1005, 23),
	(1006, 24),
	(1006, 25),
	(1006, 22),
	(1006, 31),
	(1007, 32),
	(1007, 27),
	(1008, 25),
	(1008, 27);
/*!40000 ALTER TABLE `product_pictures` ENABLE KEYS */;


-- Дамп структуры для таблица ecom.product_properties
CREATE TABLE IF NOT EXISTS `product_properties` (
  `id` int(11) NOT NULL AUTO_INCREMENT,
  `name` longtext NOT NULL,
  `value` longtext NOT NULL,
  `product_id` int(11) NOT NULL,
  `unit_id` int(11) NOT NULL,
  PRIMARY KEY (`id`),
  KEY `FK_haph4nj2vx1p621276hvqsnqh` (`product_id`),
  KEY `FK_9fc8gwqprsaf982bok083reqc` (`unit_id`)
) ENGINE=InnoDB AUTO_INCREMENT=2226 DEFAULT CHARSET=utf8;

-- Дамп данных таблицы ecom.product_properties: ~2 057 rows (приблизительно)
DELETE FROM `product_properties`;
/*!40000 ALTER TABLE `product_properties` DISABLE KEYS */;
INSERT INTO `product_properties` (`id`, `name`, `value`, `product_id`, `unit_id`) VALUES
	(1, 'Свойство №73', '937', 1, 4),
	(2, 'Свойство №33', '813', 2, 1),
	(3, 'Свойство №91', '827', 2, 2),
	(4, 'Свойство №86', '699', 2, 4),
	(5, 'Свойство №14', '916', 4, 5),
	(6, 'Свойство №38', '500', 5, 4),
	(7, 'Свойство №73', '853', 5, 4),
	(8, 'Свойство №65', '826', 5, 3),
	(9, 'Свойство №49', '991', 6, 1),
	(10, 'Свойство №25', '871', 6, 3),
	(11, 'Свойство №14', '446', 6, 4),
	(12, 'Свойство №51', '173', 7, 1),
	(13, 'Свойство №94', '553', 7, 3),
	(14, 'Свойство №90', '628', 7, 1),
	(15, 'Свойство №58', '343', 7, 3),
	(16, 'Свойство №44', '601', 8, 3),
	(17, 'Свойство №96', '996', 9, 1),
	(18, 'Свойство №64', '508', 9, 1),
	(19, 'Свойство №71', '213', 10, 1),
	(20, 'Свойство №50', '630', 10, 2),
	(21, 'Свойство №35', '56', 10, 1),
	(22, 'Свойство №95', '655', 11, 2),
	(23, 'Свойство №45', '151', 13, 1),
	(24, 'Свойство №77', '193', 13, 5),
	(25, 'Свойство №17', '740', 13, 2),
	(26, 'Свойство №90', '538', 14, 5),
	(27, 'Свойство №84', '364', 15, 4),
	(28, 'Свойство №5', '447', 16, 5),
	(29, 'Свойство №28', '468', 16, 3),
	(30, 'Свойство №58', '148', 17, 3),
	(31, 'Свойство №25', '111', 17, 3),
	(32, 'Свойство №51', '568', 18, 3),
	(33, 'Свойство №26', '680', 19, 1),
	(34, 'Свойство №43', '206', 19, 5),
	(35, 'Свойство №57', '953', 19, 2),
	(36, 'Свойство №91', '408', 20, 5),
	(37, 'Свойство №16', '440', 20, 3),
	(38, 'Свойство №26', '453', 20, 3),
	(39, 'Свойство №72', '715', 20, 4),
	(40, 'Свойство №49', '649', 21, 2),
	(41, 'Свойство №67', '453', 21, 4),
	(42, 'Свойство №68', '550', 21, 5),
	(43, 'Свойство №96', '765', 22, 5),
	(44, 'Свойство №86', '600', 22, 4),
	(45, 'Свойство №7', '62', 23, 5),
	(46, 'Свойство №80', '268', 23, 4),
	(47, 'Свойство №19', '40', 23, 4),
	(48, 'Свойство №47', '833', 24, 5),
	(49, 'Свойство №28', '953', 24, 2),
	(50, 'Свойство №97', '308', 24, 1),
	(51, 'Свойство №2', '305', 24, 2),
	(52, 'Свойство №41', '122', 25, 2),
	(53, 'Свойство №60', '342', 25, 4),
	(54, 'Свойство №46', '597', 25, 1),
	(55, 'Свойство №54', '95', 26, 3),
	(56, 'Свойство №79', '544', 26, 2),
	(57, 'Свойство №95', '797', 26, 3),
	(58, 'Свойство №16', '422', 26, 5),
	(59, 'Свойство №55', '265', 26, 3),
	(60, 'Свойство №92', '165', 26, 1),
	(61, 'Свойство №22', '116', 27, 2),
	(62, 'Свойство №60', '288', 27, 3),
	(63, 'Свойство №76', '167', 27, 1),
	(64, 'Свойство №66', '212', 27, 2),
	(65, 'Свойство №87', '93', 27, 3),
	(66, 'Свойство №54', '237', 28, 3),
	(67, 'Свойство №92', '64', 28, 3),
	(68, 'Свойство №15', '851', 28, 5),
	(69, 'Свойство №86', '983', 29, 1),
	(70, 'Свойство №75', '596', 30, 4),
	(71, 'Свойство №38', '153', 31, 5),
	(72, 'Свойство №79', '474', 31, 2),
	(73, 'Свойство №22', '257', 31, 3),
	(74, 'Свойство №54', '413', 32, 2),
	(75, 'Свойство №21', '485', 34, 4),
	(76, 'Свойство №83', '883', 34, 2),
	(77, 'Свойство №45', '735', 34, 4),
	(78, 'Свойство №43', '11', 34, 3),
	(79, 'Свойство №2', '36', 35, 5),
	(80, 'Свойство №4', '741', 35, 2),
	(81, 'Свойство №53', '381', 35, 1),
	(82, 'Свойство №32', '527', 35, 1),
	(83, 'Свойство №94', '334', 35, 1),
	(84, 'Свойство №44', '866', 35, 2),
	(85, 'Свойство №94', '474', 35, 5),
	(86, 'Свойство №72', '444', 36, 1),
	(87, 'Свойство №8', '403', 36, 4),
	(88, 'Свойство №43', '502', 36, 3),
	(89, 'Свойство №82', '56', 36, 4),
	(90, 'Свойство №22', '74', 36, 3),
	(91, 'Свойство №67', '570', 37, 5),
	(92, 'Свойство №58', '398', 37, 3),
	(93, 'Свойство №8', '834', 37, 3),
	(94, 'Свойство №85', '850', 37, 3),
	(95, 'Свойство №63', '454', 37, 4),
	(96, 'Свойство №10', '941', 38, 1),
	(97, 'Свойство №8', '826', 38, 3),
	(98, 'Свойство №92', '79', 38, 3),
	(99, 'Свойство №82', '387', 38, 2),
	(100, 'Свойство №72', '442', 39, 1),
	(101, 'Свойство №25', '857', 39, 2),
	(102, 'Свойство №17', '514', 39, 4),
	(103, 'Свойство №74', '236', 40, 3),
	(104, 'Свойство №11', '817', 40, 1),
	(105, 'Свойство №57', '68', 40, 1),
	(106, 'Свойство №95', '720', 40, 2),
	(107, 'Свойство №4', '151', 41, 5),
	(108, 'Свойство №31', '246', 41, 1),
	(109, 'Свойство №36', '493', 42, 5),
	(110, 'Свойство №23', '261', 43, 1),
	(111, 'Свойство №67', '253', 44, 1),
	(112, 'Свойство №38', '251', 46, 4),
	(113, 'Свойство №51', '106', 46, 3),
	(114, 'Свойство №8', '26', 47, 5),
	(115, 'Свойство №95', '225', 47, 5),
	(116, 'Свойство №47', '332', 49, 5),
	(117, 'Свойство №65', '727', 49, 2),
	(118, 'Свойство №51', '281', 49, 1),
	(119, 'Свойство №55', '179', 50, 1),
	(120, 'Свойство №29', '614', 50, 1),
	(121, 'Свойство №86', '194', 50, 2),
	(122, 'Свойство №43', '262', 50, 4),
	(123, 'Свойство №49', '205', 51, 4),
	(124, 'Свойство №36', '554', 51, 2),
	(125, 'Свойство №32', '296', 51, 2),
	(126, 'Свойство №95', '437', 52, 2),
	(127, 'Свойство №16', '93', 52, 5),
	(128, 'Свойство №75', '973', 52, 1),
	(129, 'Свойство №42', '564', 52, 1),
	(130, 'Свойство №54', '429', 52, 1),
	(131, 'Свойство №6', '174', 52, 5),
	(132, 'Свойство №62', '324', 53, 3),
	(133, 'Свойство №67', '961', 53, 1),
	(134, 'Свойство №68', '161', 54, 1),
	(135, 'Свойство №92', '804', 54, 5),
	(136, 'Свойство №16', '98', 55, 5),
	(137, 'Свойство №74', '272', 55, 3),
	(138, 'Свойство №53', '399', 56, 5),
	(139, 'Свойство №89', '803', 56, 1),
	(140, 'Свойство №93', '157', 56, 3),
	(141, 'Свойство №55', '970', 56, 2),
	(142, 'Свойство №89', '665', 57, 5),
	(143, 'Свойство №28', '892', 58, 2),
	(144, 'Свойство №52', '598', 58, 5),
	(145, 'Свойство №58', '633', 59, 4),
	(146, 'Свойство №93', '831', 59, 4),
	(147, 'Свойство №55', '778', 59, 2),
	(148, 'Свойство №75', '817', 60, 4),
	(149, 'Свойство №51', '804', 61, 4),
	(150, 'Свойство №2', '171', 61, 4),
	(151, 'Свойство №37', '204', 62, 4),
	(152, 'Свойство №97', '515', 62, 3),
	(153, 'Свойство №54', '598', 63, 3),
	(154, 'Свойство №22', '149', 64, 4),
	(155, 'Свойство №29', '55', 64, 5),
	(156, 'Свойство №17', '336', 64, 2),
	(157, 'Свойство №77', '836', 65, 2),
	(158, 'Свойство №0', '228', 67, 1),
	(159, 'Свойство №15', '303', 68, 4),
	(160, 'Свойство №31', '6', 68, 4),
	(161, 'Свойство №48', '211', 68, 3),
	(162, 'Свойство №2', '9', 68, 5),
	(163, 'Свойство №17', '392', 70, 1),
	(164, 'Свойство №22', '547', 71, 2),
	(165, 'Свойство №0', '609', 72, 5),
	(166, 'Свойство №91', '301', 73, 5),
	(167, 'Свойство №67', '838', 73, 2),
	(168, 'Свойство №75', '906', 73, 5),
	(169, 'Свойство №73', '8', 75, 5),
	(170, 'Свойство №53', '226', 75, 2),
	(171, 'Свойство №90', '523', 75, 5),
	(172, 'Свойство №40', '164', 75, 5),
	(173, 'Свойство №46', '823', 76, 5),
	(174, 'Свойство №94', '734', 76, 2),
	(175, 'Свойство №49', '512', 76, 4),
	(176, 'Свойство №18', '579', 77, 5),
	(177, 'Свойство №51', '704', 77, 2),
	(178, 'Свойство №10', '288', 77, 5),
	(179, 'Свойство №11', '775', 77, 1),
	(180, 'Свойство №13', '120', 78, 3),
	(181, 'Свойство №23', '399', 78, 4),
	(182, 'Свойство №53', '949', 79, 1),
	(183, 'Свойство №0', '740', 79, 2),
	(184, 'Свойство №41', '387', 79, 1),
	(185, 'Свойство №45', '892', 81, 1),
	(186, 'Свойство №70', '33', 81, 1),
	(187, 'Свойство №82', '466', 82, 4),
	(188, 'Свойство №20', '304', 82, 4),
	(189, 'Свойство №76', '335', 83, 4),
	(190, 'Свойство №89', '219', 83, 3),
	(191, 'Свойство №7', '277', 84, 4),
	(192, 'Свойство №0', '677', 84, 3),
	(193, 'Свойство №36', '492', 84, 4),
	(194, 'Свойство №88', '878', 85, 2),
	(195, 'Свойство №93', '945', 85, 5),
	(196, 'Свойство №88', '849', 86, 5),
	(197, 'Свойство №73', '337', 87, 5),
	(198, 'Свойство №5', '538', 87, 5),
	(199, 'Свойство №37', '250', 88, 5),
	(200, 'Свойство №88', '409', 88, 5),
	(201, 'Свойство №5', '994', 89, 2),
	(202, 'Свойство №74', '999', 89, 5),
	(203, 'Свойство №3', '495', 90, 2),
	(204, 'Свойство №41', '281', 91, 3),
	(205, 'Свойство №87', '324', 91, 4),
	(206, 'Свойство №9', '696', 92, 1),
	(207, 'Свойство №92', '390', 92, 5),
	(208, 'Свойство №40', '330', 93, 2),
	(209, 'Свойство №64', '677', 93, 4),
	(210, 'Свойство №66', '754', 93, 2),
	(211, 'Свойство №23', '924', 94, 2),
	(212, 'Свойство №61', '807', 94, 4),
	(213, 'Свойство №0', '350', 94, 5),
	(214, 'Свойство №71', '461', 95, 2),
	(215, 'Свойство №89', '305', 95, 4),
	(216, 'Свойство №75', '598', 96, 4),
	(217, 'Свойство №90', '723', 96, 3),
	(218, 'Свойство №42', '40', 96, 2),
	(219, 'Свойство №41', '910', 97, 5),
	(220, 'Свойство №10', '496', 98, 4),
	(221, 'Свойство №30', '329', 98, 3),
	(222, 'Свойство №11', '717', 99, 3),
	(223, 'Свойство №92', '406', 99, 3),
	(224, 'Свойство №37', '257', 99, 4),
	(225, 'Свойство №45', '650', 99, 3),
	(226, 'Свойство №6', '465', 99, 3),
	(227, 'Свойство №88', '299', 100, 2),
	(228, 'Свойство №19', '747', 101, 3),
	(229, 'Свойство №19', '601', 103, 2),
	(230, 'Свойство №87', '214', 103, 4),
	(231, 'Свойство №49', '873', 104, 5),
	(232, 'Свойство №60', '548', 104, 3),
	(233, 'Свойство №59', '184', 104, 1),
	(234, 'Свойство №26', '820', 105, 3),
	(235, 'Свойство №64', '983', 105, 2),
	(236, 'Свойство №26', '821', 106, 5),
	(237, 'Свойство №71', '666', 106, 2),
	(238, 'Свойство №0', '951', 106, 1),
	(239, 'Свойство №39', '324', 107, 3),
	(240, 'Свойство №92', '829', 108, 3),
	(241, 'Свойство №55', '493', 109, 4),
	(242, 'Свойство №87', '713', 109, 5),
	(243, 'Свойство №98', '310', 109, 2),
	(244, 'Свойство №30', '740', 110, 2),
	(245, 'Свойство №60', '518', 110, 1),
	(246, 'Свойство №43', '688', 110, 3),
	(247, 'Свойство №69', '87', 111, 1),
	(248, 'Свойство №65', '319', 111, 4),
	(249, 'Свойство №26', '638', 112, 4),
	(250, 'Свойство №47', '471', 112, 1),
	(251, 'Свойство №42', '900', 112, 5),
	(252, 'Свойство №8', '472', 113, 2),
	(253, 'Свойство №26', '555', 113, 4),
	(254, 'Свойство №13', '859', 113, 4),
	(255, 'Свойство №38', '526', 114, 1),
	(256, 'Свойство №22', '792', 114, 4),
	(257, 'Свойство №1', '112', 115, 4),
	(258, 'Свойство №69', '481', 115, 5),
	(259, 'Свойство №75', '409', 115, 4),
	(260, 'Свойство №17', '649', 116, 1),
	(261, 'Свойство №37', '403', 116, 5),
	(262, 'Свойство №9', '906', 117, 2),
	(263, 'Свойство №81', '478', 117, 3),
	(264, 'Свойство №20', '113', 117, 2),
	(265, 'Свойство №44', '357', 117, 3),
	(266, 'Свойство №59', '97', 117, 1),
	(267, 'Свойство №67', '653', 119, 5),
	(268, 'Свойство №66', '553', 119, 4),
	(269, 'Свойство №12', '0', 119, 2),
	(270, 'Свойство №94', '164', 120, 5),
	(271, 'Свойство №88', '442', 120, 5),
	(272, 'Свойство №41', '596', 120, 1),
	(273, 'Свойство №43', '295', 121, 4),
	(274, 'Свойство №55', '565', 121, 5),
	(275, 'Свойство №2', '680', 121, 5),
	(276, 'Свойство №84', '25', 122, 5),
	(277, 'Свойство №91', '693', 122, 3),
	(278, 'Свойство №84', '305', 122, 2),
	(279, 'Свойство №67', '170', 123, 5),
	(280, 'Свойство №87', '952', 123, 4),
	(281, 'Свойство №41', '724', 123, 5),
	(282, 'Свойство №21', '334', 123, 5),
	(283, 'Свойство №31', '229', 124, 4),
	(284, 'Свойство №28', '494', 126, 2),
	(285, 'Свойство №12', '215', 127, 1),
	(286, 'Свойство №87', '813', 128, 3),
	(287, 'Свойство №8', '442', 128, 5),
	(288, 'Свойство №80', '292', 128, 4),
	(289, 'Свойство №58', '790', 128, 4),
	(290, 'Свойство №33', '196', 129, 4),
	(291, 'Свойство №48', '706', 129, 1),
	(292, 'Свойство №75', '867', 129, 4),
	(293, 'Свойство №32', '671', 131, 5),
	(294, 'Свойство №64', '510', 131, 3),
	(295, 'Свойство №53', '642', 131, 5),
	(296, 'Свойство №90', '716', 131, 5),
	(297, 'Свойство №90', '182', 132, 1),
	(298, 'Свойство №17', '388', 132, 4),
	(299, 'Свойство №16', '342', 133, 4),
	(300, 'Свойство №67', '65', 133, 2),
	(301, 'Свойство №40', '916', 133, 3),
	(302, 'Свойство №76', '601', 134, 2),
	(303, 'Свойство №86', '590', 134, 5),
	(304, 'Свойство №62', '650', 134, 3),
	(305, 'Свойство №51', '205', 135, 4),
	(306, 'Свойство №10', '515', 136, 1),
	(307, 'Свойство №73', '721', 136, 1),
	(308, 'Свойство №33', '149', 136, 3),
	(309, 'Свойство №77', '681', 138, 2),
	(310, 'Свойство №93', '409', 139, 1),
	(311, 'Свойство №30', '440', 139, 3),
	(312, 'Свойство №19', '749', 140, 5),
	(313, 'Свойство №25', '84', 140, 2),
	(314, 'Свойство №99', '701', 140, 3),
	(315, 'Свойство №18', '385', 140, 4),
	(316, 'Свойство №30', '837', 141, 2),
	(317, 'Свойство №93', '794', 141, 2),
	(318, 'Свойство №47', '847', 141, 3),
	(319, 'Свойство №29', '652', 141, 2),
	(320, 'Свойство №26', '0', 141, 1),
	(321, 'Свойство №61', '354', 142, 3),
	(322, 'Свойство №31', '588', 142, 2),
	(323, 'Свойство №3', '765', 142, 3),
	(324, 'Свойство №33', '414', 142, 4),
	(325, 'Свойство №89', '795', 142, 4),
	(326, 'Свойство №96', '51', 143, 5),
	(327, 'Свойство №11', '838', 144, 4),
	(328, 'Свойство №33', '730', 144, 4),
	(329, 'Свойство №14', '16', 147, 5),
	(330, 'Свойство №64', '584', 147, 4),
	(331, 'Свойство №35', '340', 147, 4),
	(332, 'Свойство №61', '618', 148, 5),
	(333, 'Свойство №0', '468', 149, 2),
	(334, 'Свойство №18', '153', 149, 4),
	(335, 'Свойство №44', '949', 150, 4),
	(336, 'Свойство №14', '159', 150, 1),
	(337, 'Свойство №69', '261', 150, 3),
	(338, 'Свойство №28', '604', 151, 3),
	(339, 'Свойство №69', '349', 152, 5),
	(340, 'Свойство №14', '505', 152, 2),
	(341, 'Свойство №82', '772', 153, 3),
	(342, 'Свойство №57', '297', 154, 1),
	(343, 'Свойство №11', '983', 154, 4),
	(344, 'Свойство №99', '576', 154, 2),
	(345, 'Свойство №81', '709', 154, 4),
	(346, 'Свойство №60', '641', 155, 1),
	(347, 'Свойство №48', '712', 155, 1),
	(348, 'Свойство №91', '720', 155, 1),
	(349, 'Свойство №38', '328', 155, 3),
	(350, 'Свойство №3', '732', 156, 5),
	(351, 'Свойство №51', '52', 156, 4),
	(352, 'Свойство №21', '362', 158, 2),
	(353, 'Свойство №82', '527', 158, 3),
	(354, 'Свойство №79', '875', 158, 1),
	(355, 'Свойство №15', '753', 159, 3),
	(356, 'Свойство №98', '178', 160, 3),
	(357, 'Свойство №93', '793', 160, 1),
	(358, 'Свойство №4', '781', 161, 1),
	(359, 'Свойство №89', '164', 161, 1),
	(360, 'Свойство №58', '640', 162, 2),
	(361, 'Свойство №42', '46', 162, 1),
	(362, 'Свойство №56', '445', 163, 2),
	(363, 'Свойство №54', '734', 163, 3),
	(364, 'Свойство №67', '116', 165, 1),
	(365, 'Свойство №18', '876', 167, 2),
	(366, 'Свойство №45', '876', 167, 3),
	(367, 'Свойство №45', '409', 167, 2),
	(368, 'Свойство №11', '372', 167, 2),
	(369, 'Свойство №83', '405', 168, 2),
	(370, 'Свойство №62', '933', 168, 2),
	(371, 'Свойство №9', '460', 169, 2),
	(372, 'Свойство №51', '664', 169, 2),
	(373, 'Свойство №57', '802', 169, 2),
	(374, 'Свойство №72', '87', 169, 2),
	(375, 'Свойство №68', '717', 170, 1),
	(376, 'Свойство №19', '403', 170, 2),
	(377, 'Свойство №75', '842', 170, 4),
	(378, 'Свойство №38', '301', 172, 2),
	(379, 'Свойство №43', '82', 172, 2),
	(380, 'Свойство №94', '716', 173, 4),
	(381, 'Свойство №35', '556', 173, 2),
	(382, 'Свойство №54', '624', 174, 3),
	(383, 'Свойство №58', '610', 174, 5),
	(384, 'Свойство №25', '365', 174, 5),
	(385, 'Свойство №97', '985', 174, 1),
	(386, 'Свойство №2', '586', 174, 4),
	(387, 'Свойство №59', '661', 176, 3),
	(388, 'Свойство №53', '511', 176, 1),
	(389, 'Свойство №26', '397', 176, 2),
	(390, 'Свойство №62', '859', 176, 3),
	(391, 'Свойство №95', '173', 177, 1),
	(392, 'Свойство №41', '594', 177, 5),
	(393, 'Свойство №3', '214', 177, 4),
	(394, 'Свойство №37', '537', 178, 4),
	(395, 'Свойство №1', '429', 179, 2),
	(396, 'Свойство №8', '694', 179, 3),
	(397, 'Свойство №21', '659', 179, 2),
	(398, 'Свойство №38', '499', 180, 2),
	(399, 'Свойство №91', '615', 180, 5),
	(400, 'Свойство №67', '181', 180, 1),
	(401, 'Свойство №7', '651', 180, 4),
	(402, 'Свойство №25', '368', 180, 5),
	(403, 'Свойство №45', '12', 181, 3),
	(404, 'Свойство №75', '298', 181, 1),
	(405, 'Свойство №96', '950', 182, 2),
	(406, 'Свойство №18', '901', 182, 1),
	(407, 'Свойство №2', '326', 183, 1),
	(408, 'Свойство №56', '567', 184, 5),
	(409, 'Свойство №31', '365', 184, 1),
	(410, 'Свойство №62', '346', 185, 5),
	(411, 'Свойство №15', '622', 187, 2),
	(412, 'Свойство №44', '47', 187, 2),
	(413, 'Свойство №68', '998', 188, 4),
	(414, 'Свойство №77', '209', 188, 5),
	(415, 'Свойство №11', '135', 189, 3),
	(416, 'Свойство №88', '758', 189, 4),
	(417, 'Свойство №72', '84', 189, 1),
	(418, 'Свойство №49', '772', 190, 3),
	(419, 'Свойство №27', '906', 190, 2),
	(420, 'Свойство №74', '591', 190, 4),
	(421, 'Свойство №88', '413', 190, 5),
	(422, 'Свойство №33', '470', 191, 1),
	(423, 'Свойство №80', '432', 192, 3),
	(424, 'Свойство №86', '247', 193, 3),
	(425, 'Свойство №37', '584', 193, 1),
	(426, 'Свойство №92', '854', 193, 1),
	(427, 'Свойство №31', '302', 193, 2),
	(428, 'Свойство №0', '524', 193, 1),
	(429, 'Свойство №32', '636', 193, 4),
	(430, 'Свойство №59', '553', 194, 1),
	(431, 'Свойство №48', '934', 194, 2),
	(432, 'Свойство №46', '210', 195, 5),
	(433, 'Свойство №81', '136', 196, 2),
	(434, 'Свойство №70', '993', 196, 5),
	(435, 'Свойство №94', '83', 197, 4),
	(436, 'Свойство №22', '428', 198, 2),
	(437, 'Свойство №91', '194', 198, 3),
	(438, 'Свойство №45', '582', 199, 2),
	(439, 'Свойство №67', '580', 200, 1),
	(440, 'Свойство №32', '129', 202, 2),
	(441, 'Свойство №61', '734', 202, 4),
	(442, 'Свойство №4', '119', 203, 1),
	(443, 'Свойство №64', '571', 203, 3),
	(444, 'Свойство №99', '432', 203, 3),
	(445, 'Свойство №56', '449', 203, 2),
	(446, 'Свойство №14', '477', 205, 5),
	(447, 'Свойство №60', '268', 205, 4),
	(448, 'Свойство №55', '741', 206, 3),
	(449, 'Свойство №30', '970', 206, 3),
	(450, 'Свойство №21', '220', 206, 3),
	(451, 'Свойство №15', '653', 207, 1),
	(452, 'Свойство №52', '737', 207, 5),
	(453, 'Свойство №22', '449', 207, 2),
	(454, 'Свойство №2', '720', 208, 2),
	(455, 'Свойство №43', '220', 213, 3),
	(456, 'Свойство №93', '275', 213, 2),
	(457, 'Свойство №24', '637', 213, 1),
	(458, 'Свойство №3', '546', 213, 5),
	(459, 'Свойство №43', '901', 214, 1),
	(460, 'Свойство №62', '605', 214, 2),
	(461, 'Свойство №14', '972', 214, 1),
	(462, 'Свойство №24', '41', 214, 1),
	(463, 'Свойство №43', '885', 214, 4),
	(464, 'Свойство №76', '367', 217, 1),
	(465, 'Свойство №87', '746', 217, 4),
	(466, 'Свойство №63', '180', 217, 4),
	(467, 'Свойство №97', '550', 218, 5),
	(468, 'Свойство №72', '103', 218, 2),
	(469, 'Свойство №76', '197', 220, 1),
	(470, 'Свойство №15', '547', 220, 3),
	(471, 'Свойство №51', '812', 221, 3),
	(472, 'Свойство №44', '586', 221, 5),
	(473, 'Свойство №36', '8', 221, 1),
	(474, 'Свойство №52', '873', 223, 5),
	(475, 'Свойство №34', '954', 223, 5),
	(476, 'Свойство №82', '526', 223, 2),
	(477, 'Свойство №53', '239', 224, 5),
	(478, 'Свойство №65', '536', 225, 2),
	(479, 'Свойство №40', '221', 225, 5),
	(480, 'Свойство №53', '309', 225, 4),
	(481, 'Свойство №3', '307', 226, 1),
	(482, 'Свойство №6', '553', 226, 2),
	(483, 'Свойство №44', '868', 226, 3),
	(484, 'Свойство №36', '627', 226, 3),
	(485, 'Свойство №98', '584', 226, 1),
	(486, 'Свойство №18', '261', 227, 5),
	(487, 'Свойство №77', '363', 228, 2),
	(488, 'Свойство №2', '557', 228, 2),
	(489, 'Свойство №44', '525', 229, 4),
	(490, 'Свойство №24', '893', 229, 3),
	(491, 'Свойство №66', '824', 229, 3),
	(492, 'Свойство №83', '374', 229, 3),
	(493, 'Свойство №6', '63', 230, 5),
	(494, 'Свойство №15', '571', 231, 4),
	(495, 'Свойство №75', '331', 231, 5),
	(496, 'Свойство №49', '222', 231, 5),
	(497, 'Свойство №23', '30', 232, 2),
	(498, 'Свойство №63', '542', 232, 4),
	(499, 'Свойство №30', '130', 232, 1),
	(500, 'Свойство №79', '589', 232, 5),
	(501, 'Свойство №11', '743', 233, 2),
	(502, 'Свойство №3', '581', 233, 3),
	(503, 'Свойство №0', '163', 233, 1),
	(504, 'Свойство №94', '426', 233, 1),
	(505, 'Свойство №67', '346', 234, 2),
	(506, 'Свойство №12', '479', 235, 4),
	(507, 'Свойство №53', '417', 235, 1),
	(508, 'Свойство №39', '968', 235, 2),
	(509, 'Свойство №7', '270', 236, 4),
	(510, 'Свойство №4', '911', 237, 4),
	(511, 'Свойство №78', '721', 237, 2),
	(512, 'Свойство №46', '617', 237, 4),
	(513, 'Свойство №44', '24', 238, 1),
	(514, 'Свойство №74', '261', 238, 2),
	(515, 'Свойство №29', '399', 240, 2),
	(516, 'Свойство №92', '542', 240, 3),
	(517, 'Свойство №71', '15', 240, 5),
	(518, 'Свойство №30', '949', 241, 5),
	(519, 'Свойство №96', '681', 241, 3),
	(520, 'Свойство №53', '779', 243, 4),
	(521, 'Свойство №8', '24', 243, 2),
	(522, 'Свойство №6', '840', 243, 4),
	(523, 'Свойство №74', '782', 243, 4),
	(524, 'Свойство №86', '377', 244, 3),
	(525, 'Свойство №51', '852', 244, 4),
	(526, 'Свойство №80', '429', 244, 4),
	(527, 'Свойство №69', '6', 245, 4),
	(528, 'Свойство №55', '454', 246, 3),
	(529, 'Свойство №59', '318', 247, 3),
	(530, 'Свойство №20', '878', 247, 4),
	(531, 'Свойство №6', '359', 247, 5),
	(532, 'Свойство №78', '716', 248, 3),
	(533, 'Свойство №92', '539', 248, 5),
	(534, 'Свойство №56', '565', 248, 2),
	(535, 'Свойство №77', '187', 248, 1),
	(536, 'Свойство №81', '163', 250, 1),
	(537, 'Свойство №17', '930', 251, 4),
	(538, 'Свойство №94', '101', 251, 5),
	(539, 'Свойство №58', '555', 251, 2),
	(540, 'Свойство №48', '847', 251, 3),
	(541, 'Свойство №51', '997', 253, 1),
	(542, 'Свойство №87', '450', 253, 4),
	(543, 'Свойство №48', '787', 253, 1),
	(544, 'Свойство №59', '195', 253, 2),
	(545, 'Свойство №1', '957', 255, 1),
	(546, 'Свойство №60', '879', 255, 4),
	(547, 'Свойство №68', '921', 255, 5),
	(548, 'Свойство №24', '412', 256, 2),
	(549, 'Свойство №96', '376', 257, 2),
	(550, 'Свойство №92', '252', 257, 1),
	(551, 'Свойство №30', '761', 257, 2),
	(552, 'Свойство №77', '420', 257, 5),
	(553, 'Свойство №21', '444', 257, 1),
	(554, 'Свойство №7', '3', 258, 3),
	(555, 'Свойство №50', '755', 259, 4),
	(556, 'Свойство №59', '655', 259, 3),
	(557, 'Свойство №31', '933', 259, 4),
	(558, 'Свойство №99', '783', 259, 1),
	(559, 'Свойство №18', '362', 260, 1),
	(560, 'Свойство №1', '689', 260, 1),
	(561, 'Свойство №64', '487', 260, 4),
	(562, 'Свойство №72', '301', 261, 5),
	(563, 'Свойство №81', '801', 261, 1),
	(564, 'Свойство №2', '741', 261, 4),
	(565, 'Свойство №79', '572', 261, 2),
	(566, 'Свойство №89', '935', 261, 4),
	(567, 'Свойство №16', '77', 262, 2),
	(568, 'Свойство №17', '676', 262, 5),
	(569, 'Свойство №28', '933', 263, 3),
	(570, 'Свойство №71', '213', 263, 2),
	(571, 'Свойство №4', '150', 264, 5),
	(572, 'Свойство №81', '382', 264, 4),
	(573, 'Свойство №10', '765', 264, 3),
	(574, 'Свойство №12', '335', 264, 2),
	(575, 'Свойство №94', '520', 265, 5),
	(576, 'Свойство №50', '502', 266, 2),
	(577, 'Свойство №20', '193', 266, 2),
	(578, 'Свойство №19', '40', 267, 1),
	(579, 'Свойство №10', '839', 267, 2),
	(580, 'Свойство №86', '477', 267, 3),
	(581, 'Свойство №43', '870', 268, 1),
	(582, 'Свойство №38', '279', 268, 4),
	(583, 'Свойство №91', '233', 269, 3),
	(584, 'Свойство №98', '748', 269, 3),
	(585, 'Свойство №28', '585', 269, 2),
	(586, 'Свойство №88', '610', 270, 2),
	(587, 'Свойство №3', '705', 270, 4),
	(588, 'Свойство №12', '902', 270, 2),
	(589, 'Свойство №4', '227', 271, 1),
	(590, 'Свойство №74', '462', 271, 1),
	(591, 'Свойство №37', '592', 271, 1),
	(592, 'Свойство №5', '747', 272, 5),
	(593, 'Свойство №32', '703', 273, 5),
	(594, 'Свойство №38', '635', 273, 5),
	(595, 'Свойство №10', '168', 273, 4),
	(596, 'Свойство №68', '690', 274, 5),
	(597, 'Свойство №46', '228', 274, 2),
	(598, 'Свойство №96', '530', 274, 5),
	(599, 'Свойство №87', '150', 275, 3),
	(600, 'Свойство №37', '110', 275, 5),
	(601, 'Свойство №78', '818', 275, 2),
	(602, 'Свойство №68', '426', 276, 4),
	(603, 'Свойство №1', '758', 276, 5),
	(604, 'Свойство №32', '557', 277, 2),
	(605, 'Свойство №99', '475', 278, 5),
	(606, 'Свойство №30', '693', 278, 1),
	(607, 'Свойство №42', '294', 278, 4),
	(608, 'Свойство №48', '11', 278, 4),
	(609, 'Свойство №12', '661', 279, 2),
	(610, 'Свойство №92', '598', 280, 4),
	(611, 'Свойство №26', '432', 280, 5),
	(612, 'Свойство №65', '474', 280, 5),
	(613, 'Свойство №37', '37', 281, 3),
	(614, 'Свойство №97', '735', 282, 2),
	(615, 'Свойство №35', '95', 282, 2),
	(616, 'Свойство №38', '430', 282, 2),
	(617, 'Свойство №31', '273', 282, 2),
	(618, 'Свойство №97', '369', 282, 1),
	(619, 'Свойство №56', '800', 282, 5),
	(620, 'Свойство №35', '613', 283, 4),
	(621, 'Свойство №92', '466', 283, 3),
	(622, 'Свойство №19', '836', 284, 4),
	(623, 'Свойство №96', '195', 284, 5),
	(624, 'Свойство №50', '422', 285, 4),
	(625, 'Свойство №27', '761', 286, 3),
	(626, 'Свойство №30', '962', 287, 2),
	(627, 'Свойство №62', '497', 288, 1),
	(628, 'Свойство №39', '322', 288, 2),
	(629, 'Свойство №75', '792', 288, 2),
	(630, 'Свойство №5', '649', 289, 5),
	(631, 'Свойство №50', '869', 289, 2),
	(632, 'Свойство №98', '12', 290, 1),
	(633, 'Свойство №65', '182', 291, 1),
	(634, 'Свойство №66', '378', 292, 5),
	(635, 'Свойство №27', '424', 292, 3),
	(636, 'Свойство №12', '1', 293, 3),
	(637, 'Свойство №11', '401', 293, 1),
	(638, 'Свойство №95', '728', 293, 3),
	(639, 'Свойство №17', '959', 295, 2),
	(640, 'Свойство №26', '175', 295, 4),
	(641, 'Свойство №85', '673', 295, 2),
	(642, 'Свойство №77', '702', 295, 3),
	(643, 'Свойство №35', '565', 296, 4),
	(644, 'Свойство №19', '843', 296, 1),
	(645, 'Свойство №75', '258', 297, 5),
	(646, 'Свойство №0', '424', 297, 3),
	(647, 'Свойство №55', '16', 298, 5),
	(648, 'Свойство №6', '159', 298, 1),
	(649, 'Свойство №42', '296', 298, 5),
	(650, 'Свойство №53', '396', 298, 3),
	(651, 'Свойство №71', '921', 299, 1),
	(652, 'Свойство №39', '664', 299, 4),
	(653, 'Свойство №39', '382', 299, 3),
	(654, 'Свойство №85', '319', 301, 2),
	(655, 'Свойство №70', '893', 302, 5),
	(656, 'Свойство №68', '401', 302, 4),
	(657, 'Свойство №26', '77', 302, 1),
	(658, 'Свойство №18', '827', 303, 1),
	(659, 'Свойство №80', '296', 304, 4),
	(660, 'Свойство №84', '806', 304, 2),
	(661, 'Свойство №54', '380', 305, 3),
	(662, 'Свойство №79', '75', 306, 1),
	(663, 'Свойство №12', '165', 306, 1),
	(664, 'Свойство №32', '358', 308, 4),
	(665, 'Свойство №10', '62', 308, 4),
	(666, 'Свойство №57', '297', 308, 2),
	(667, 'Свойство №79', '474', 308, 1),
	(668, 'Свойство №93', '630', 308, 4),
	(669, 'Свойство №75', '323', 308, 5),
	(670, 'Свойство №89', '293', 309, 5),
	(671, 'Свойство №32', '815', 309, 2),
	(672, 'Свойство №51', '108', 309, 1),
	(673, 'Свойство №56', '333', 309, 4),
	(674, 'Свойство №15', '27', 311, 5),
	(675, 'Свойство №60', '112', 312, 1),
	(676, 'Свойство №3', '482', 313, 1),
	(677, 'Свойство №13', '312', 313, 1),
	(678, 'Свойство №16', '183', 313, 5),
	(679, 'Свойство №33', '72', 313, 2),
	(680, 'Свойство №58', '365', 313, 5),
	(681, 'Свойство №75', '159', 314, 4),
	(682, 'Свойство №61', '239', 314, 3),
	(683, 'Свойство №42', '482', 314, 2),
	(684, 'Свойство №23', '857', 315, 5),
	(685, 'Свойство №44', '555', 315, 5),
	(686, 'Свойство №5', '385', 315, 3),
	(687, 'Свойство №73', '575', 316, 1),
	(688, 'Свойство №79', '552', 316, 2),
	(689, 'Свойство №90', '943', 318, 2),
	(690, 'Свойство №70', '503', 318, 3),
	(691, 'Свойство №74', '120', 318, 5),
	(692, 'Свойство №48', '179', 319, 2),
	(693, 'Свойство №69', '841', 319, 1),
	(694, 'Свойство №44', '764', 320, 5),
	(695, 'Свойство №18', '681', 320, 5),
	(696, 'Свойство №65', '350', 320, 4),
	(697, 'Свойство №46', '827', 321, 2),
	(698, 'Свойство №74', '574', 321, 2),
	(699, 'Свойство №43', '51', 321, 3),
	(700, 'Свойство №18', '141', 321, 2),
	(701, 'Свойство №95', '981', 321, 5),
	(702, 'Свойство №38', '946', 322, 1),
	(703, 'Свойство №90', '713', 322, 4),
	(704, 'Свойство №60', '215', 322, 1),
	(705, 'Свойство №64', '320', 322, 4),
	(706, 'Свойство №56', '646', 323, 4),
	(707, 'Свойство №91', '708', 323, 5),
	(708, 'Свойство №28', '813', 323, 2),
	(709, 'Свойство №81', '395', 324, 5),
	(710, 'Свойство №25', '355', 325, 3),
	(711, 'Свойство №30', '266', 325, 4),
	(712, 'Свойство №54', '972', 326, 3),
	(713, 'Свойство №75', '306', 327, 4),
	(714, 'Свойство №58', '261', 327, 1),
	(715, 'Свойство №28', '279', 328, 4),
	(716, 'Свойство №67', '374', 328, 3),
	(717, 'Свойство №70', '655', 328, 2),
	(718, 'Свойство №33', '660', 329, 5),
	(719, 'Свойство №90', '677', 329, 2),
	(720, 'Свойство №10', '305', 329, 3),
	(721, 'Свойство №47', '991', 330, 2),
	(722, 'Свойство №23', '370', 330, 1),
	(723, 'Свойство №62', '480', 332, 3),
	(724, 'Свойство №96', '967', 333, 2),
	(725, 'Свойство №8', '7', 333, 1),
	(726, 'Свойство №49', '605', 333, 1),
	(727, 'Свойство №79', '418', 333, 5),
	(728, 'Свойство №79', '447', 333, 1),
	(729, 'Свойство №83', '646', 334, 1),
	(730, 'Свойство №14', '229', 335, 2),
	(731, 'Свойство №37', '453', 335, 3),
	(732, 'Свойство №44', '895', 336, 5),
	(733, 'Свойство №27', '693', 337, 4),
	(734, 'Свойство №82', '577', 337, 1),
	(735, 'Свойство №26', '728', 337, 1),
	(736, 'Свойство №67', '137', 337, 1),
	(737, 'Свойство №91', '261', 337, 5),
	(738, 'Свойство №79', '199', 339, 4),
	(739, 'Свойство №92', '858', 339, 5),
	(740, 'Свойство №68', '838', 339, 4),
	(741, 'Свойство №5', '198', 340, 4),
	(742, 'Свойство №90', '665', 340, 5),
	(743, 'Свойство №28', '780', 340, 2),
	(744, 'Свойство №21', '910', 341, 3),
	(745, 'Свойство №71', '658', 342, 4),
	(746, 'Свойство №74', '420', 343, 1),
	(747, 'Свойство №40', '72', 344, 1),
	(748, 'Свойство №90', '459', 344, 4),
	(749, 'Свойство №87', '352', 344, 2),
	(750, 'Свойство №69', '688', 344, 4),
	(751, 'Свойство №0', '731', 344, 1),
	(752, 'Свойство №85', '91', 344, 4),
	(753, 'Свойство №53', '541', 345, 1),
	(754, 'Свойство №53', '995', 345, 2),
	(755, 'Свойство №7', '5', 346, 2),
	(756, 'Свойство №19', '349', 346, 4),
	(757, 'Свойство №38', '387', 346, 2),
	(758, 'Свойство №24', '673', 347, 3),
	(759, 'Свойство №16', '544', 347, 4),
	(760, 'Свойство №90', '713', 347, 5),
	(761, 'Свойство №66', '436', 347, 4),
	(762, 'Свойство №54', '804', 348, 4),
	(763, 'Свойство №40', '687', 348, 2),
	(764, 'Свойство №72', '73', 348, 5),
	(765, 'Свойство №91', '648', 348, 1),
	(766, 'Свойство №16', '434', 349, 5),
	(767, 'Свойство №60', '592', 349, 1),
	(768, 'Свойство №35', '328', 350, 1),
	(769, 'Свойство №56', '681', 351, 5),
	(770, 'Свойство №75', '285', 352, 2),
	(771, 'Свойство №16', '771', 352, 4),
	(772, 'Свойство №31', '759', 353, 5),
	(773, 'Свойство №82', '112', 354, 1),
	(774, 'Свойство №81', '466', 355, 2),
	(775, 'Свойство №83', '408', 355, 4),
	(776, 'Свойство №70', '572', 356, 4),
	(777, 'Свойство №55', '184', 356, 2),
	(778, 'Свойство №57', '397', 357, 1),
	(779, 'Свойство №69', '347', 357, 4),
	(780, 'Свойство №65', '620', 358, 1),
	(781, 'Свойство №1', '640', 358, 2),
	(782, 'Свойство №96', '713', 358, 4),
	(783, 'Свойство №83', '81', 358, 1),
	(784, 'Свойство №26', '29', 358, 2),
	(785, 'Свойство №85', '887', 358, 1),
	(786, 'Свойство №82', '252', 359, 5),
	(787, 'Свойство №72', '885', 359, 2),
	(788, 'Свойство №32', '443', 359, 5),
	(789, 'Свойство №14', '598', 359, 4),
	(790, 'Свойство №80', '210', 360, 2),
	(791, 'Свойство №60', '200', 360, 3),
	(792, 'Свойство №54', '631', 360, 5),
	(793, 'Свойство №82', '298', 361, 5),
	(794, 'Свойство №10', '418', 362, 1),
	(795, 'Свойство №79', '595', 362, 3),
	(796, 'Свойство №55', '365', 362, 5),
	(797, 'Свойство №63', '489', 363, 5),
	(798, 'Свойство №62', '773', 363, 4),
	(799, 'Свойство №36', '434', 364, 4),
	(800, 'Свойство №92', '775', 365, 5),
	(801, 'Свойство №52', '604', 365, 2),
	(802, 'Свойство №0', '203', 365, 3),
	(803, 'Свойство №39', '113', 366, 5),
	(804, 'Свойство №69', '678', 366, 2),
	(805, 'Свойство №3', '460', 366, 4),
	(806, 'Свойство №56', '656', 366, 2),
	(807, 'Свойство №46', '329', 366, 2),
	(808, 'Свойство №84', '177', 367, 3),
	(809, 'Свойство №0', '834', 367, 1),
	(810, 'Свойство №62', '216', 367, 3),
	(811, 'Свойство №75', '754', 368, 5),
	(812, 'Свойство №8', '749', 368, 3),
	(813, 'Свойство №36', '261', 368, 1),
	(814, 'Свойство №91', '709', 368, 4),
	(815, 'Свойство №70', '863', 368, 5),
	(816, 'Свойство №93', '401', 369, 5),
	(817, 'Свойство №57', '158', 369, 1),
	(818, 'Свойство №54', '369', 369, 1),
	(819, 'Свойство №16', '412', 369, 4),
	(820, 'Свойство №42', '945', 370, 2),
	(821, 'Свойство №54', '160', 371, 3),
	(822, 'Свойство №46', '955', 371, 3),
	(823, 'Свойство №48', '691', 371, 4),
	(824, 'Свойство №56', '862', 371, 4),
	(825, 'Свойство №2', '720', 372, 3),
	(826, 'Свойство №72', '483', 372, 2),
	(827, 'Свойство №14', '851', 372, 1),
	(828, 'Свойство №46', '678', 373, 4),
	(829, 'Свойство №74', '159', 373, 1),
	(830, 'Свойство №59', '998', 373, 4),
	(831, 'Свойство №80', '326', 373, 3),
	(832, 'Свойство №76', '189', 374, 3),
	(833, 'Свойство №8', '301', 374, 1),
	(834, 'Свойство №52', '9', 375, 4),
	(835, 'Свойство №84', '702', 375, 2),
	(836, 'Свойство №28', '31', 375, 1),
	(837, 'Свойство №51', '456', 376, 4),
	(838, 'Свойство №30', '557', 376, 5),
	(839, 'Свойство №31', '105', 377, 3),
	(840, 'Свойство №14', '468', 377, 4),
	(841, 'Свойство №23', '579', 377, 4),
	(842, 'Свойство №38', '683', 378, 5),
	(843, 'Свойство №49', '285', 378, 4),
	(844, 'Свойство №25', '75', 378, 2),
	(845, 'Свойство №37', '846', 379, 4),
	(846, 'Свойство №37', '904', 379, 1),
	(847, 'Свойство №68', '718', 380, 4),
	(848, 'Свойство №61', '68', 380, 5),
	(849, 'Свойство №73', '495', 380, 3),
	(850, 'Свойство №20', '426', 380, 2),
	(851, 'Свойство №33', '668', 381, 2),
	(852, 'Свойство №66', '413', 382, 3),
	(853, 'Свойство №20', '858', 383, 2),
	(854, 'Свойство №85', '287', 383, 5),
	(855, 'Свойство №81', '107', 383, 5),
	(856, 'Свойство №84', '379', 383, 3),
	(857, 'Свойство №6', '678', 384, 5),
	(858, 'Свойство №61', '616', 384, 1),
	(859, 'Свойство №91', '24', 384, 4),
	(860, 'Свойство №66', '182', 384, 2),
	(861, 'Свойство №74', '218', 385, 1),
	(862, 'Свойство №52', '413', 385, 4),
	(863, 'Свойство №63', '884', 386, 2),
	(864, 'Свойство №10', '529', 387, 5),
	(865, 'Свойство №27', '382', 387, 5),
	(866, 'Свойство №32', '590', 388, 4),
	(867, 'Свойство №47', '649', 388, 4),
	(868, 'Свойство №7', '938', 389, 4),
	(869, 'Свойство №98', '174', 390, 1),
	(870, 'Свойство №87', '581', 390, 2),
	(871, 'Свойство №20', '724', 390, 2),
	(872, 'Свойство №14', '989', 390, 2),
	(873, 'Свойство №71', '51', 392, 5),
	(874, 'Свойство №71', '722', 392, 5),
	(875, 'Свойство №78', '985', 392, 4),
	(876, 'Свойство №25', '144', 392, 5),
	(877, 'Свойство №11', '498', 392, 2),
	(878, 'Свойство №12', '405', 393, 5),
	(879, 'Свойство №74', '612', 394, 5),
	(880, 'Свойство №76', '93', 394, 1),
	(881, 'Свойство №11', '505', 394, 5),
	(882, 'Свойство №90', '366', 395, 3),
	(883, 'Свойство №0', '609', 396, 2),
	(884, 'Свойство №33', '357', 397, 4),
	(885, 'Свойство №8', '337', 397, 5),
	(886, 'Свойство №23', '371', 398, 1),
	(887, 'Свойство №61', '872', 398, 1),
	(888, 'Свойство №62', '335', 398, 1),
	(889, 'Свойство №57', '718', 399, 2),
	(890, 'Свойство №11', '206', 400, 3),
	(891, 'Свойство №85', '537', 400, 5),
	(892, 'Свойство №96', '178', 401, 2),
	(893, 'Свойство №98', '932', 401, 5),
	(894, 'Свойство №0', '923', 402, 5),
	(895, 'Свойство №14', '808', 402, 5),
	(896, 'Свойство №71', '730', 403, 4),
	(897, 'Свойство №84', '111', 403, 5),
	(898, 'Свойство №9', '891', 403, 1),
	(899, 'Свойство №28', '664', 403, 3),
	(900, 'Свойство №79', '47', 404, 1),
	(901, 'Свойство №52', '46', 404, 3),
	(902, 'Свойство №59', '726', 404, 5),
	(903, 'Свойство №69', '214', 404, 3),
	(904, 'Свойство №19', '778', 405, 5),
	(905, 'Свойство №41', '943', 405, 1),
	(906, 'Свойство №48', '410', 405, 1),
	(907, 'Свойство №30', '544', 405, 5),
	(908, 'Свойство №3', '802', 405, 1),
	(909, 'Свойство №17', '191', 406, 1),
	(910, 'Свойство №4', '319', 406, 5),
	(911, 'Свойство №12', '607', 406, 3),
	(912, 'Свойство №87', '568', 406, 5),
	(913, 'Свойство №7', '828', 407, 3),
	(914, 'Свойство №7', '295', 407, 4),
	(915, 'Свойство №88', '113', 407, 4),
	(916, 'Свойство №87', '712', 407, 4),
	(917, 'Свойство №89', '634', 407, 2),
	(918, 'Свойство №18', '654', 408, 4),
	(919, 'Свойство №97', '525', 408, 5),
	(920, 'Свойство №70', '165', 409, 4),
	(921, 'Свойство №50', '726', 409, 2),
	(922, 'Свойство №28', '209', 410, 3),
	(923, 'Свойство №82', '97', 410, 5),
	(924, 'Свойство №39', '287', 411, 4),
	(925, 'Свойство №64', '761', 413, 1),
	(926, 'Свойство №6', '561', 413, 4),
	(927, 'Свойство №55', '825', 413, 5),
	(928, 'Свойство №80', '462', 414, 1),
	(929, 'Свойство №6', '157', 414, 5),
	(930, 'Свойство №35', '984', 415, 1),
	(931, 'Свойство №56', '627', 415, 4),
	(932, 'Свойство №27', '455', 415, 1),
	(933, 'Свойство №4', '515', 416, 5),
	(934, 'Свойство №0', '32', 417, 5),
	(935, 'Свойство №10', '584', 418, 4),
	(936, 'Свойство №95', '379', 419, 4),
	(937, 'Свойство №21', '510', 420, 4),
	(938, 'Свойство №52', '630', 421, 5),
	(939, 'Свойство №39', '127', 421, 4),
	(940, 'Свойство №26', '503', 421, 3),
	(941, 'Свойство №9', '214', 421, 5),
	(942, 'Свойство №80', '894', 422, 1),
	(943, 'Свойство №39', '303', 422, 5),
	(944, 'Свойство №37', '325', 422, 1),
	(945, 'Свойство №69', '22', 423, 5),
	(946, 'Свойство №48', '205', 423, 2),
	(947, 'Свойство №18', '996', 423, 2),
	(948, 'Свойство №35', '228', 424, 4),
	(949, 'Свойство №79', '969', 424, 1),
	(950, 'Свойство №45', '319', 424, 1),
	(951, 'Свойство №5', '807', 424, 5),
	(952, 'Свойство №65', '339', 424, 5),
	(953, 'Свойство №8', '554', 425, 2),
	(954, 'Свойство №30', '987', 426, 5),
	(955, 'Свойство №76', '135', 426, 3),
	(956, 'Свойство №19', '109', 427, 5),
	(957, 'Свойство №46', '997', 427, 2),
	(958, 'Свойство №63', '614', 429, 1),
	(959, 'Свойство №72', '481', 430, 2),
	(960, 'Свойство №46', '345', 430, 3),
	(961, 'Свойство №3', '83', 431, 3),
	(962, 'Свойство №95', '74', 431, 3),
	(963, 'Свойство №92', '676', 431, 5),
	(964, 'Свойство №53', '578', 431, 5),
	(965, 'Свойство №12', '782', 432, 4),
	(966, 'Свойство №73', '677', 432, 3),
	(967, 'Свойство №53', '92', 434, 3),
	(968, 'Свойство №38', '801', 434, 2),
	(969, 'Свойство №70', '728', 436, 4),
	(970, 'Свойство №71', '860', 437, 5),
	(971, 'Свойство №77', '830', 439, 1),
	(972, 'Свойство №9', '849', 439, 4),
	(973, 'Свойство №4', '267', 439, 3),
	(974, 'Свойство №88', '604', 439, 5),
	(975, 'Свойство №32', '259', 440, 2),
	(976, 'Свойство №22', '334', 440, 3),
	(977, 'Свойство №34', '496', 441, 5),
	(978, 'Свойство №54', '641', 441, 1),
	(979, 'Свойство №69', '792', 442, 5),
	(980, 'Свойство №64', '132', 444, 4),
	(981, 'Свойство №69', '697', 444, 1),
	(982, 'Свойство №14', '907', 444, 3),
	(983, 'Свойство №86', '917', 445, 1),
	(984, 'Свойство №91', '752', 445, 4),
	(985, 'Свойство №16', '710', 445, 1),
	(986, 'Свойство №8', '852', 446, 2),
	(987, 'Свойство №53', '180', 447, 3),
	(988, 'Свойство №67', '654', 447, 2),
	(989, 'Свойство №41', '843', 447, 1),
	(990, 'Свойство №37', '3', 448, 1),
	(991, 'Свойство №40', '478', 448, 1),
	(992, 'Свойство №50', '342', 448, 5),
	(993, 'Свойство №29', '383', 448, 2),
	(994, 'Свойство №61', '823', 450, 1),
	(995, 'Свойство №63', '9', 450, 3),
	(996, 'Свойство №58', '414', 450, 3),
	(997, 'Свойство №89', '184', 450, 3),
	(998, 'Свойство №94', '961', 451, 5),
	(999, 'Свойство №52', '512', 451, 1),
	(1000, 'Свойство №41', '333', 451, 2),
	(1001, 'Свойство №16', '314', 451, 1),
	(1002, 'Свойство №26', '607', 453, 5),
	(1003, 'Свойство №46', '353', 453, 5),
	(1004, 'Свойство №66', '795', 454, 2),
	(1005, 'Свойство №7', '749', 454, 3),
	(1006, 'Свойство №3', '368', 455, 5),
	(1007, 'Свойство №65', '927', 455, 2),
	(1008, 'Свойство №43', '975', 455, 2),
	(1009, 'Свойство №90', '436', 455, 3),
	(1010, 'Свойство №73', '797', 456, 2),
	(1011, 'Свойство №12', '555', 456, 4),
	(1012, 'Свойство №0', '886', 457, 3),
	(1013, 'Свойство №67', '871', 457, 5),
	(1014, 'Свойство №71', '69', 458, 1),
	(1015, 'Свойство №35', '848', 458, 5),
	(1016, 'Свойство №71', '94', 459, 1),
	(1017, 'Свойство №5', '914', 462, 3),
	(1018, 'Свойство №97', '689', 462, 3),
	(1019, 'Свойство №40', '309', 462, 5),
	(1020, 'Свойство №50', '899', 462, 1),
	(1021, 'Свойство №92', '770', 462, 1),
	(1022, 'Свойство №94', '672', 463, 2),
	(1023, 'Свойство №80', '475', 463, 3),
	(1024, 'Свойство №38', '733', 463, 2),
	(1025, 'Свойство №3', '340', 464, 2),
	(1026, 'Свойство №21', '827', 464, 5),
	(1027, 'Свойство №8', '482', 464, 5),
	(1028, 'Свойство №71', '935', 465, 5),
	(1029, 'Свойство №27', '267', 465, 5),
	(1030, 'Свойство №70', '51', 465, 4),
	(1031, 'Свойство №27', '429', 465, 2),
	(1032, 'Свойство №90', '392', 466, 2),
	(1033, 'Свойство №88', '225', 467, 1),
	(1034, 'Свойство №74', '444', 467, 4),
	(1035, 'Свойство №56', '907', 468, 2),
	(1036, 'Свойство №9', '16', 468, 1),
	(1037, 'Свойство №65', '956', 468, 5),
	(1038, 'Свойство №14', '637', 469, 3),
	(1039, 'Свойство №20', '464', 469, 5),
	(1040, 'Свойство №46', '747', 470, 1),
	(1041, 'Свойство №63', '798', 470, 5),
	(1042, 'Свойство №18', '567', 470, 1),
	(1043, 'Свойство №92', '18', 471, 1),
	(1044, 'Свойство №95', '173', 471, 4),
	(1045, 'Свойство №48', '616', 472, 2),
	(1046, 'Свойство №70', '35', 472, 3),
	(1047, 'Свойство №85', '829', 472, 3),
	(1048, 'Свойство №13', '599', 472, 5),
	(1049, 'Свойство №47', '96', 473, 2),
	(1050, 'Свойство №62', '647', 473, 3),
	(1051, 'Свойство №0', '173', 473, 2),
	(1052, 'Свойство №92', '531', 473, 1),
	(1053, 'Свойство №79', '685', 474, 4),
	(1054, 'Свойство №7', '982', 474, 2),
	(1055, 'Свойство №97', '906', 476, 2),
	(1056, 'Свойство №88', '601', 479, 4),
	(1057, 'Свойство №92', '285', 479, 2),
	(1058, 'Свойство №69', '262', 479, 5),
	(1059, 'Свойство №55', '996', 479, 5),
	(1060, 'Свойство №23', '900', 479, 1),
	(1061, 'Свойство №24', '583', 479, 5),
	(1062, 'Свойство №41', '568', 480, 2),
	(1063, 'Свойство №5', '101', 480, 2),
	(1064, 'Свойство №1', '578', 480, 2),
	(1065, 'Свойство №73', '677', 481, 4),
	(1066, 'Свойство №10', '240', 481, 4),
	(1067, 'Свойство №64', '559', 481, 5),
	(1068, 'Свойство №55', '23', 482, 3),
	(1069, 'Свойство №86', '531', 482, 4),
	(1070, 'Свойство №57', '628', 482, 1),
	(1071, 'Свойство №78', '929', 482, 1),
	(1072, 'Свойство №45', '294', 482, 5),
	(1073, 'Свойство №0', '319', 483, 2),
	(1074, 'Свойство №32', '562', 483, 2),
	(1075, 'Свойство №87', '510', 484, 5),
	(1076, 'Свойство №95', '506', 486, 3),
	(1077, 'Свойство №58', '131', 486, 4),
	(1078, 'Свойство №82', '35', 487, 4),
	(1079, 'Свойство №89', '875', 487, 5),
	(1080, 'Свойство №65', '849', 488, 4),
	(1081, 'Свойство №99', '97', 488, 3),
	(1082, 'Свойство №84', '432', 489, 5),
	(1083, 'Свойство №71', '427', 489, 1),
	(1084, 'Свойство №66', '45', 490, 4),
	(1085, 'Свойство №4', '719', 490, 4),
	(1086, 'Свойство №79', '262', 491, 4),
	(1087, 'Свойство №91', '784', 491, 4),
	(1088, 'Свойство №19', '483', 491, 1),
	(1089, 'Свойство №49', '158', 491, 2),
	(1090, 'Свойство №71', '909', 491, 1),
	(1091, 'Свойство №22', '379', 492, 1),
	(1092, 'Свойство №3', '1', 492, 4),
	(1093, 'Свойство №83', '627', 493, 1),
	(1094, 'Свойство №69', '295', 493, 1),
	(1095, 'Свойство №42', '368', 494, 5),
	(1096, 'Свойство №18', '538', 494, 4),
	(1097, 'Свойство №48', '203', 495, 1),
	(1098, 'Свойство №46', '30', 496, 2),
	(1099, 'Свойство №48', '606', 497, 5),
	(1100, 'Свойство №23', '12', 497, 3),
	(1101, 'Свойство №95', '863', 497, 1),
	(1102, 'Свойство №84', '182', 497, 5),
	(1103, 'Свойство №86', '197', 498, 5),
	(1104, 'Свойство №89', '453', 500, 5),
	(1105, 'Свойство №2', '805', 500, 5),
	(1106, 'Свойство №14', '10', 501, 2),
	(1107, 'Свойство №0', '953', 501, 2),
	(1108, 'Свойство №68', '8', 501, 5),
	(1109, 'Свойство №76', '263', 501, 5),
	(1110, 'Свойство №36', '82', 502, 5),
	(1111, 'Свойство №34', '49', 502, 5),
	(1112, 'Свойство №54', '203', 502, 1),
	(1113, 'Свойство №18', '167', 503, 3),
	(1114, 'Свойство №82', '276', 503, 3),
	(1115, 'Свойство №35', '24', 504, 2),
	(1116, 'Свойство №31', '793', 504, 1),
	(1117, 'Свойство №34', '295', 504, 5),
	(1118, 'Свойство №26', '657', 505, 4),
	(1119, 'Свойство №18', '288', 505, 3),
	(1120, 'Свойство №97', '959', 505, 2),
	(1121, 'Свойство №47', '271', 506, 4),
	(1122, 'Свойство №72', '204', 506, 5),
	(1123, 'Свойство №45', '94', 506, 4),
	(1124, 'Свойство №90', '958', 507, 4),
	(1125, 'Свойство №51', '29', 507, 5),
	(1126, 'Свойство №24', '223', 507, 5),
	(1127, 'Свойство №25', '427', 507, 2),
	(1128, 'Свойство №11', '633', 507, 3),
	(1129, 'Свойство №73', '184', 508, 3),
	(1130, 'Свойство №93', '641', 508, 3),
	(1131, 'Свойство №45', '16', 508, 4),
	(1132, 'Свойство №99', '76', 509, 3),
	(1133, 'Свойство №83', '549', 510, 3),
	(1134, 'Свойство №64', '180', 510, 1),
	(1135, 'Свойство №41', '620', 510, 5),
	(1136, 'Свойство №82', '913', 513, 4),
	(1137, 'Свойство №82', '948', 513, 3),
	(1138, 'Свойство №89', '903', 513, 3),
	(1139, 'Свойство №77', '217', 513, 4),
	(1140, 'Свойство №9', '177', 513, 1),
	(1141, 'Свойство №79', '534', 513, 2),
	(1142, 'Свойство №3', '492', 515, 4),
	(1143, 'Свойство №30', '977', 516, 2),
	(1144, 'Свойство №73', '453', 516, 2),
	(1145, 'Свойство №71', '452', 516, 4),
	(1146, 'Свойство №30', '84', 517, 5),
	(1147, 'Свойство №41', '477', 517, 1),
	(1148, 'Свойство №91', '299', 517, 3),
	(1149, 'Свойство №13', '753', 517, 1),
	(1150, 'Свойство №99', '897', 517, 1),
	(1151, 'Свойство №28', '234', 517, 4),
	(1152, 'Свойство №91', '490', 518, 3),
	(1153, 'Свойство №3', '318', 518, 1),
	(1154, 'Свойство №80', '166', 518, 4),
	(1155, 'Свойство №64', '898', 518, 2),
	(1156, 'Свойство №9', '237', 519, 5),
	(1157, 'Свойство №89', '626', 519, 2),
	(1158, 'Свойство №63', '204', 520, 5),
	(1159, 'Свойство №95', '277', 520, 5),
	(1160, 'Свойство №77', '894', 520, 1),
	(1161, 'Свойство №73', '65', 520, 1),
	(1162, 'Свойство №45', '516', 521, 2),
	(1163, 'Свойство №59', '169', 521, 1),
	(1164, 'Свойство №50', '456', 522, 1),
	(1165, 'Свойство №78', '366', 522, 3),
	(1166, 'Свойство №5', '263', 522, 4),
	(1167, 'Свойство №43', '367', 523, 5),
	(1168, 'Свойство №52', '78', 524, 3),
	(1169, 'Свойство №37', '167', 525, 5),
	(1170, 'Свойство №54', '300', 526, 4),
	(1171, 'Свойство №41', '901', 526, 3),
	(1172, 'Свойство №89', '864', 527, 2),
	(1173, 'Свойство №72', '331', 527, 5),
	(1174, 'Свойство №65', '987', 527, 2),
	(1175, 'Свойство №68', '850', 527, 4),
	(1176, 'Свойство №6', '916', 527, 5),
	(1177, 'Свойство №97', '283', 528, 5),
	(1178, 'Свойство №43', '83', 528, 2),
	(1179, 'Свойство №24', '610', 528, 1),
	(1180, 'Свойство №53', '861', 528, 2),
	(1181, 'Свойство №79', '230', 529, 5),
	(1182, 'Свойство №36', '122', 529, 4),
	(1183, 'Свойство №4', '916', 529, 5),
	(1184, 'Свойство №32', '201', 529, 1),
	(1185, 'Свойство №17', '208', 530, 3),
	(1186, 'Свойство №1', '765', 530, 2),
	(1187, 'Свойство №8', '878', 531, 2),
	(1188, 'Свойство №12', '982', 531, 3),
	(1189, 'Свойство №54', '772', 532, 5),
	(1190, 'Свойство №30', '213', 532, 3),
	(1191, 'Свойство №18', '463', 533, 4),
	(1192, 'Свойство №14', '624', 534, 5),
	(1193, 'Свойство №79', '143', 534, 3),
	(1194, 'Свойство №87', '340', 535, 2),
	(1195, 'Свойство №30', '91', 535, 3),
	(1196, 'Свойство №91', '804', 535, 2),
	(1197, 'Свойство №50', '507', 535, 3),
	(1198, 'Свойство №96', '848', 536, 1),
	(1199, 'Свойство №82', '417', 536, 4),
	(1200, 'Свойство №53', '438', 536, 1),
	(1201, 'Свойство №55', '715', 536, 2),
	(1202, 'Свойство №36', '693', 536, 3),
	(1203, 'Свойство №55', '769', 537, 2),
	(1204, 'Свойство №71', '634', 538, 4),
	(1205, 'Свойство №26', '486', 538, 4),
	(1206, 'Свойство №23', '345', 539, 1),
	(1207, 'Свойство №70', '192', 540, 1),
	(1208, 'Свойство №47', '628', 543, 2),
	(1209, 'Свойство №97', '682', 543, 5),
	(1210, 'Свойство №38', '614', 543, 3),
	(1211, 'Свойство №34', '367', 544, 1),
	(1212, 'Свойство №62', '745', 544, 2),
	(1213, 'Свойство №68', '634', 544, 4),
	(1214, 'Свойство №98', '242', 545, 2),
	(1215, 'Свойство №25', '859', 545, 1),
	(1216, 'Свойство №19', '281', 545, 3),
	(1217, 'Свойство №74', '414', 545, 2),
	(1218, 'Свойство №58', '638', 546, 5),
	(1219, 'Свойство №38', '995', 546, 5),
	(1220, 'Свойство №65', '847', 546, 3),
	(1221, 'Свойство №28', '930', 546, 5),
	(1222, 'Свойство №88', '576', 546, 5),
	(1223, 'Свойство №95', '136', 547, 5),
	(1224, 'Свойство №71', '312', 547, 1),
	(1225, 'Свойство №37', '617', 547, 5),
	(1226, 'Свойство №53', '18', 547, 5),
	(1227, 'Свойство №96', '677', 548, 2),
	(1228, 'Свойство №34', '776', 549, 5),
	(1229, 'Свойство №0', '902', 549, 1),
	(1230, 'Свойство №51', '497', 549, 5),
	(1231, 'Свойство №85', '318', 550, 1),
	(1232, 'Свойство №46', '217', 550, 3),
	(1233, 'Свойство №14', '919', 550, 5),
	(1234, 'Свойство №12', '976', 550, 3),
	(1235, 'Свойство №94', '66', 550, 2),
	(1236, 'Свойство №58', '894', 550, 5),
	(1237, 'Свойство №26', '676', 551, 5),
	(1238, 'Свойство №92', '177', 552, 1),
	(1239, 'Свойство №92', '917', 552, 5),
	(1240, 'Свойство №87', '642', 552, 2),
	(1241, 'Свойство №57', '857', 552, 2),
	(1242, 'Свойство №54', '378', 552, 3),
	(1243, 'Свойство №54', '527', 553, 3),
	(1244, 'Свойство №51', '703', 553, 4),
	(1245, 'Свойство №81', '334', 553, 1),
	(1246, 'Свойство №94', '576', 554, 5),
	(1247, 'Свойство №12', '209', 556, 1),
	(1248, 'Свойство №36', '409', 556, 4),
	(1249, 'Свойство №7', '624', 556, 1),
	(1250, 'Свойство №87', '887', 557, 5),
	(1251, 'Свойство №58', '638', 557, 5),
	(1252, 'Свойство №85', '406', 557, 1),
	(1253, 'Свойство №15', '549', 557, 1),
	(1254, 'Свойство №25', '582', 558, 2),
	(1255, 'Свойство №2', '858', 559, 1),
	(1256, 'Свойство №67', '568', 559, 5),
	(1257, 'Свойство №39', '754', 559, 3),
	(1258, 'Свойство №24', '869', 561, 5),
	(1259, 'Свойство №78', '618', 562, 2),
	(1260, 'Свойство №92', '460', 562, 3),
	(1261, 'Свойство №91', '26', 562, 2),
	(1262, 'Свойство №46', '687', 562, 1),
	(1263, 'Свойство №33', '119', 563, 5),
	(1264, 'Свойство №86', '61', 564, 3),
	(1265, 'Свойство №60', '254', 564, 5),
	(1266, 'Свойство №62', '510', 565, 4),
	(1267, 'Свойство №17', '351', 565, 2),
	(1268, 'Свойство №1', '683', 566, 4),
	(1269, 'Свойство №51', '560', 566, 5),
	(1270, 'Свойство №44', '134', 566, 2),
	(1271, 'Свойство №3', '453', 566, 5),
	(1272, 'Свойство №7', '471', 566, 2),
	(1273, 'Свойство №16', '618', 567, 3),
	(1274, 'Свойство №92', '38', 567, 3),
	(1275, 'Свойство №28', '224', 568, 2),
	(1276, 'Свойство №66', '18', 568, 2),
	(1277, 'Свойство №54', '313', 568, 5),
	(1278, 'Свойство №11', '128', 568, 2),
	(1279, 'Свойство №2', '570', 569, 1),
	(1280, 'Свойство №49', '402', 570, 4),
	(1281, 'Свойство №0', '338', 570, 3),
	(1282, 'Свойство №1', '804', 571, 4),
	(1283, 'Свойство №29', '772', 571, 2),
	(1284, 'Свойство №29', '354', 571, 1),
	(1285, 'Свойство №96', '626', 572, 2),
	(1286, 'Свойство №66', '539', 572, 5),
	(1287, 'Свойство №31', '584', 573, 4),
	(1288, 'Свойство №52', '247', 573, 1),
	(1289, 'Свойство №13', '249', 575, 1),
	(1290, 'Свойство №61', '862', 576, 1),
	(1291, 'Свойство №32', '273', 576, 1),
	(1292, 'Свойство №8', '3', 576, 4),
	(1293, 'Свойство №63', '290', 576, 4),
	(1294, 'Свойство №73', '215', 576, 2),
	(1295, 'Свойство №10', '383', 576, 1),
	(1296, 'Свойство №36', '112', 577, 2),
	(1297, 'Свойство №38', '702', 577, 3),
	(1298, 'Свойство №9', '489', 579, 4),
	(1299, 'Свойство №50', '443', 579, 3),
	(1300, 'Свойство №88', '826', 580, 5),
	(1301, 'Свойство №90', '33', 580, 5),
	(1302, 'Свойство №62', '920', 580, 1),
	(1303, 'Свойство №47', '745', 581, 3),
	(1304, 'Свойство №53', '900', 581, 4),
	(1305, 'Свойство №32', '508', 582, 2),
	(1306, 'Свойство №84', '173', 582, 5),
	(1307, 'Свойство №16', '64', 582, 3),
	(1308, 'Свойство №95', '847', 583, 1),
	(1309, 'Свойство №22', '606', 583, 4),
	(1310, 'Свойство №62', '723', 587, 3),
	(1311, 'Свойство №7', '875', 587, 5),
	(1312, 'Свойство №7', '667', 587, 3),
	(1313, 'Свойство №11', '169', 587, 3),
	(1314, 'Свойство №25', '28', 588, 2),
	(1315, 'Свойство №97', '705', 589, 4),
	(1316, 'Свойство №79', '993', 589, 4),
	(1317, 'Свойство №95', '952', 590, 2),
	(1318, 'Свойство №40', '623', 591, 2),
	(1319, 'Свойство №63', '486', 592, 5),
	(1320, 'Свойство №21', '800', 593, 2),
	(1321, 'Свойство №98', '426', 593, 3),
	(1322, 'Свойство №82', '685', 593, 2),
	(1323, 'Свойство №57', '582', 595, 2),
	(1324, 'Свойство №19', '217', 596, 3),
	(1325, 'Свойство №14', '471', 596, 5),
	(1326, 'Свойство №86', '869', 596, 3),
	(1327, 'Свойство №40', '170', 596, 5),
	(1328, 'Свойство №61', '204', 597, 5),
	(1329, 'Свойство №42', '960', 597, 4),
	(1330, 'Свойство №27', '609', 597, 1),
	(1331, 'Свойство №62', '390', 599, 2),
	(1332, 'Свойство №86', '979', 599, 1),
	(1333, 'Свойство №54', '72', 599, 4),
	(1334, 'Свойство №73', '30', 599, 5),
	(1335, 'Свойство №59', '922', 600, 3),
	(1336, 'Свойство №96', '826', 600, 4),
	(1337, 'Свойство №41', '38', 601, 1),
	(1338, 'Свойство №20', '205', 601, 5),
	(1339, 'Свойство №26', '267', 602, 2),
	(1340, 'Свойство №9', '887', 602, 3),
	(1341, 'Свойство №75', '714', 604, 4),
	(1342, 'Свойство №14', '555', 604, 4),
	(1343, 'Свойство №21', '77', 605, 2),
	(1344, 'Свойство №46', '552', 605, 4),
	(1345, 'Свойство №2', '356', 605, 2),
	(1346, 'Свойство №48', '437', 605, 4),
	(1347, 'Свойство №48', '941', 606, 3),
	(1348, 'Свойство №3', '847', 607, 1),
	(1349, 'Свойство №68', '559', 607, 4),
	(1350, 'Свойство №72', '623', 607, 2),
	(1351, 'Свойство №51', '116', 608, 5),
	(1352, 'Свойство №32', '776', 608, 4),
	(1353, 'Свойство №70', '872', 608, 2),
	(1354, 'Свойство №21', '705', 610, 2),
	(1355, 'Свойство №90', '438', 611, 3),
	(1356, 'Свойство №77', '8', 612, 2),
	(1357, 'Свойство №17', '575', 613, 2),
	(1358, 'Свойство №44', '542', 613, 2),
	(1359, 'Свойство №43', '313', 613, 5),
	(1360, 'Свойство №19', '377', 613, 5),
	(1361, 'Свойство №3', '2', 614, 1),
	(1362, 'Свойство №72', '70', 614, 4),
	(1363, 'Свойство №74', '74', 614, 2),
	(1364, 'Свойство №5', '409', 615, 4),
	(1365, 'Свойство №3', '171', 615, 1),
	(1366, 'Свойство №46', '81', 615, 3),
	(1367, 'Свойство №11', '297', 615, 4),
	(1368, 'Свойство №49', '181', 616, 5),
	(1369, 'Свойство №98', '666', 616, 2),
	(1370, 'Свойство №96', '949', 617, 4),
	(1371, 'Свойство №60', '941', 617, 1),
	(1372, 'Свойство №10', '822', 618, 3),
	(1373, 'Свойство №59', '230', 618, 1),
	(1374, 'Свойство №5', '751', 618, 3),
	(1375, 'Свойство №44', '206', 619, 2),
	(1376, 'Свойство №22', '842', 619, 5),
	(1377, 'Свойство №45', '29', 620, 3),
	(1378, 'Свойство №82', '498', 620, 5),
	(1379, 'Свойство №15', '845', 621, 5),
	(1380, 'Свойство №12', '907', 621, 5),
	(1381, 'Свойство №26', '804', 621, 4),
	(1382, 'Свойство №55', '52', 622, 5),
	(1383, 'Свойство №44', '202', 622, 1),
	(1384, 'Свойство №53', '120', 623, 2),
	(1385, 'Свойство №19', '126', 623, 3),
	(1386, 'Свойство №61', '406', 623, 1),
	(1387, 'Свойство №3', '480', 624, 5),
	(1388, 'Свойство №23', '17', 625, 2),
	(1389, 'Свойство №83', '537', 626, 5),
	(1390, 'Свойство №46', '673', 626, 3),
	(1391, 'Свойство №26', '447', 626, 1),
	(1392, 'Свойство №95', '473', 627, 5),
	(1393, 'Свойство №7', '26', 628, 5),
	(1394, 'Свойство №2', '274', 628, 2),
	(1395, 'Свойство №88', '121', 629, 3),
	(1396, 'Свойство №63', '619', 630, 1),
	(1397, 'Свойство №91', '72', 630, 2),
	(1398, 'Свойство №99', '122', 630, 1),
	(1399, 'Свойство №52', '927', 631, 4),
	(1400, 'Свойство №98', '917', 631, 2),
	(1401, 'Свойство №13', '762', 632, 5),
	(1402, 'Свойство №13', '506', 633, 2),
	(1403, 'Свойство №16', '558', 634, 3),
	(1404, 'Свойство №64', '954', 634, 1),
	(1405, 'Свойство №8', '4', 635, 2),
	(1406, 'Свойство №2', '286', 635, 2),
	(1407, 'Свойство №54', '162', 636, 3),
	(1408, 'Свойство №1', '275', 636, 3),
	(1409, 'Свойство №55', '287', 637, 2),
	(1410, 'Свойство №92', '782', 637, 2),
	(1411, 'Свойство №21', '383', 637, 4),
	(1412, 'Свойство №48', '495', 637, 2),
	(1413, 'Свойство №11', '444', 638, 4),
	(1414, 'Свойство №2', '312', 638, 4),
	(1415, 'Свойство №66', '126', 638, 5),
	(1416, 'Свойство №13', '327', 639, 3),
	(1417, 'Свойство №19', '996', 639, 3),
	(1418, 'Свойство №68', '91', 639, 2),
	(1419, 'Свойство №2', '712', 639, 2),
	(1420, 'Свойство №89', '348', 640, 2),
	(1421, 'Свойство №94', '388', 641, 2),
	(1422, 'Свойство №74', '882', 643, 5),
	(1423, 'Свойство №42', '22', 643, 4),
	(1424, 'Свойство №22', '666', 643, 3),
	(1425, 'Свойство №67', '2', 643, 3),
	(1426, 'Свойство №48', '210', 643, 2),
	(1427, 'Свойство №17', '466', 643, 4),
	(1428, 'Свойство №29', '990', 644, 3),
	(1429, 'Свойство №84', '958', 645, 1),
	(1430, 'Свойство №8', '902', 645, 1),
	(1431, 'Свойство №18', '480', 645, 1),
	(1432, 'Свойство №27', '612', 645, 4),
	(1433, 'Свойство №71', '353', 646, 2),
	(1434, 'Свойство №68', '531', 647, 2),
	(1435, 'Свойство №78', '401', 647, 5),
	(1436, 'Свойство №81', '403', 648, 4),
	(1437, 'Свойство №53', '853', 648, 4),
	(1438, 'Свойство №94', '646', 649, 5),
	(1439, 'Свойство №15', '582', 651, 2),
	(1440, 'Свойство №93', '855', 651, 1),
	(1441, 'Свойство №40', '78', 651, 1),
	(1442, 'Свойство №73', '369', 652, 3),
	(1443, 'Свойство №83', '162', 652, 4),
	(1444, 'Свойство №15', '972', 652, 4),
	(1445, 'Свойство №34', '484', 653, 5),
	(1446, 'Свойство №23', '467', 653, 1),
	(1447, 'Свойство №73', '677', 657, 4),
	(1448, 'Свойство №51', '605', 657, 2),
	(1449, 'Свойство №82', '723', 658, 2),
	(1450, 'Свойство №27', '226', 659, 1),
	(1451, 'Свойство №5', '726', 659, 5),
	(1452, 'Свойство №96', '146', 661, 4),
	(1453, 'Свойство №25', '190', 661, 3),
	(1454, 'Свойство №41', '475', 662, 4),
	(1455, 'Свойство №91', '243', 662, 4),
	(1456, 'Свойство №98', '749', 662, 5),
	(1457, 'Свойство №57', '122', 662, 3),
	(1458, 'Свойство №19', '894', 663, 2),
	(1459, 'Свойство №79', '741', 663, 3),
	(1460, 'Свойство №52', '270', 664, 5),
	(1461, 'Свойство №69', '748', 664, 1),
	(1462, 'Свойство №50', '602', 664, 4),
	(1463, 'Свойство №24', '922', 665, 3),
	(1464, 'Свойство №3', '479', 666, 2),
	(1465, 'Свойство №8', '204', 666, 4),
	(1466, 'Свойство №66', '717', 666, 5),
	(1467, 'Свойство №35', '848', 667, 5),
	(1468, 'Свойство №77', '205', 669, 5),
	(1469, 'Свойство №79', '301', 670, 1),
	(1470, 'Свойство №28', '237', 670, 1),
	(1471, 'Свойство №14', '45', 671, 2),
	(1472, 'Свойство №10', '126', 671, 1),
	(1473, 'Свойство №23', '882', 671, 1),
	(1474, 'Свойство №9', '827', 672, 3),
	(1475, 'Свойство №98', '438', 672, 4),
	(1476, 'Свойство №81', '420', 673, 5),
	(1477, 'Свойство №53', '172', 674, 5),
	(1478, 'Свойство №4', '338', 674, 5),
	(1479, 'Свойство №46', '768', 674, 4),
	(1480, 'Свойство №11', '309', 675, 2),
	(1481, 'Свойство №68', '964', 676, 4),
	(1482, 'Свойство №65', '239', 676, 5),
	(1483, 'Свойство №31', '492', 677, 3),
	(1484, 'Свойство №70', '926', 680, 1),
	(1485, 'Свойство №28', '243', 680, 4),
	(1486, 'Свойство №25', '809', 681, 4),
	(1487, 'Свойство №91', '818', 681, 4),
	(1488, 'Свойство №14', '325', 682, 3),
	(1489, 'Свойство №12', '87', 682, 1),
	(1490, 'Свойство №23', '275', 683, 2),
	(1491, 'Свойство №56', '137', 684, 2),
	(1492, 'Свойство №47', '184', 685, 5),
	(1493, 'Свойство №87', '434', 685, 3),
	(1494, 'Свойство №85', '225', 685, 4),
	(1495, 'Свойство №51', '548', 685, 1),
	(1496, 'Свойство №61', '186', 685, 5),
	(1497, 'Свойство №66', '865', 686, 2),
	(1498, 'Свойство №88', '651', 686, 2),
	(1499, 'Свойство №53', '244', 687, 1),
	(1500, 'Свойство №78', '538', 687, 4),
	(1501, 'Свойство №62', '566', 687, 1),
	(1502, 'Свойство №43', '728', 688, 3),
	(1503, 'Свойство №53', '570', 688, 5),
	(1504, 'Свойство №77', '414', 688, 3),
	(1505, 'Свойство №54', '166', 688, 5),
	(1506, 'Свойство №68', '947', 689, 2),
	(1507, 'Свойство №77', '704', 690, 5),
	(1508, 'Свойство №67', '621', 690, 3),
	(1509, 'Свойство №94', '505', 690, 2),
	(1510, 'Свойство №44', '966', 690, 2),
	(1511, 'Свойство №0', '471', 690, 4),
	(1512, 'Свойство №51', '433', 691, 3),
	(1513, 'Свойство №1', '626', 691, 2),
	(1514, 'Свойство №49', '567', 691, 4),
	(1515, 'Свойство №91', '782', 692, 2),
	(1516, 'Свойство №29', '361', 692, 1),
	(1517, 'Свойство №84', '975', 692, 2),
	(1518, 'Свойство №21', '564', 692, 2),
	(1519, 'Свойство №91', '34', 692, 4),
	(1520, 'Свойство №4', '576', 693, 1),
	(1521, 'Свойство №21', '168', 693, 4),
	(1522, 'Свойство №12', '848', 693, 5),
	(1523, 'Свойство №46', '206', 693, 1),
	(1524, 'Свойство №70', '969', 694, 3),
	(1525, 'Свойство №33', '432', 694, 5),
	(1526, 'Свойство №84', '865', 694, 3),
	(1527, 'Свойство №37', '656', 694, 1),
	(1528, 'Свойство №36', '194', 695, 1),
	(1529, 'Свойство №71', '644', 695, 3),
	(1530, 'Свойство №71', '856', 697, 1),
	(1531, 'Свойство №23', '861', 697, 5),
	(1532, 'Свойство №94', '232', 698, 2),
	(1533, 'Свойство №51', '181', 698, 3),
	(1534, 'Свойство №57', '292', 699, 1),
	(1535, 'Свойство №0', '413', 699, 4),
	(1536, 'Свойство №17', '213', 699, 1),
	(1537, 'Свойство №87', '96', 700, 5),
	(1538, 'Свойство №62', '541', 701, 4),
	(1539, 'Свойство №35', '151', 701, 3),
	(1540, 'Свойство №13', '164', 701, 3),
	(1541, 'Свойство №18', '527', 702, 2),
	(1542, 'Свойство №57', '843', 702, 5),
	(1543, 'Свойство №32', '163', 703, 2),
	(1544, 'Свойство №38', '916', 703, 5),
	(1545, 'Свойство №5', '62', 703, 5),
	(1546, 'Свойство №83', '701', 704, 2),
	(1547, 'Свойство №68', '789', 704, 3),
	(1548, 'Свойство №57', '289', 704, 3),
	(1549, 'Свойство №64', '873', 705, 1),
	(1550, 'Свойство №21', '185', 705, 5),
	(1551, 'Свойство №89', '130', 706, 3),
	(1552, 'Свойство №0', '652', 707, 5),
	(1553, 'Свойство №48', '686', 707, 5),
	(1554, 'Свойство №23', '392', 707, 1),
	(1555, 'Свойство №44', '80', 707, 3),
	(1556, 'Свойство №94', '337', 708, 5),
	(1557, 'Свойство №99', '70', 708, 3),
	(1558, 'Свойство №97', '532', 709, 2),
	(1559, 'Свойство №45', '474', 709, 1),
	(1560, 'Свойство №14', '658', 709, 1),
	(1561, 'Свойство №77', '870', 710, 4),
	(1562, 'Свойство №77', '325', 710, 2),
	(1563, 'Свойство №81', '929', 710, 4),
	(1564, 'Свойство №63', '36', 710, 2),
	(1565, 'Свойство №0', '855', 711, 1),
	(1566, 'Свойство №37', '665', 711, 4),
	(1567, 'Свойство №61', '805', 711, 1),
	(1568, 'Свойство №39', '140', 711, 5),
	(1569, 'Свойство №97', '271', 711, 2),
	(1570, 'Свойство №9', '496', 713, 3),
	(1571, 'Свойство №0', '820', 713, 1),
	(1572, 'Свойство №31', '716', 713, 5),
	(1573, 'Свойство №78', '477', 713, 3),
	(1574, 'Свойство №25', '15', 714, 2),
	(1575, 'Свойство №9', '782', 714, 3),
	(1576, 'Свойство №12', '239', 714, 2),
	(1577, 'Свойство №25', '302', 715, 1),
	(1578, 'Свойство №56', '39', 716, 5),
	(1579, 'Свойство №34', '330', 716, 4),
	(1580, 'Свойство №63', '885', 716, 5),
	(1581, 'Свойство №46', '701', 717, 2),
	(1582, 'Свойство №48', '789', 717, 2),
	(1583, 'Свойство №98', '265', 717, 2),
	(1584, 'Свойство №9', '822', 717, 5),
	(1585, 'Свойство №97', '384', 717, 2),
	(1586, 'Свойство №66', '829', 718, 5),
	(1587, 'Свойство №87', '596', 719, 3),
	(1588, 'Свойство №47', '878', 720, 5),
	(1589, 'Свойство №12', '435', 721, 5),
	(1590, 'Свойство №73', '116', 721, 4),
	(1591, 'Свойство №69', '235', 721, 3),
	(1592, 'Свойство №26', '384', 722, 5),
	(1593, 'Свойство №31', '926', 722, 2),
	(1594, 'Свойство №33', '546', 722, 3),
	(1595, 'Свойство №25', '931', 723, 1),
	(1596, 'Свойство №87', '464', 723, 5),
	(1597, 'Свойство №88', '788', 724, 2),
	(1598, 'Свойство №97', '668', 724, 4),
	(1599, 'Свойство №6', '866', 725, 2),
	(1600, 'Свойство №61', '300', 725, 3),
	(1601, 'Свойство №57', '785', 725, 1),
	(1602, 'Свойство №3', '156', 725, 3),
	(1603, 'Свойство №50', '324', 726, 4),
	(1604, 'Свойство №53', '949', 727, 3),
	(1605, 'Свойство №88', '739', 727, 3),
	(1606, 'Свойство №12', '713', 728, 1),
	(1607, 'Свойство №51', '780', 728, 4),
	(1608, 'Свойство №6', '945', 729, 4),
	(1609, 'Свойство №74', '29', 729, 4),
	(1610, 'Свойство №87', '880', 730, 2),
	(1611, 'Свойство №44', '414', 730, 4),
	(1612, 'Свойство №56', '405', 730, 3),
	(1613, 'Свойство №93', '157', 732, 5),
	(1614, 'Свойство №71', '467', 732, 1),
	(1615, 'Свойство №7', '944', 733, 5),
	(1616, 'Свойство №46', '954', 734, 2),
	(1617, 'Свойство №84', '770', 734, 3),
	(1618, 'Свойство №24', '152', 734, 5),
	(1619, 'Свойство №17', '802', 735, 2),
	(1620, 'Свойство №27', '912', 735, 4),
	(1621, 'Свойство №12', '995', 738, 1),
	(1622, 'Свойство №46', '318', 738, 2),
	(1623, 'Свойство №43', '445', 739, 2),
	(1624, 'Свойство №35', '420', 739, 4),
	(1625, 'Свойство №84', '968', 740, 3),
	(1626, 'Свойство №32', '355', 742, 5),
	(1627, 'Свойство №17', '339', 742, 1),
	(1628, 'Свойство №56', '288', 742, 4),
	(1629, 'Свойство №25', '593', 743, 2),
	(1630, 'Свойство №18', '490', 744, 3),
	(1631, 'Свойство №84', '680', 745, 2),
	(1632, 'Свойство №24', '132', 746, 1),
	(1633, 'Свойство №24', '298', 746, 2),
	(1634, 'Свойство №68', '37', 746, 2),
	(1635, 'Свойство №41', '398', 747, 3),
	(1636, 'Свойство №58', '374', 747, 4),
	(1637, 'Свойство №65', '589', 749, 1),
	(1638, 'Свойство №41', '78', 749, 4),
	(1639, 'Свойство №96', '917', 751, 3),
	(1640, 'Свойство №38', '91', 751, 2),
	(1641, 'Свойство №28', '13', 751, 1),
	(1642, 'Свойство №88', '425', 751, 2),
	(1643, 'Свойство №59', '201', 752, 1),
	(1644, 'Свойство №84', '964', 752, 3),
	(1645, 'Свойство №70', '900', 752, 5),
	(1646, 'Свойство №92', '184', 753, 4),
	(1647, 'Свойство №75', '893', 753, 3),
	(1648, 'Свойство №14', '998', 753, 1),
	(1649, 'Свойство №87', '250', 753, 1),
	(1650, 'Свойство №17', '459', 753, 2),
	(1651, 'Свойство №72', '167', 753, 2),
	(1652, 'Свойство №58', '382', 754, 3),
	(1653, 'Свойство №70', '150', 754, 1),
	(1654, 'Свойство №93', '98', 755, 2),
	(1655, 'Свойство №6', '613', 755, 3),
	(1656, 'Свойство №73', '765', 755, 3),
	(1657, 'Свойство №56', '850', 755, 4),
	(1658, 'Свойство №39', '860', 756, 5),
	(1659, 'Свойство №9', '760', 756, 2),
	(1660, 'Свойство №22', '923', 756, 1),
	(1661, 'Свойство №11', '430', 757, 5),
	(1662, 'Свойство №69', '469', 757, 1),
	(1663, 'Свойство №97', '878', 758, 3),
	(1664, 'Свойство №85', '545', 758, 2),
	(1665, 'Свойство №3', '718', 758, 3),
	(1666, 'Свойство №50', '580', 758, 5),
	(1667, 'Свойство №5', '10', 760, 5),
	(1668, 'Свойство №91', '569', 760, 4),
	(1669, 'Свойство №0', '679', 760, 3),
	(1670, 'Свойство №10', '156', 761, 5),
	(1671, 'Свойство №84', '69', 761, 4),
	(1672, 'Свойство №22', '428', 761, 2),
	(1673, 'Свойство №42', '806', 762, 2),
	(1674, 'Свойство №96', '549', 762, 2),
	(1675, 'Свойство №32', '109', 763, 1),
	(1676, 'Свойство №38', '595', 763, 3),
	(1677, 'Свойство №94', '945', 764, 1),
	(1678, 'Свойство №75', '252', 764, 4),
	(1679, 'Свойство №98', '985', 764, 5),
	(1680, 'Свойство №64', '773', 765, 3),
	(1681, 'Свойство №62', '787', 765, 3),
	(1682, 'Свойство №11', '208', 765, 2),
	(1683, 'Свойство №41', '767', 766, 2),
	(1684, 'Свойство №72', '452', 767, 5),
	(1685, 'Свойство №73', '167', 767, 2),
	(1686, 'Свойство №7', '861', 767, 5),
	(1687, 'Свойство №30', '893', 767, 4),
	(1688, 'Свойство №97', '163', 768, 1),
	(1689, 'Свойство №73', '651', 768, 4),
	(1690, 'Свойство №14', '506', 769, 5),
	(1691, 'Свойство №11', '835', 769, 4),
	(1692, 'Свойство №42', '945', 770, 5),
	(1693, 'Свойство №34', '140', 770, 3),
	(1694, 'Свойство №80', '102', 771, 5),
	(1695, 'Свойство №37', '144', 771, 1),
	(1696, 'Свойство №36', '494', 771, 5),
	(1697, 'Свойство №73', '332', 771, 1),
	(1698, 'Свойство №84', '473', 772, 5),
	(1699, 'Свойство №42', '867', 772, 2),
	(1700, 'Свойство №57', '892', 772, 4),
	(1701, 'Свойство №59', '795', 772, 4),
	(1702, 'Свойство №98', '596', 773, 1),
	(1703, 'Свойство №68', '896', 773, 4),
	(1704, 'Свойство №71', '752', 774, 2),
	(1705, 'Свойство №85', '497', 775, 1),
	(1706, 'Свойство №18', '210', 775, 3),
	(1707, 'Свойство №52', '900', 776, 1),
	(1708, 'Свойство №22', '640', 776, 2),
	(1709, 'Свойство №37', '240', 776, 4),
	(1710, 'Свойство №44', '755', 776, 4),
	(1711, 'Свойство №64', '810', 776, 4),
	(1712, 'Свойство №19', '812', 776, 5),
	(1713, 'Свойство №69', '117', 777, 5),
	(1714, 'Свойство №85', '865', 777, 4),
	(1715, 'Свойство №83', '980', 778, 4),
	(1716, 'Свойство №47', '124', 778, 5),
	(1717, 'Свойство №65', '877', 779, 5),
	(1718, 'Свойство №74', '894', 781, 5),
	(1719, 'Свойство №75', '153', 781, 4),
	(1720, 'Свойство №50', '169', 782, 5),
	(1721, 'Свойство №55', '875', 783, 1),
	(1722, 'Свойство №46', '408', 783, 4),
	(1723, 'Свойство №61', '559', 783, 5),
	(1724, 'Свойство №53', '212', 785, 3),
	(1725, 'Свойство №62', '983', 786, 2),
	(1726, 'Свойство №36', '319', 786, 5),
	(1727, 'Свойство №69', '300', 786, 1),
	(1728, 'Свойство №40', '966', 786, 3),
	(1729, 'Свойство №67', '675', 787, 1),
	(1730, 'Свойство №15', '190', 787, 2),
	(1731, 'Свойство №59', '239', 787, 5),
	(1732, 'Свойство №0', '404', 788, 5),
	(1733, 'Свойство №62', '193', 789, 2),
	(1734, 'Свойство №18', '389', 790, 4),
	(1735, 'Свойство №0', '966', 790, 3),
	(1736, 'Свойство №5', '992', 790, 1),
	(1737, 'Свойство №7', '174', 791, 1),
	(1738, 'Свойство №39', '540', 791, 2),
	(1739, 'Свойство №29', '986', 791, 1),
	(1740, 'Свойство №74', '890', 793, 2),
	(1741, 'Свойство №37', '500', 793, 5),
	(1742, 'Свойство №78', '269', 795, 3),
	(1743, 'Свойство №17', '231', 796, 5),
	(1744, 'Свойство №67', '572', 796, 4),
	(1745, 'Свойство №90', '343', 796, 5),
	(1746, 'Свойство №73', '664', 796, 1),
	(1747, 'Свойство №75', '261', 797, 2),
	(1748, 'Свойство №54', '725', 797, 2),
	(1749, 'Свойство №82', '589', 797, 1),
	(1750, 'Свойство №38', '860', 797, 4),
	(1751, 'Свойство №44', '232', 798, 4),
	(1752, 'Свойство №98', '574', 798, 2),
	(1753, 'Свойство №56', '696', 798, 4),
	(1754, 'Свойство №7', '808', 799, 4),
	(1755, 'Свойство №83', '300', 799, 3),
	(1756, 'Свойство №44', '319', 800, 4),
	(1757, 'Свойство №72', '592', 800, 3),
	(1758, 'Свойство №77', '128', 801, 1),
	(1759, 'Свойство №40', '199', 801, 3),
	(1760, 'Свойство №34', '319', 801, 2),
	(1761, 'Свойство №60', '335', 801, 5),
	(1762, 'Свойство №39', '197', 802, 3),
	(1763, 'Свойство №89', '187', 803, 4),
	(1764, 'Свойство №83', '2', 803, 1),
	(1765, 'Свойство №13', '916', 805, 2),
	(1766, 'Свойство №73', '735', 805, 4),
	(1767, 'Свойство №68', '182', 805, 1),
	(1768, 'Свойство №68', '582', 806, 3),
	(1769, 'Свойство №66', '785', 807, 4),
	(1770, 'Свойство №61', '22', 807, 5),
	(1771, 'Свойство №90', '872', 807, 4),
	(1772, 'Свойство №73', '674', 807, 3),
	(1773, 'Свойство №8', '755', 807, 2),
	(1774, 'Свойство №15', '94', 808, 4),
	(1775, 'Свойство №52', '221', 809, 2),
	(1776, 'Свойство №21', '622', 809, 3),
	(1777, 'Свойство №56', '976', 809, 3),
	(1778, 'Свойство №32', '4', 809, 4),
	(1779, 'Свойство №21', '633', 811, 4),
	(1780, 'Свойство №18', '153', 812, 3),
	(1781, 'Свойство №78', '941', 812, 1),
	(1782, 'Свойство №25', '659', 812, 5),
	(1783, 'Свойство №59', '433', 812, 2),
	(1784, 'Свойство №25', '770', 813, 1),
	(1785, 'Свойство №55', '359', 813, 4),
	(1786, 'Свойство №24', '998', 813, 5),
	(1787, 'Свойство №86', '378', 813, 5),
	(1788, 'Свойство №68', '423', 813, 2),
	(1789, 'Свойство №57', '664', 814, 1),
	(1790, 'Свойство №11', '120', 814, 1),
	(1791, 'Свойство №70', '388', 815, 1),
	(1792, 'Свойство №45', '145', 815, 5),
	(1793, 'Свойство №28', '2', 816, 2),
	(1794, 'Свойство №51', '323', 816, 2),
	(1795, 'Свойство №52', '863', 817, 1),
	(1796, 'Свойство №98', '493', 818, 1),
	(1797, 'Свойство №90', '374', 819, 5),
	(1798, 'Свойство №34', '883', 819, 3),
	(1799, 'Свойство №53', '328', 819, 2),
	(1800, 'Свойство №13', '653', 819, 3),
	(1801, 'Свойство №63', '360', 820, 1),
	(1802, 'Свойство №31', '122', 820, 3),
	(1803, 'Свойство №29', '220', 820, 3),
	(1804, 'Свойство №71', '879', 820, 3),
	(1805, 'Свойство №74', '739', 821, 4),
	(1806, 'Свойство №48', '280', 821, 4),
	(1807, 'Свойство №13', '575', 821, 2),
	(1808, 'Свойство №28', '610', 822, 4),
	(1809, 'Свойство №71', '686', 822, 4),
	(1810, 'Свойство №13', '473', 822, 3),
	(1811, 'Свойство №55', '951', 822, 3),
	(1812, 'Свойство №55', '718', 823, 3),
	(1813, 'Свойство №74', '65', 824, 5),
	(1814, 'Свойство №51', '357', 824, 3),
	(1815, 'Свойство №42', '19', 825, 4),
	(1816, 'Свойство №13', '841', 825, 2),
	(1817, 'Свойство №77', '724', 825, 5),
	(1818, 'Свойство №95', '395', 827, 2),
	(1819, 'Свойство №51', '2', 829, 1),
	(1820, 'Свойство №58', '647', 829, 5),
	(1821, 'Свойство №4', '138', 829, 4),
	(1822, 'Свойство №45', '84', 830, 4),
	(1823, 'Свойство №47', '769', 830, 5),
	(1824, 'Свойство №58', '531', 830, 4),
	(1825, 'Свойство №13', '883', 830, 3),
	(1826, 'Свойство №21', '918', 831, 4),
	(1827, 'Свойство №73', '348', 831, 2),
	(1828, 'Свойство №83', '314', 831, 2),
	(1829, 'Свойство №1', '58', 832, 1),
	(1830, 'Свойство №43', '164', 833, 2),
	(1831, 'Свойство №93', '307', 835, 5),
	(1832, 'Свойство №5', '385', 835, 2),
	(1833, 'Свойство №86', '197', 835, 2),
	(1834, 'Свойство №11', '323', 836, 2),
	(1835, 'Свойство №24', '940', 836, 1),
	(1836, 'Свойство №3', '534', 836, 5),
	(1837, 'Свойство №97', '991', 839, 2),
	(1838, 'Свойство №22', '290', 839, 4),
	(1839, 'Свойство №26', '972', 839, 4),
	(1840, 'Свойство №6', '541', 840, 5),
	(1841, 'Свойство №36', '91', 840, 4),
	(1842, 'Свойство №49', '150', 840, 5),
	(1843, 'Свойство №87', '789', 841, 2),
	(1844, 'Свойство №79', '133', 841, 5),
	(1845, 'Свойство №5', '820', 842, 1),
	(1846, 'Свойство №95', '185', 842, 2),
	(1847, 'Свойство №42', '125', 843, 3),
	(1848, 'Свойство №85', '188', 843, 5),
	(1849, 'Свойство №91', '93', 843, 4),
	(1850, 'Свойство №46', '710', 843, 4),
	(1851, 'Свойство №28', '347', 843, 1),
	(1852, 'Свойство №77', '803', 845, 1),
	(1853, 'Свойство №10', '131', 846, 2),
	(1854, 'Свойство №0', '338', 846, 5),
	(1855, 'Свойство №6', '430', 847, 3),
	(1856, 'Свойство №20', '260', 847, 4),
	(1857, 'Свойство №71', '782', 848, 3),
	(1858, 'Свойство №10', '476', 848, 4),
	(1859, 'Свойство №73', '123', 848, 4),
	(1860, 'Свойство №71', '700', 849, 5),
	(1861, 'Свойство №7', '280', 850, 3),
	(1862, 'Свойство №75', '815', 850, 5),
	(1863, 'Свойство №28', '707', 851, 2),
	(1864, 'Свойство №9', '655', 851, 5),
	(1865, 'Свойство №62', '688', 852, 2),
	(1866, 'Свойство №66', '190', 852, 4),
	(1867, 'Свойство №1', '663', 852, 2),
	(1868, 'Свойство №21', '233', 852, 1),
	(1869, 'Свойство №76', '176', 853, 1),
	(1870, 'Свойство №12', '645', 854, 1),
	(1871, 'Свойство №17', '181', 854, 5),
	(1872, 'Свойство №44', '766', 855, 2),
	(1873, 'Свойство №58', '861', 855, 1),
	(1874, 'Свойство №84', '657', 855, 4),
	(1875, 'Свойство №69', '688', 855, 2),
	(1876, 'Свойство №49', '213', 855, 5),
	(1877, 'Свойство №65', '468', 856, 4),
	(1878, 'Свойство №96', '255', 856, 1),
	(1879, 'Свойство №78', '467', 856, 1),
	(1880, 'Свойство №25', '517', 857, 3),
	(1881, 'Свойство №75', '970', 859, 4),
	(1882, 'Свойство №86', '376', 859, 2),
	(1883, 'Свойство №26', '614', 859, 4),
	(1884, 'Свойство №46', '193', 859, 2),
	(1885, 'Свойство №75', '555', 860, 1),
	(1886, 'Свойство №44', '361', 860, 3),
	(1887, 'Свойство №40', '158', 862, 1),
	(1888, 'Свойство №33', '642', 865, 1),
	(1889, 'Свойство №67', '936', 866, 4),
	(1890, 'Свойство №54', '197', 866, 3),
	(1891, 'Свойство №55', '356', 866, 1),
	(1892, 'Свойство №14', '731', 867, 4),
	(1893, 'Свойство №5', '265', 867, 4),
	(1894, 'Свойство №59', '870', 867, 1),
	(1895, 'Свойство №84', '368', 867, 1),
	(1896, 'Свойство №67', '294', 867, 1),
	(1897, 'Свойство №91', '746', 868, 3),
	(1898, 'Свойство №50', '179', 868, 3),
	(1899, 'Свойство №46', '628', 870, 5),
	(1900, 'Свойство №54', '122', 870, 2),
	(1901, 'Свойство №45', '257', 870, 3),
	(1902, 'Свойство №39', '444', 871, 1),
	(1903, 'Свойство №55', '283', 872, 3),
	(1904, 'Свойство №58', '130', 872, 5),
	(1905, 'Свойство №66', '699', 872, 5),
	(1906, 'Свойство №6', '901', 873, 2),
	(1907, 'Свойство №44', '758', 873, 5),
	(1908, 'Свойство №18', '264', 874, 2),
	(1909, 'Свойство №37', '38', 874, 4),
	(1910, 'Свойство №87', '825', 875, 1),
	(1911, 'Свойство №56', '479', 875, 3),
	(1912, 'Свойство №41', '588', 875, 1),
	(1913, 'Свойство №99', '948', 876, 1),
	(1914, 'Свойство №6', '802', 876, 5),
	(1915, 'Свойство №60', '609', 876, 1),
	(1916, 'Свойство №61', '797', 876, 2),
	(1917, 'Свойство №92', '572', 876, 2),
	(1918, 'Свойство №35', '396', 877, 3),
	(1919, 'Свойство №22', '389', 877, 5),
	(1920, 'Свойство №26', '133', 877, 1),
	(1921, 'Свойство №88', '933', 878, 2),
	(1922, 'Свойство №33', '24', 878, 5),
	(1923, 'Свойство №51', '169', 878, 3),
	(1924, 'Свойство №41', '55', 879, 4),
	(1925, 'Свойство №63', '651', 880, 3),
	(1926, 'Свойство №72', '58', 880, 3),
	(1927, 'Свойство №97', '626', 881, 4),
	(1928, 'Свойство №43', '489', 881, 1),
	(1929, 'Свойство №3', '997', 881, 2),
	(1930, 'Свойство №55', '826', 881, 3),
	(1931, 'Свойство №29', '336', 883, 5),
	(1932, 'Свойство №37', '926', 883, 5),
	(1933, 'Свойство №39', '631', 883, 5),
	(1934, 'Свойство №49', '655', 883, 4),
	(1935, 'Свойство №11', '724', 884, 2),
	(1936, 'Свойство №52', '496', 885, 3),
	(1937, 'Свойство №45', '948', 885, 2),
	(1938, 'Свойство №15', '335', 885, 5),
	(1939, 'Свойство №55', '686', 885, 4),
	(1940, 'Свойство №17', '656', 885, 1),
	(1941, 'Свойство №47', '650', 885, 1),
	(1942, 'Свойство №15', '977', 885, 5),
	(1943, 'Свойство №81', '231', 886, 3),
	(1944, 'Свойство №78', '854', 886, 1),
	(1945, 'Свойство №94', '792', 886, 1),
	(1946, 'Свойство №44', '248', 887, 4),
	(1947, 'Свойство №11', '701', 887, 1),
	(1948, 'Свойство №40', '264', 887, 4),
	(1949, 'Свойство №75', '118', 888, 3),
	(1950, 'Свойство №26', '242', 888, 3),
	(1951, 'Свойство №12', '3', 888, 3),
	(1952, 'Свойство №72', '822', 888, 3),
	(1953, 'Свойство №63', '894', 888, 1),
	(1954, 'Свойство №52', '411', 888, 4),
	(1955, 'Свойство №62', '754', 889, 2),
	(1956, 'Свойство №1', '765', 889, 2),
	(1957, 'Свойство №8', '979', 890, 1),
	(1958, 'Свойство №31', '379', 890, 5),
	(1959, 'Свойство №17', '364', 890, 5),
	(1960, 'Свойство №61', '480', 891, 2),
	(1961, 'Свойство №76', '697', 893, 3),
	(1962, 'Свойство №89', '928', 893, 5),
	(1963, 'Свойство №8', '650', 893, 2),
	(1964, 'Свойство №77', '345', 894, 2),
	(1965, 'Свойство №64', '431', 894, 3),
	(1966, 'Свойство №39', '761', 894, 3),
	(1967, 'Свойство №3', '442', 894, 3),
	(1968, 'Свойство №69', '373', 894, 5),
	(1969, 'Свойство №5', '901', 895, 2),
	(1970, 'Свойство №84', '131', 895, 4),
	(1971, 'Свойство №40', '231', 896, 2),
	(1972, 'Свойство №8', '290', 896, 3),
	(1973, 'Свойство №16', '919', 896, 2),
	(1974, 'Свойство №68', '593', 896, 2),
	(1975, 'Свойство №43', '322', 898, 2),
	(1976, 'Свойство №15', '408', 898, 4),
	(1977, 'Свойство №20', '282', 899, 2),
	(1978, 'Свойство №93', '497', 900, 3),
	(1979, 'Свойство №86', '631', 901, 3),
	(1980, 'Свойство №57', '87', 901, 4),
	(1981, 'Свойство №76', '965', 902, 5),
	(1982, 'Свойство №76', '50', 904, 5),
	(1983, 'Свойство №15', '736', 904, 5),
	(1984, 'Свойство №11', '738', 905, 1),
	(1985, 'Свойство №40', '954', 905, 4),
	(1986, 'Свойство №34', '969', 906, 1),
	(1987, 'Свойство №88', '637', 908, 4),
	(1988, 'Свойство №7', '603', 908, 4),
	(1989, 'Свойство №57', '905', 908, 2),
	(1990, 'Свойство №2', '720', 909, 1),
	(1991, 'Свойство №72', '709', 909, 5),
	(1992, 'Свойство №23', '653', 910, 2),
	(1993, 'Свойство №84', '33', 910, 2),
	(1994, 'Свойство №43', '974', 910, 5),
	(1995, 'Свойство №46', '247', 910, 3),
	(1996, 'Свойство №48', '32', 910, 2),
	(1997, 'Свойство №24', '460', 912, 2),
	(1998, 'Свойство №81', '70', 912, 2),
	(1999, 'Свойство №5', '245', 913, 3),
	(2000, 'Свойство №3', '923', 913, 4),
	(2001, 'Свойство №83', '824', 914, 5),
	(2002, 'Свойство №62', '828', 914, 3),
	(2003, 'Свойство №17', '349', 914, 2),
	(2004, 'Свойство №64', '998', 915, 3),
	(2005, 'Свойство №38', '445', 915, 4),
	(2006, 'Свойство №61', '148', 915, 3),
	(2007, 'Свойство №27', '552', 916, 5),
	(2008, 'Свойство №91', '861', 916, 1),
	(2009, 'Свойство №85', '31', 918, 4),
	(2010, 'Свойство №46', '411', 918, 5),
	(2011, 'Свойство №80', '840', 918, 4),
	(2012, 'Свойство №12', '988', 918, 3),
	(2013, 'Свойство №70', '938', 919, 1),
	(2014, 'Свойство №82', '561', 919, 3),
	(2015, 'Свойство №59', '161', 919, 4),
	(2016, 'Свойство №72', '149', 919, 4),
	(2017, 'Свойство №7', '662', 920, 1),
	(2018, 'Свойство №11', '271', 920, 5),
	(2019, 'Свойство №84', '618', 920, 2),
	(2020, 'Свойство №17', '732', 921, 1),
	(2021, 'Свойство №75', '320', 921, 5),
	(2022, 'Свойство №49', '516', 921, 5),
	(2023, 'Свойство №22', '571', 921, 5),
	(2024, 'Свойство №65', '158', 922, 4),
	(2025, 'Свойство №11', '958', 922, 4),
	(2026, 'Свойство №29', '523', 923, 4),
	(2027, 'Свойство №82', '24', 923, 3),
	(2028, 'Свойство №3', '446', 923, 4),
	(2029, 'Свойство №26', '418', 924, 2),
	(2030, 'Свойство №84', '702', 924, 3),
	(2031, 'Свойство №54', '618', 925, 3),
	(2032, 'Свойство №19', '663', 925, 2),
	(2033, 'Свойство №73', '531', 925, 4),
	(2034, 'Свойство №55', '423', 926, 1),
	(2035, 'Свойство №99', '428', 926, 2),
	(2036, 'Свойство №13', '405', 927, 3),
	(2037, 'Свойство №71', '517', 927, 5),
	(2038, 'Свойство №9', '722', 927, 5),
	(2039, 'Свойство №29', '720', 928, 3),
	(2040, 'Свойство №51', '586', 928, 5),
	(2041, 'Свойство №2', '198', 928, 3),
	(2042, 'Свойство №14', '821', 928, 4),
	(2043, 'Свойство №97', '251', 929, 4),
	(2044, 'Свойство №82', '526', 929, 2),
	(2045, 'Свойство №45', '328', 929, 3),
	(2046, 'Свойство №66', '535', 930, 5),
	(2047, 'Свойство №99', '915', 930, 5),
	(2048, 'Свойство №15', '966', 930, 2),
	(2049, 'Свойство №86', '265', 932, 4),
	(2050, 'Свойство №2', '615', 932, 3),
	(2051, 'Свойство №16', '653', 932, 1),
	(2052, 'Свойство №28', '839', 933, 1),
	(2053, 'Свойство №57', '593', 933, 4),
	(2054, 'Свойство №81', '971', 933, 1),
	(2055, 'Свойство №46', '43', 934, 2),
	(2056, 'Свойство №70', '913', 934, 1),
	(2057, 'Свойство №85', '262', 934, 5),
	(2058, 'Свойство №52', '312', 934, 4),
	(2059, 'Свойство №20', '537', 935, 1),
	(2060, 'Свойство №71', '51', 935, 1),
	(2061, 'Свойство №46', '427', 935, 4),
	(2062, 'Свойство №40', '966', 935, 2),
	(2063, 'Свойство №58', '297', 935, 1),
	(2064, 'Свойство №4', '206', 936, 1),
	(2065, 'Свойство №99', '10', 936, 2),
	(2066, 'Свойство №35', '128', 936, 3),
	(2067, 'Свойство №20', '858', 937, 4),
	(2068, 'Свойство №53', '282', 938, 1),
	(2069, 'Свойство №97', '139', 938, 2),
	(2070, 'Свойство №79', '124', 938, 4),
	(2071, 'Свойство №88', '625', 938, 1),
	(2072, 'Свойство №77', '468', 938, 2),
	(2073, 'Свойство №50', '237', 939, 2),
	(2074, 'Свойство №89', '642', 939, 5),
	(2075, 'Свойство №82', '600', 939, 4),
	(2076, 'Свойство №85', '616', 940, 2),
	(2077, 'Свойство №99', '744', 940, 1),
	(2078, 'Свойство №95', '252', 940, 1),
	(2079, 'Свойство №32', '823', 941, 3),
	(2080, 'Свойство №59', '804', 944, 4),
	(2081, 'Свойство №4', '742', 946, 1),
	(2082, 'Свойство №32', '802', 947, 3),
	(2083, 'Свойство №40', '761', 947, 2),
	(2084, 'Свойство №3', '624', 948, 5),
	(2085, 'Свойство №87', '614', 949, 4),
	(2086, 'Свойство №66', '89', 949, 1),
	(2087, 'Свойство №83', '19', 949, 2),
	(2088, 'Свойство №25', '453', 950, 5),
	(2089, 'Свойство №37', '997', 950, 2),
	(2090, 'Свойство №5', '759', 950, 1),
	(2091, 'Свойство №66', '637', 950, 4),
	(2092, 'Свойство №0', '96', 951, 1),
	(2093, 'Свойство №29', '652', 951, 3),
	(2094, 'Свойство №14', '506', 951, 1),
	(2095, 'Свойство №59', '28', 952, 3),
	(2096, 'Свойство №46', '142', 952, 5),
	(2097, 'Свойство №52', '388', 953, 2),
	(2098, 'Свойство №85', '146', 953, 5),
	(2099, 'Свойство №42', '943', 953, 3),
	(2100, 'Свойство №56', '770', 954, 2),
	(2101, 'Свойство №87', '600', 954, 1),
	(2102, 'Свойство №72', '582', 954, 4),
	(2103, 'Свойство №1', '10', 955, 5),
	(2104, 'Свойство №48', '986', 955, 4),
	(2105, 'Свойство №90', '914', 955, 2),
	(2106, 'Свойство №50', '695', 956, 3),
	(2107, 'Свойство №66', '893', 956, 3),
	(2108, 'Свойство №39', '153', 956, 3),
	(2109, 'Свойство №21', '225', 956, 5),
	(2110, 'Свойство №88', '163', 956, 5),
	(2111, 'Свойство №26', '559', 957, 1),
	(2112, 'Свойство №90', '720', 957, 2),
	(2113, 'Свойство №24', '719', 957, 1),
	(2114, 'Свойство №94', '444', 959, 4),
	(2115, 'Свойство №68', '136', 959, 4),
	(2116, 'Свойство №24', '2', 959, 2),
	(2117, 'Свойство №80', '454', 960, 3),
	(2118, 'Свойство №0', '301', 960, 3),
	(2119, 'Свойство №1', '965', 962, 1),
	(2120, 'Свойство №26', '734', 963, 3),
	(2121, 'Свойство №21', '389', 963, 4),
	(2122, 'Свойство №8', '514', 964, 2),
	(2123, 'Свойство №97', '969', 964, 1),
	(2124, 'Свойство №78', '125', 965, 1),
	(2125, 'Свойство №60', '323', 965, 2),
	(2126, 'Свойство №25', '827', 965, 3),
	(2127, 'Свойство №73', '617', 966, 3),
	(2128, 'Свойство №2', '305', 966, 2),
	(2129, 'Свойство №7', '499', 967, 5),
	(2130, 'Свойство №13', '308', 967, 5),
	(2131, 'Свойство №41', '838', 967, 4),
	(2132, 'Свойство №69', '761', 968, 3),
	(2133, 'Свойство №8', '963', 968, 2),
	(2134, 'Свойство №39', '894', 969, 5),
	(2135, 'Свойство №28', '915', 969, 4),
	(2136, 'Свойство №8', '188', 969, 5),
	(2137, 'Свойство №35', '145', 971, 2),
	(2138, 'Свойство №57', '712', 971, 3),
	(2139, 'Свойство №51', '962', 971, 5),
	(2140, 'Свойство №23', '314', 971, 4),
	(2141, 'Свойство №96', '162', 972, 3),
	(2142, 'Свойство №20', '172', 972, 5),
	(2143, 'Свойство №73', '787', 972, 5),
	(2144, 'Свойство №80', '852', 972, 2),
	(2145, 'Свойство №95', '438', 973, 3),
	(2146, 'Свойство №15', '567', 974, 2),
	(2147, 'Свойство №25', '577', 976, 4),
	(2148, 'Свойство №49', '530', 977, 4),
	(2149, 'Свойство №27', '755', 977, 1),
	(2150, 'Свойство №38', '641', 977, 5),
	(2151, 'Свойство №79', '176', 978, 3),
	(2152, 'Свойство №12', '243', 979, 1),
	(2153, 'Свойство №91', '812', 979, 1),
	(2154, 'Свойство №98', '607', 979, 4),
	(2155, 'Свойство №3', '65', 980, 5),
	(2156, 'Свойство №4', '360', 980, 4),
	(2157, 'Свойство №64', '552', 980, 4),
	(2158, 'Свойство №9', '333', 981, 4),
	(2159, 'Свойство №7', '391', 982, 4),
	(2160, 'Свойство №70', '326', 982, 3),
	(2161, 'Свойство №7', '643', 982, 1),
	(2162, 'Свойство №35', '938', 982, 2),
	(2163, 'Свойство №60', '364', 983, 3),
	(2164, 'Свойство №98', '285', 983, 1),
	(2165, 'Свойство №21', '613', 983, 5),
	(2166, 'Свойство №10', '421', 983, 4),
	(2167, 'Свойство №48', '990', 985, 5),
	(2168, 'Свойство №93', '334', 985, 5),
	(2169, 'Свойство №47', '863', 986, 5),
	(2170, 'Свойство №94', '43', 986, 5),
	(2171, 'Свойство №67', '333', 986, 2),
	(2172, 'Свойство №67', '805', 988, 3),
	(2173, 'Свойство №21', '978', 988, 5),
	(2174, 'Свойство №45', '454', 988, 1),
	(2175, 'Свойство №77', '980', 990, 5),
	(2176, 'Свойство №27', '576', 990, 2),
	(2177, 'Свойство №69', '817', 990, 4),
	(2178, 'Свойство №76', '773', 990, 4),
	(2179, 'Свойство №12', '863', 991, 1),
	(2180, 'Свойство №85', '509', 991, 1),
	(2181, 'Свойство №70', '268', 991, 3),
	(2182, 'Свойство №9', '615', 991, 4),
	(2183, 'Свойство №3', '344', 991, 4),
	(2184, 'Свойство №28', '69', 992, 5),
	(2185, 'Свойство №82', '611', 992, 5),
	(2186, 'Свойство №43', '493', 993, 2),
	(2187, 'Свойство №97', '630', 993, 2),
	(2188, 'Свойство №43', '506', 993, 4),
	(2189, 'Свойство №57', '26', 993, 2),
	(2190, 'Свойство №48', '371', 994, 2),
	(2191, 'Свойство №58', '734', 994, 5),
	(2192, 'Свойство №28', '656', 994, 5),
	(2193, 'Свойство №14', '427', 996, 2),
	(2194, 'Свойство №83', '189', 996, 4),
	(2195, 'Свойство №33', '574', 996, 4),
	(2196, 'Свойство №34', '898', 996, 4),
	(2197, 'Свойство №87', '421', 997, 4),
	(2198, 'Свойство №20', '797', 997, 2),
	(2199, 'Свойство №34', '980', 997, 4),
	(2200, 'Свойство №41', '996', 998, 5),
	(2201, 'Свойство №39', '238', 998, 1),
	(2202, 'Свойство №46', '106', 999, 5),
	(2203, 'Свойство №23', '636', 999, 2),
	(2204, 'Свойство №90', '27', 1000, 5),
	(2205, 'Свойство №86', '325', 1000, 5),
	(2206, 'Свойство №8', '217', 1000, 1),
	(2207, 'Свойство №72', '298', 1001, 2),
	(2208, 'Свойство №75', '932', 1001, 4),
	(2209, 'Свойство №92', '517', 1002, 5),
	(2210, 'Свойство №81', '574', 1002, 2),
	(2211, 'Свойство №15', '81', 1002, 5),
	(2212, 'Свойство №96', '562', 1002, 1),
	(2213, 'Свойство №43', '631', 1002, 2),
	(2214, 'Свойство №12', '52', 1003, 4),
	(2215, 'Свойство №47', '872', 1003, 3),
	(2216, 'Свойство №35', '768', 1004, 2),
	(2217, 'Свойство №36', '936', 1004, 3),
	(2218, 'Свойство №82', '359', 1005, 1),
	(2219, 'Свойство №40', '850', 1005, 3),
	(2220, 'Свойство №53', '837', 1006, 1),
	(2221, 'Свойство №58', '758', 1006, 4),
	(2222, 'Свойство №18', '113', 1007, 4),
	(2223, 'Свойство №33', '850', 1007, 5),
	(2224, 'Свойство №93', '470', 1007, 5),
	(2225, 'Свойство №59', '183', 1008, 2);
/*!40000 ALTER TABLE `product_properties` ENABLE KEYS */;


-- Дамп структуры для таблица ecom.product_variants
CREATE TABLE IF NOT EXISTS `product_variants` (
  `id` int(11) NOT NULL AUTO_INCREMENT,
  `name` longtext NOT NULL,
  `default_value` longtext,
  `product_id` int(11) NOT NULL,
  `unit_id` int(11) DEFAULT NULL,
  PRIMARY KEY (`id`),
  KEY `FK_product_variants_units` (`unit_id`),
  KEY `FK_product_variants_products` (`product_id`),
  CONSTRAINT `FK_product_variants_products` FOREIGN KEY (`product_id`) REFERENCES `products` (`id`) ON DELETE CASCADE ON UPDATE CASCADE,
  CONSTRAINT `FK_product_variants_units` FOREIGN KEY (`unit_id`) REFERENCES `units` (`id`) ON UPDATE CASCADE
) ENGINE=InnoDB AUTO_INCREMENT=5 DEFAULT CHARSET=utf8;

-- Дамп данных таблицы ecom.product_variants: ~4 rows (приблизительно)
DELETE FROM `product_variants`;
/*!40000 ALTER TABLE `product_variants` DISABLE KEYS */;
INSERT INTO `product_variants` (`id`, `name`, `default_value`, `product_id`, `unit_id`) VALUES
	(1, 'Количество ног', '4', 1, 2),
	(2, 'Вес', '80', 1, 4),
	(3, 'Цвет', '', 1, NULL),
	(4, 'Расцветка', NULL, 1, NULL);
/*!40000 ALTER TABLE `product_variants` ENABLE KEYS */;


-- Дамп структуры для таблица ecom.product_variant_options
CREATE TABLE IF NOT EXISTS `product_variant_options` (
  `id` int(11) NOT NULL AUTO_INCREMENT,
  `value` longtext NOT NULL,
  `variant_id` int(11) NOT NULL,
  `unit_id` int(11) NOT NULL,
  PRIMARY KEY (`id`),
  KEY `FK_geflaxxhi6c23isrtyffxp9wi` (`variant_id`),
  KEY `FK_m8q0ptlv4wcfmn7l7ljdknety` (`unit_id`),
  CONSTRAINT `FK_product_variant_options_product_variants` FOREIGN KEY (`variant_id`) REFERENCES `product_variants` (`id`),
  CONSTRAINT `FK_product_variant_options_units` FOREIGN KEY (`unit_id`) REFERENCES `units` (`id`)
) ENGINE=InnoDB AUTO_INCREMENT=6 DEFAULT CHARSET=utf8;

-- Дамп данных таблицы ecom.product_variant_options: ~5 rows (приблизительно)
DELETE FROM `product_variant_options`;
/*!40000 ALTER TABLE `product_variant_options` DISABLE KEYS */;
INSERT INTO `product_variant_options` (`id`, `value`, `variant_id`, `unit_id`) VALUES
	(1, 'Красный', 3, 1),
	(2, 'Зеленый', 3, 1),
	(3, 'Синий', 3, 1),
	(4, 'В клетку', 4, 1),
	(5, 'В полоску', 4, 1);
/*!40000 ALTER TABLE `product_variant_options` ENABLE KEYS */;


-- Дамп структуры для таблица ecom.roles
CREATE TABLE IF NOT EXISTS `roles` (
  `id` int(11) NOT NULL AUTO_INCREMENT,
  `name` varchar(32) NOT NULL,
  `description` text,
  PRIMARY KEY (`id`)
) ENGINE=InnoDB AUTO_INCREMENT=5 DEFAULT CHARSET=utf8;

-- Дамп данных таблицы ecom.roles: ~4 rows (приблизительно)
DELETE FROM `roles`;
/*!40000 ALTER TABLE `roles` DISABLE KEYS */;
INSERT INTO `roles` (`id`, `name`, `description`) VALUES
	(1, 'GUEST', 'Просмотр товаров, заполнение корзины'),
	(2, 'USER', 'Заказ товаров'),
	(3, 'MANAGER', 'Обработка заказов'),
	(4, 'ADMIN', 'Редактирование товаров и статей');
/*!40000 ALTER TABLE `roles` ENABLE KEYS */;


-- Дамп структуры для таблица ecom.site_properties
CREATE TABLE IF NOT EXISTS `site_properties` (
  `name` varchar(128) NOT NULL,
  `value` longtext,
  PRIMARY KEY (`name`)
) ENGINE=InnoDB DEFAULT CHARSET=utf8;

-- Дамп данных таблицы ecom.site_properties: ~10 rows (приблизительно)
DELETE FROM `site_properties`;
/*!40000 ALTER TABLE `site_properties` DISABLE KEYS */;
INSERT INTO `site_properties` (`name`, `value`) VALUES
	('address_city', 'Москва'),
	('address_country', 'Россия'),
	('address_region', 'Москва'),
	('delivery_fixprice_max_days', '7'),
	('delivery_fixprice_min_days', '3'),
	('delivery_fixprice_price', '777'),
	('site_desc', 'Новая восьмисерийная программа Discovery Channel «Как устроена Земля» посвящена группе увлеченных своим делом ученых, отправившихся в путешествие по нашей планете, чтобы найти ответы на самые интересные научные загадки современности.'),
	('site_name', 'Онлайн магазин'),
	('site_price_currency_id', '1'),
	('site_weight_unit_id', '3');
/*!40000 ALTER TABLE `site_properties` ENABLE KEYS */;


-- Дамп структуры для таблица ecom.slider_pictures
CREATE TABLE IF NOT EXISTS `slider_pictures` (
  `id` int(11) NOT NULL AUTO_INCREMENT,
  `picture_id` int(11) NOT NULL,
  `href` varchar(4096) DEFAULT NULL,
  PRIMARY KEY (`id`),
  KEY `FK_slider_pictures_pictures` (`picture_id`),
  CONSTRAINT `FK_slider_pictures_pictures` FOREIGN KEY (`picture_id`) REFERENCES `pictures` (`id`)
) ENGINE=InnoDB AUTO_INCREMENT=7 DEFAULT CHARSET=utf8;

-- Дамп данных таблицы ecom.slider_pictures: ~6 rows (приблизительно)
DELETE FROM `slider_pictures`;
/*!40000 ALTER TABLE `slider_pictures` DISABLE KEYS */;
INSERT INTO `slider_pictures` (`id`, `picture_id`, `href`) VALUES
	(1, 34, '/products/845bdf56-ae83-455e-ac63-c6f7b9b6703f'),
	(2, 35, 'http://ru.wikipedia.org/wiki/%D0%9C%D1%83%D1%80%D0%B0%D0%B2%D1%8C%D0%B8%D0%BD%D1%8B%D0%B9_%D0%B0%D0%BB%D0%B3%D0%BE%D1%80%D0%B8%D1%82%D0%BC'),
	(3, 36, 'https://www.google.ru/'),
	(4, 37, '/products/172f5784-18af-4b7c-8e3c-c8953a451930'),
	(5, 38, '/static/pay'),
	(6, 39, 'http://seasonvar.ru/serial-1070-Spetcagent_Archer-1-season.html');
/*!40000 ALTER TABLE `slider_pictures` ENABLE KEYS */;


-- Дамп структуры для таблица ecom.static_page
CREATE TABLE IF NOT EXISTS `static_page` (
  `id` int(11) NOT NULL AUTO_INCREMENT,
  `creation_date` datetime DEFAULT NULL,
  `html_content` longtext NOT NULL,
  `title` longtext NOT NULL,
  `url_name` varchar(128) NOT NULL,
  `pict_id` int(11) DEFAULT NULL,
  PRIMARY KEY (`id`),
  KEY `FK_ggsfbrcmbayddphjc2c2xpft4` (`pict_id`),
  CONSTRAINT `FK_ggsfbrcmbayddphjc2c2xpft4` FOREIGN KEY (`pict_id`) REFERENCES `pictures` (`id`)
) ENGINE=InnoDB AUTO_INCREMENT=2 DEFAULT CHARSET=utf8;

-- Дамп данных таблицы ecom.static_page: ~1 rows (приблизительно)
DELETE FROM `static_page`;
/*!40000 ALTER TABLE `static_page` DISABLE KEYS */;
INSERT INTO `static_page` (`id`, `creation_date`, `html_content`, `title`, `url_name`, `pict_id`) VALUES
	(1, '2014-01-19 11:52:57', 'If you\'re inside a front contoller servlet which is mapped on a prefix pattern, then you can just use HttpServletRequest#getPathInfo().\r\n\r\nString pathInfo = request.getPathInfo();\r\n// ...\r\nAssuming that the servlet in your example is mapped on /secure, then this will return /users which would be the information of sole interest inside a typical front controller servlet.\r\n\r\nIf the servlet is however mapped on a suffix pattern (your URL examples however does not indicate that this is the case), or when you\'re actually inside a filter (when the to-be-invoked servlet is not necessarily determined yet, so getPathInfo() could return null), then your best bet is to substring the request URI yourself based on the context path\'s length using the usual String method:\r\n\r\nHttpServletRequest request = (HttpServletRequest) req;\r\nString path = request.getRequestURI().substring(request.getContextPath().length());\r\n// ...\r\nUpdate: since some ignorant people keep complaining that getPathInfo() didn\'t work for them as in, it returns null everytime, here\'s an addition: the path info only returns a non-null value when you\'re inside a servlet (not a servlet filter) which is mapped on a prefix pattern like /foo/* (not a suffix/exact pattern like *.foo or /foo). Exactly like as stated in the 1st paragraph of the this answer. It\'s not known in a servlet filter for the simple reason because it\'s at that point not determined yet which servlet will ultimately be hit. It\'s not available in prefix/exact pattern matching for the simple reason because it\'s not a path pattern matching syntax. In that case, use getRequestURI() or getServletPath() instead, depending on the functional requirements.', 'ффывйцвй вйцувй ц', 'pay', NULL);
/*!40000 ALTER TABLE `static_page` ENABLE KEYS */;


-- Дамп структуры для таблица ecom.units
CREATE TABLE IF NOT EXISTS `units` (
  `id` int(11) NOT NULL AUTO_INCREMENT,
  `abbr` varchar(16) NOT NULL,
  `name` varchar(128) DEFAULT NULL,
  `rate` int(11) NOT NULL DEFAULT '1',
  PRIMARY KEY (`id`)
) ENGINE=InnoDB AUTO_INCREMENT=6 DEFAULT CHARSET=utf8;

-- Дамп данных таблицы ecom.units: ~5 rows (приблизительно)
DELETE FROM `units`;
/*!40000 ALTER TABLE `units` DISABLE KEYS */;
INSERT INTO `units` (`id`, `abbr`, `name`, `rate`) VALUES
	(1, 'empty', NULL, 1),
	(2, 'count', 'шт', 1),
	(3, 'г.', 'грамм', 1),
	(4, 'kg', 'кг', 1000),
	(5, 'mm', 'мм', 1);
/*!40000 ALTER TABLE `units` ENABLE KEYS */;


-- Дамп структуры для таблица ecom.users
CREATE TABLE IF NOT EXISTS `users` (
  `id` int(11) NOT NULL AUTO_INCREMENT,
  `login` varchar(32) NOT NULL,
  `email` varchar(256) NOT NULL,
  `hash_passord` varchar(256) NOT NULL,
  `confirmed_flag` bit(1) NOT NULL DEFAULT b'0',
  `confirmed_code` varchar(256) NOT NULL,
  PRIMARY KEY (`id`)
) ENGINE=InnoDB AUTO_INCREMENT=16 DEFAULT CHARSET=utf8;

-- Дамп данных таблицы ecom.users: ~9 rows (приблизительно)
DELETE FROM `users`;
/*!40000 ALTER TABLE `users` DISABLE KEYS */;
INSERT INTO `users` (`id`, `login`, `email`, `hash_passord`, `confirmed_flag`, `confirmed_code`) VALUES
	(5, 'admin', 'admin@e.com', 'HkqHYBEQOXrwCG2EpUGQxg==', b'1', '0'),
	(6, 'qwe@aaa.ru', 'qwe@aaa.ru', 'Zq4p+L9yHQc7arfBfQgyUg==', b'0', '0'),
	(7, 'qwe1@aaa.ru', 'qwe1@aaa.ru', 'S5pa7DLFDiEUfp5QDb1DKA==', b'0', '0'),
	(8, 'qwe2@aaa.ru', 'qwe2@aaa.ru', 'S5pa7DLFDiEUfp5QDb1DKA==', b'0', '0'),
	(9, 'qwe3@aaa.ru', 'qwe3@aaa.ru', 'DCjrYh1rvAZRvgjMocGMrg==', b'0', '0'),
	(10, 'qwe4@aaa.ru', 'qwe4@aaa.ru', 'DCjrYh1rvAZRvgjMocGMrg==', b'0', '0'),
	(11, 'qwe5@aaa.ru', 'qwe5@aaa.ru', 'S5pa7DLFDiEUfp5QDb1DKA==', b'0', '0'),
	(14, 'qwe11@aaa.ru', 'qwe11@aaa.ru', 'S5pa7DLFDiEUfp5QDb1DKA==', b'0', '0'),
	(15, 'qwe22@aaa.ru', 'qwe22@aaa.ru', 'DCjrYh1rvAZRvgjMocGMrg==', b'0', '0');
/*!40000 ALTER TABLE `users` ENABLE KEYS */;


-- Дамп структуры для таблица ecom.user_roles
CREATE TABLE IF NOT EXISTS `user_roles` (
  `id` int(11) NOT NULL AUTO_INCREMENT,
  `user_id` int(11) NOT NULL,
  `role_id` int(11) NOT NULL,
  PRIMARY KEY (`id`)
) ENGINE=InnoDB AUTO_INCREMENT=5 DEFAULT CHARSET=utf8;

-- Дамп данных таблицы ecom.user_roles: ~3 rows (приблизительно)
DELETE FROM `user_roles`;
/*!40000 ALTER TABLE `user_roles` DISABLE KEYS */;
INSERT INTO `user_roles` (`id`, `user_id`, `role_id`) VALUES
	(2, 5, 4),
	(3, 5, 2),
	(4, 5, 3);
/*!40000 ALTER TABLE `user_roles` ENABLE KEYS */;
/*!40101 SET SQL_MODE=IFNULL(@OLD_SQL_MODE, '') */;
/*!40014 SET FOREIGN_KEY_CHECKS=IF(@OLD_FOREIGN_KEY_CHECKS IS NULL, 1, @OLD_FOREIGN_KEY_CHECKS) */;
/*!40101 SET CHARACTER_SET_CLIENT=@OLD_CHARACTER_SET_CLIENT */;
